15:45:34 | INFO    | eda.router             | [root] router created cells=6185 search=bfs
15:45:34 | INFO    | eda.router             | [root] router field cols=[-78..328] rows=[-43..187]
15:45:34 | INFO    | eda.router             | [root] routing nets=109
15:45:34 | DEBUG   | eda.router             | [root] [VCC_12V] pins=X_PWR:VCC_12V, X_SEN_CABIN:VCC_12V, X_OUT:VCC_12V, X_ACT:VCC_12V, X_PWR:VCC_12V, X_SEN_CABIN:VCC_12V, X_OUT:VCC_12V, X_ACT:VCC_12V
15:45:34 | INFO    | eda.router             | [root] [VCC_12V] [X_PWR] [VCC_12V] connect X_PWR:VCC_12V → X_SEN_CABIN:VCC_12V
15:45:34 | DEBUG   | eda.router             | [root] [VCC_12V] bfs Cell(col=19, row=79) → Cell(col=151, row=26)
15:45:34 | DEBUG   | eda.router             | [root] [VCC_12V] bfs done steps=44269 cells=186
15:45:34 | INFO    | eda.router             | [root] [VCC_12V] [X_PWR] [VCC_12V] stub_in page=(3.81,100.33) dir=right steps=1 tip=Cell(col=19, row=79) tip_page=(24.13,100.33)
15:45:34 | INFO    | eda.router             | [root] [VCC_12V] [X_PWR] [VCC_12V] route right ×7, up ×15, right ×125, up ×38
15:45:34 | INFO    | eda.router             | [root] [VCC_12V] [X_PWR] [VCC_12V] wire X_PWR:VCC_12V -> X_SEN_CABIN:VCC_12V segments=4 cells=188
15:45:34 | INFO    | eda.router             | [root] [VCC_12V] [X_SEN_CABIN] [VCC_12V] stub_out page=(171.45,33.02) dir=right steps=1 tip=Cell(col=151, row=26) tip_page=(191.77,33.02)
15:45:34 | INFO    | eda.router             | [root] [VCC_12V] [X_SEN_CABIN] [VCC_12V] route right ×7, up ×15, right ×125, up ×38
15:45:34 | INFO    | eda.router             | [root] [VCC_12V] [X_SEN_CABIN] [VCC_12V] wire X_PWR:VCC_12V -> X_SEN_CABIN:VCC_12V segments=4 cells=188
15:45:34 | INFO    | eda.router             | [root] [VCC_12V] [X_PWR] [VCC_12V] ok segments=4
15:45:34 | INFO    | eda.router             | [root] [VCC_12V] [X_OUT] [VCC_12V] t_connect
15:45:34 | DEBUG   | eda.router             | [root] [VCC_12V] [X_OUT] [VCC_12V] t_connect candidates=189 tries=5
15:45:34 | DEBUG   | eda.router             | [root] [VCC_12V] bfs Cell(col=79, row=24) → Cell(col=79, row=64)
15:45:34 | DEBUG   | eda.router             | [root] [VCC_12V] bfs done steps=2697 cells=41
15:45:34 | INFO    | eda.router             | [root] [VCC_12V] [X_OUT] [VCC_12V] t_junction target=Cell(col=79, row=64) try=1
15:45:34 | INFO    | eda.router             | [root] [VCC_12V] [X_OUT] [VCC_12V] stub_in page=(80.01,30.48) dir=right steps=1 tip=Cell(col=79, row=24) tip_page=(100.33,30.48)
15:45:34 | INFO    | eda.router             | [root] [VCC_12V] [X_OUT] [VCC_12V] route down ×40
15:45:34 | INFO    | eda.router             | [root] [VCC_12V] [X_OUT] [VCC_12V] wire X_OUT:VCC_12V -> T segments=1 cells=42
15:45:34 | INFO    | eda.router             | [root] [-] [X_OUT] [VCC_12V] t_junction recorded net=VCC_12V target=Cell(col=79, row=64) host=X_PWR:VCC_12V -> X_SEN_CABIN:VCC_12V
15:45:34 | INFO    | eda.router             | [root] [VCC_12V] [X_OUT] [VCC_12V] ok t_junction=?
15:45:34 | INFO    | eda.router             | [root] [VCC_12V] [X_ACT] [VCC_12V] t_connect
15:45:34 | DEBUG   | eda.router             | [root] [VCC_12V] [X_ACT] [VCC_12V] t_connect candidates=230 tries=5
15:45:34 | DEBUG   | eda.router             | [root] [VCC_12V] bfs Cell(col=49, row=5) → Cell(col=79, row=24)
15:45:34 | DEBUG   | eda.router             | [root] [VCC_12V] bfs done steps=3718 cells=50
15:45:34 | INFO    | eda.router             | [root] [VCC_12V] [X_ACT] [VCC_12V] t_junction target=Cell(col=79, row=24) try=1
15:45:34 | INFO    | eda.router             | [root] [VCC_12V] [X_ACT] [VCC_12V] stub_in page=(41.91,6.35) dir=right steps=1 tip=Cell(col=49, row=5) tip_page=(62.23,6.35)
15:45:34 | INFO    | eda.router             | [root] [VCC_12V] [X_ACT] [VCC_12V] route right ×30, down ×19
15:45:34 | INFO    | eda.router             | [root] [VCC_12V] [X_ACT] [VCC_12V] wire X_ACT:VCC_12V -> T segments=2 cells=51
15:45:34 | INFO    | eda.router             | [root] [-] [X_ACT] [VCC_12V] t_junction recorded net=VCC_12V target=Cell(col=79, row=24) host=X_OUT:VCC_12V -> T
15:45:34 | INFO    | eda.router             | [root] [VCC_12V] [X_ACT] [VCC_12V] ok t_junction=?
15:45:34 | INFO    | eda.router             | [root] [VCC_12V] [X_PWR] [VCC_12V] t_connect
15:45:34 | DEBUG   | eda.router             | [root] [VCC_12V] [X_PWR] [VCC_12V] t_connect candidates=281 tries=5
15:45:34 | DEBUG   | eda.router             | [root] [VCC_12V] bfs Cell(col=3, row=79) → Cell(col=19, row=79)
15:45:34 | DEBUG   | eda.router             | [root] [VCC_12V] bfs done steps=775 cells=25
15:45:34 | INFO    | eda.router             | [root] [VCC_12V] [X_PWR] [VCC_12V] t_junction target=Cell(col=19, row=79) try=1
15:45:34 | INFO    | eda.router             | [root] [VCC_12V] [X_PWR] [VCC_12V] route left ×1, up ×3, right ×17, down ×3
15:45:34 | INFO    | eda.router             | [root] [VCC_12V] [X_PWR] [VCC_12V] wire X_PWR:VCC_12V -> T segments=4 cells=25
15:45:34 | INFO    | eda.router             | [root] [-] [X_PWR] [VCC_12V] t_junction recorded net=VCC_12V target=Cell(col=19, row=79) host=X_PWR:VCC_12V -> X_SEN_CABIN:VCC_12V
15:45:34 | INFO    | eda.router             | [root] [VCC_12V] [X_PWR] [VCC_12V] ok t_junction=?
15:45:34 | INFO    | eda.router             | [root] [VCC_12V] [X_SEN_CABIN] [VCC_12V] t_connect
15:45:34 | DEBUG   | eda.router             | [root] [VCC_12V] [X_SEN_CABIN] [VCC_12V] t_connect candidates=309 tries=5
15:45:34 | DEBUG   | eda.router             | [root] [VCC_12V] bfs Cell(col=152, row=26) → Cell(col=151, row=26)
15:45:34 | DEBUG   | eda.router             | [root] [VCC_12V] bfs done steps=3 cells=2
15:45:34 | INFO    | eda.router             | [root] [VCC_12V] [X_SEN_CABIN] [VCC_12V] t_junction target=Cell(col=151, row=26) try=1
15:45:34 | INFO    | eda.router             | [root] [VCC_12V] [X_SEN_CABIN] [VCC_12V] stub_in page=(171.45,33.02) dir=right steps=2 tip=Cell(col=152, row=26) tip_page=(193.04,33.02)
15:45:34 | INFO    | eda.router             | [root] [VCC_12V] [X_SEN_CABIN] [VCC_12V] route left ×1
15:45:34 | INFO    | eda.router             | [root] [VCC_12V] [X_SEN_CABIN] [VCC_12V] wire X_SEN_CABIN:VCC_12V -> T segments=1 cells=4
15:45:34 | INFO    | eda.router             | [root] [-] [X_SEN_CABIN] [VCC_12V] t_junction recorded net=VCC_12V target=Cell(col=151, row=26) host=X_PWR:VCC_12V -> X_SEN_CABIN:VCC_12V
15:45:34 | INFO    | eda.router             | [root] [VCC_12V] [X_SEN_CABIN] [VCC_12V] ok t_junction=?
15:45:34 | INFO    | eda.router             | [root] [VCC_12V] [X_OUT] [VCC_12V] t_connect
15:45:34 | DEBUG   | eda.router             | [root] [VCC_12V] [X_OUT] [VCC_12V] t_connect candidates=311 tries=5
15:45:34 | DEBUG   | eda.router             | [root] [VCC_12V] bfs Cell(col=80, row=24) → Cell(col=79, row=24)
15:45:34 | DEBUG   | eda.router             | [root] [VCC_12V] bfs done steps=3 cells=2
15:45:34 | INFO    | eda.router             | [root] [VCC_12V] [X_OUT] [VCC_12V] t_junction target=Cell(col=79, row=24) try=1
15:45:34 | INFO    | eda.router             | [root] [VCC_12V] [X_OUT] [VCC_12V] stub_in page=(80.01,30.48) dir=right steps=2 tip=Cell(col=80, row=24) tip_page=(101.60,30.48)
15:45:34 | INFO    | eda.router             | [root] [VCC_12V] [X_OUT] [VCC_12V] route left ×1
15:45:34 | INFO    | eda.router             | [root] [VCC_12V] [X_OUT] [VCC_12V] wire X_OUT:VCC_12V -> T segments=1 cells=4
15:45:34 | INFO    | eda.router             | [root] [-] [X_OUT] [VCC_12V] t_junction recorded net=VCC_12V target=Cell(col=79, row=24) host=X_OUT:VCC_12V -> T
15:45:34 | INFO    | eda.router             | [root] [VCC_12V] [X_OUT] [VCC_12V] ok t_junction=?
15:45:34 | INFO    | eda.router             | [root] [VCC_12V] [X_ACT] [VCC_12V] t_connect
15:45:34 | DEBUG   | eda.router             | [root] [VCC_12V] [X_ACT] [VCC_12V] t_connect candidates=313 tries=5
15:45:34 | DEBUG   | eda.router             | [root] [VCC_12V] bfs Cell(col=33, row=5) → Cell(col=49, row=5)
15:45:34 | DEBUG   | eda.router             | [root] [VCC_12V] bfs done steps=775 cells=25
15:45:34 | INFO    | eda.router             | [root] [VCC_12V] [X_ACT] [VCC_12V] t_junction target=Cell(col=49, row=5) try=1
15:45:34 | INFO    | eda.router             | [root] [VCC_12V] [X_ACT] [VCC_12V] route left ×1, up ×3, right ×17, down ×3
15:45:34 | INFO    | eda.router             | [root] [VCC_12V] [X_ACT] [VCC_12V] wire X_ACT:VCC_12V -> T segments=4 cells=25
15:45:34 | INFO    | eda.router             | [root] [-] [X_ACT] [VCC_12V] t_junction recorded net=VCC_12V target=Cell(col=49, row=5) host=X_ACT:VCC_12V -> T
15:45:34 | INFO    | eda.router             | [root] [VCC_12V] [X_ACT] [VCC_12V] ok t_junction=?
15:45:34 | DEBUG   | eda.router             | [root] [VCC_12V] rss=121.4 net_wires=7 total_wires=7
15:45:34 | DEBUG   | eda.router             | [root] [VCC_5V] pins=X_CAN:VCC_5V, X_PWR:VCC_5V, X_CAN:VCC_5V, X_PWR:VCC_5V
15:45:34 | INFO    | eda.router             | [root] [VCC_5V] [X_CAN] [VCC_5V] connect X_CAN:VCC_5V → X_PWR:VCC_5V
15:45:34 | DEBUG   | eda.router             | [root] [VCC_5V] bfs Cell(col=175, row=24) → Cell(col=19, row=81)
15:45:34 | DEBUG   | eda.router             | [root] [VCC_5V] bfs done steps=57858 cells=214
15:45:34 | WARNING | eda.router             | [root] [VCC_5V] OCCUPY_OVERLAP cell=Cell(col=151, row=38) existing_net=VCC_12V new_net=VCC_5V existing_wire=X_PWR:VCC_12V -> X_SEN_CABIN:VCC_12V new_wire=X_CAN:VCC_5V -> X_PWR:VCC_5V
15:45:34 | WARNING | eda.router             | [root] [VCC_5V] OCCUPY_OVERLAP cell=Cell(col=79, row=38) existing_net=VCC_12V new_net=VCC_5V existing_wire=X_OUT:VCC_12V -> T new_wire=X_CAN:VCC_5V -> X_PWR:VCC_5V
15:45:34 | WARNING | eda.router             | [root] [VCC_5V] OCCUPY_OVERLAP cell=Cell(col=21, row=79) existing_net=VCC_12V new_net=VCC_5V existing_wire=X_PWR:VCC_12V -> X_SEN_CABIN:VCC_12V new_wire=X_CAN:VCC_5V -> X_PWR:VCC_5V
15:45:34 | INFO    | eda.router             | [root] [VCC_5V] [X_CAN] [VCC_5V] stub_in page=(201.93,30.48) dir=right steps=1 tip=Cell(col=175, row=24) tip_page=(222.25,30.48)
15:45:34 | INFO    | eda.router             | [root] [VCC_5V] [X_CAN] [VCC_5V] route down ×14, left ×126, down ×19, left ×28, down ×24, left ×2
15:45:34 | INFO    | eda.router             | [root] [VCC_5V] [X_CAN] [VCC_5V] wire X_CAN:VCC_5V -> X_PWR:VCC_5V segments=6 cells=216
15:45:34 | INFO    | eda.router             | [root] [VCC_5V] [X_PWR] [VCC_5V] stub_out page=(3.81,102.87) dir=right steps=1 tip=Cell(col=19, row=81) tip_page=(24.13,102.87)
15:45:34 | INFO    | eda.router             | [root] [VCC_5V] [X_PWR] [VCC_5V] route down ×14, left ×126, down ×19, left ×28, down ×24, left ×2
15:45:34 | INFO    | eda.router             | [root] [VCC_5V] [X_PWR] [VCC_5V] wire X_CAN:VCC_5V -> X_PWR:VCC_5V segments=6 cells=216
15:45:34 | INFO    | eda.router             | [root] [VCC_5V] [X_CAN] [VCC_5V] ok segments=6
15:45:34 | INFO    | eda.router             | [root] [VCC_5V] [X_CAN] [VCC_5V] t_connect
15:45:34 | DEBUG   | eda.router             | [root] [VCC_5V] [X_CAN] [VCC_5V] t_connect candidates=219 tries=5
15:45:34 | DEBUG   | eda.router             | [root] [VCC_5V] bfs Cell(col=176, row=24) → Cell(col=175, row=24)
15:45:34 | DEBUG   | eda.router             | [root] [VCC_5V] bfs done steps=3 cells=2
15:45:34 | INFO    | eda.router             | [root] [VCC_5V] [X_CAN] [VCC_5V] t_junction target=Cell(col=175, row=24) try=1
15:45:34 | INFO    | eda.router             | [root] [VCC_5V] [X_CAN] [VCC_5V] stub_in page=(201.93,30.48) dir=right steps=2 tip=Cell(col=176, row=24) tip_page=(223.52,30.48)
15:45:34 | INFO    | eda.router             | [root] [VCC_5V] [X_CAN] [VCC_5V] route left ×1
15:45:34 | INFO    | eda.router             | [root] [VCC_5V] [X_CAN] [VCC_5V] wire X_CAN:VCC_5V -> T segments=1 cells=4
15:45:34 | INFO    | eda.router             | [root] [-] [X_CAN] [VCC_5V] t_junction recorded net=VCC_5V target=Cell(col=175, row=24) host=X_CAN:VCC_5V -> X_PWR:VCC_5V
15:45:34 | INFO    | eda.router             | [root] [VCC_5V] [X_CAN] [VCC_5V] ok t_junction=?
15:45:34 | INFO    | eda.router             | [root] [VCC_5V] [X_PWR] [VCC_5V] t_connect
15:45:34 | DEBUG   | eda.router             | [root] [VCC_5V] [X_PWR] [VCC_5V] t_connect candidates=221 tries=5
15:45:34 | DEBUG   | eda.router             | [root] [VCC_5V] bfs Cell(col=22, row=81) → Cell(col=21, row=81)
15:45:34 | DEBUG   | eda.router             | [root] [VCC_5V] bfs done steps=3 cells=2
15:45:34 | INFO    | eda.router             | [root] [VCC_5V] [X_PWR] [VCC_5V] t_junction target=Cell(col=21, row=81) try=1
15:45:34 | INFO    | eda.router             | [root] [VCC_5V] [X_PWR] [VCC_5V] stub_in page=(3.81,102.87) dir=right steps=4 tip=Cell(col=22, row=81) tip_page=(27.94,102.87)
15:45:34 | INFO    | eda.router             | [root] [VCC_5V] [X_PWR] [VCC_5V] route left ×1
15:45:34 | INFO    | eda.router             | [root] [VCC_5V] [X_PWR] [VCC_5V] wire X_PWR:VCC_5V -> T segments=1 cells=6
15:45:34 | INFO    | eda.router             | [root] [-] [X_PWR] [VCC_5V] t_junction recorded net=VCC_5V target=Cell(col=21, row=81) host=X_CAN:VCC_5V -> X_PWR:VCC_5V
15:45:34 | INFO    | eda.router             | [root] [VCC_5V] [X_PWR] [VCC_5V] ok t_junction=?
15:45:34 | DEBUG   | eda.router             | [root] [VCC_5V] rss=121.4 net_wires=3 total_wires=10
15:45:34 | DEBUG   | eda.router             | [root] [VCC_3V3] pins=C5:1, C6:1, C7:1, C8:1, C9:1, U1:48, U1:64, U1:1, FB1:1, R1:1, J2:1, X_PWR:VCC_3V3, X_UI:VCC_3V3, X_SEN_HEAT:VCC_3V3, U1:19, U1:32, X_PWR:VCC_3V3, X_UI:VCC_3V3, X_SEN_HEAT:VCC_3V3
15:45:34 | INFO    | eda.router             | [root] [VCC_3V3] [C5] [1] connect C5:1 → C6:1
15:45:34 | DEBUG   | eda.router             | [root] [VCC_3V3] bfs Cell(col=184, row=99) → Cell(col=167, row=99)
15:45:34 | DEBUG   | eda.router             | [root] [VCC_3V3] bfs done steps=552 cells=18
15:45:34 | INFO    | eda.router             | [root] [VCC_3V3] [C5] [1] stub_in page=(233.68,127.00) dir=up steps=1 tip=Cell(col=184, row=99) tip_page=(233.68,125.73)
15:45:34 | INFO    | eda.router             | [root] [VCC_3V3] [C5] [1] route left ×17
15:45:34 | INFO    | eda.router             | [root] [VCC_3V3] [C5] [1] wire C5:1 -> C6:1 segments=1 cells=20
15:45:34 | INFO    | eda.router             | [root] [VCC_3V3] [C6] [1] stub_out page=(212.09,127.00) dir=up steps=1 tip=Cell(col=167, row=99) tip_page=(212.09,125.73)
15:45:34 | INFO    | eda.router             | [root] [VCC_3V3] [C6] [1] route left ×17
15:45:34 | INFO    | eda.router             | [root] [VCC_3V3] [C6] [1] wire C5:1 -> C6:1 segments=1 cells=20
15:45:34 | INFO    | eda.router             | [root] [VCC_3V3] [C5] [1] ok segments=1
15:45:34 | INFO    | eda.router             | [root] [VCC_3V3] [C7] [1] t_connect
15:45:34 | DEBUG   | eda.router             | [root] [VCC_3V3] [C7] [1] t_connect candidates=18 tries=5
15:45:34 | DEBUG   | eda.router             | [root] [VCC_3V3] bfs Cell(col=143, row=99) → Cell(col=167, row=99)
15:45:34 | DEBUG   | eda.router             | [root] [VCC_3V3] bfs done steps=1090 cells=25
15:45:34 | INFO    | eda.router             | [root] [VCC_3V3] [C7] [1] t_junction target=Cell(col=167, row=99) try=1
15:45:34 | INFO    | eda.router             | [root] [VCC_3V3] [C7] [1] stub_in page=(181.61,127.00) dir=up steps=1 tip=Cell(col=143, row=99) tip_page=(181.61,125.73)
15:45:34 | INFO    | eda.router             | [root] [VCC_3V3] [C7] [1] route right ×24
15:45:34 | INFO    | eda.router             | [root] [VCC_3V3] [C7] [1] wire C7:1 -> T segments=1 cells=26
15:45:34 | INFO    | eda.router             | [root] [-] [C7] [1] t_junction recorded net=VCC_3V3 target=Cell(col=167, row=99) host=C5:1 -> C6:1
15:45:34 | INFO    | eda.router             | [root] [VCC_3V3] [C7] [1] ok t_junction=?
15:45:34 | INFO    | eda.router             | [root] [VCC_3V3] [C8] [1] t_connect
15:45:34 | DEBUG   | eda.router             | [root] [VCC_3V3] [C8] [1] t_connect candidates=43 tries=5
15:45:34 | DEBUG   | eda.router             | [root] [VCC_3V3] bfs Cell(col=119, row=99) → Cell(col=143, row=99)
15:45:34 | DEBUG   | eda.router             | [root] [VCC_3V3] bfs done steps=1090 cells=25
15:45:34 | INFO    | eda.router             | [root] [VCC_3V3] [C8] [1] t_junction target=Cell(col=143, row=99) try=1
15:45:34 | INFO    | eda.router             | [root] [VCC_3V3] [C8] [1] stub_in page=(151.13,127.00) dir=up steps=1 tip=Cell(col=119, row=99) tip_page=(151.13,125.73)
15:45:34 | INFO    | eda.router             | [root] [VCC_3V3] [C8] [1] route right ×24
15:45:34 | INFO    | eda.router             | [root] [VCC_3V3] [C8] [1] wire C8:1 -> T segments=1 cells=26
15:45:34 | INFO    | eda.router             | [root] [-] [C8] [1] t_junction recorded net=VCC_3V3 target=Cell(col=143, row=99) host=C7:1 -> T
15:45:34 | INFO    | eda.router             | [root] [VCC_3V3] [C8] [1] ok t_junction=?
15:45:34 | INFO    | eda.router             | [root] [VCC_3V3] [C9] [1] t_connect
15:45:34 | DEBUG   | eda.router             | [root] [VCC_3V3] [C9] [1] t_connect candidates=68 tries=5
15:45:34 | DEBUG   | eda.router             | [root] [VCC_3V3] bfs Cell(col=95, row=99) → Cell(col=119, row=99)
15:45:34 | DEBUG   | eda.router             | [root] [VCC_3V3] bfs done steps=1090 cells=25
15:45:34 | INFO    | eda.router             | [root] [VCC_3V3] [C9] [1] t_junction target=Cell(col=119, row=99) try=1
15:45:34 | INFO    | eda.router             | [root] [VCC_3V3] [C9] [1] stub_in page=(120.65,127.00) dir=up steps=1 tip=Cell(col=95, row=99) tip_page=(120.65,125.73)
15:45:34 | INFO    | eda.router             | [root] [VCC_3V3] [C9] [1] route right ×24
15:45:34 | INFO    | eda.router             | [root] [VCC_3V3] [C9] [1] wire C9:1 -> T segments=1 cells=26
15:45:34 | INFO    | eda.router             | [root] [-] [C9] [1] t_junction recorded net=VCC_3V3 target=Cell(col=119, row=99) host=C8:1 -> T
15:45:34 | INFO    | eda.router             | [root] [VCC_3V3] [C9] [1] ok t_junction=?
15:45:34 | INFO    | eda.router             | [root] [VCC_3V3] [U1] [48] t_connect
15:45:34 | DEBUG   | eda.router             | [root] [VCC_3V3] [U1] [48] t_connect candidates=93 tries=5
15:45:34 | DEBUG   | eda.router             | [root] [VCC_3V3] bfs Cell(col=43, row=63) → Cell(col=95, row=99)
15:45:34 | DEBUG   | eda.router             | [root] [VCC_3V3] bfs done steps=11192 cells=91
15:45:34 | INFO    | eda.router             | [root] [VCC_3V3] [U1] [48] t_junction target=Cell(col=95, row=99) try=1
15:45:34 | WARNING | eda.router             | [root] [VCC_3V3] OCCUPY_OVERLAP cell=Cell(col=43, row=64) existing_net=VCC_12V new_net=VCC_3V3 existing_wire=X_PWR:VCC_12V -> X_SEN_CABIN:VCC_12V new_wire=U1:48 -> T
15:45:34 | WARNING | eda.router             | [root] [VCC_3V3] OCCUPY_OVERLAP cell=Cell(col=79, row=62) existing_net=VCC_12V new_net=VCC_3V3 existing_wire=X_OUT:VCC_12V -> T new_wire=U1:48 -> T
15:45:34 | WARNING | eda.router             | [root] [VCC_3V3] OCCUPY_OVERLAP cell=Cell(col=95, row=64) existing_net=VCC_12V new_net=VCC_3V3 existing_wire=X_PWR:VCC_12V -> X_SEN_CABIN:VCC_12V new_wire=U1:48 -> T
15:45:34 | INFO    | eda.router             | [root] [VCC_3V3] [U1] [48] stub_in page=(54.61,82.55) dir=up steps=2 tip=Cell(col=43, row=63) tip_page=(54.61,80.01)
15:45:34 | INFO    | eda.router             | [root] [VCC_3V3] [U1] [48] route up ×1, right ×52, down ×37
15:45:34 | INFO    | eda.router             | [root] [VCC_3V3] [U1] [48] wire U1:48 -> T segments=3 cells=93
15:45:34 | INFO    | eda.router             | [root] [-] [U1] [48] t_junction recorded net=VCC_3V3 target=Cell(col=95, row=99) host=C9:1 -> T
15:45:34 | INFO    | eda.router             | [root] [VCC_3V3] [U1] [48] ok t_junction=?
15:45:34 | INFO    | eda.router             | [root] [VCC_3V3] [U1] [64] t_connect
15:45:34 | DEBUG   | eda.router             | [root] [VCC_3V3] [U1] [64] t_connect candidates=186 tries=5
15:45:34 | DEBUG   | eda.router             | [root] [VCC_3V3] bfs Cell(col=45, row=63) → Cell(col=45, row=62)
15:45:34 | DEBUG   | eda.router             | [root] [VCC_3V3] bfs done steps=2 cells=2
15:45:34 | INFO    | eda.router             | [root] [VCC_3V3] [U1] [64] t_junction target=Cell(col=45, row=62) try=1
15:45:34 | WARNING | eda.router             | [root] [VCC_3V3] OCCUPY_OVERLAP cell=Cell(col=45, row=64) existing_net=VCC_12V new_net=VCC_3V3 existing_wire=X_PWR:VCC_12V -> X_SEN_CABIN:VCC_12V new_wire=U1:64 -> T
15:45:34 | INFO    | eda.router             | [root] [VCC_3V3] [U1] [64] stub_in page=(57.15,82.55) dir=up steps=2 tip=Cell(col=45, row=63) tip_page=(57.15,80.01)
15:45:34 | INFO    | eda.router             | [root] [VCC_3V3] [U1] [64] route up ×1
15:45:34 | INFO    | eda.router             | [root] [VCC_3V3] [U1] [64] wire U1:64 -> T segments=1 cells=4
15:45:34 | INFO    | eda.router             | [root] [-] [U1] [64] t_junction recorded net=VCC_3V3 target=Cell(col=45, row=62) host=U1:48 -> T
15:45:34 | INFO    | eda.router             | [root] [VCC_3V3] [U1] [64] ok t_junction=?
15:45:34 | INFO    | eda.router             | [root] [VCC_3V3] [U1] [1] t_connect
15:45:34 | DEBUG   | eda.router             | [root] [VCC_3V3] [U1] [1] t_connect candidates=188 tries=5
15:45:34 | DEBUG   | eda.router             | [root] [VCC_3V3] bfs Cell(col=37, row=63) → Cell(col=43, row=63)
15:45:34 | DEBUG   | eda.router             | [root] [VCC_3V3] bfs done steps=73 cells=9
15:45:34 | INFO    | eda.router             | [root] [VCC_3V3] [U1] [1] t_junction target=Cell(col=43, row=63) try=1
15:45:34 | WARNING | eda.router             | [root] [VCC_3V3] OCCUPY_OVERLAP cell=Cell(col=37, row=64) existing_net=VCC_12V new_net=VCC_3V3 existing_wire=X_PWR:VCC_12V -> X_SEN_CABIN:VCC_12V new_wire=U1:1 -> T
15:45:34 | INFO    | eda.router             | [root] [VCC_3V3] [U1] [1] stub_in page=(46.99,82.55) dir=up steps=2 tip=Cell(col=37, row=63) tip_page=(46.99,80.01)
15:45:34 | INFO    | eda.router             | [root] [VCC_3V3] [U1] [1] route up ×1, right ×6, down ×1
15:45:34 | INFO    | eda.router             | [root] [VCC_3V3] [U1] [1] wire U1:1 -> T segments=3 cells=11
15:45:34 | INFO    | eda.router             | [root] [-] [U1] [1] t_junction recorded net=VCC_3V3 target=Cell(col=43, row=63) host=U1:48 -> T
15:45:34 | INFO    | eda.router             | [root] [VCC_3V3] [U1] [1] ok t_junction=?
15:45:34 | INFO    | eda.router             | [root] [VCC_3V3] [FB1] [1] t_connect
15:45:34 | DEBUG   | eda.router             | [root] [VCC_3V3] [FB1] [1] t_connect candidates=199 tries=5
15:45:34 | DEBUG   | eda.router             | [root] [VCC_3V3] bfs Cell(col=237, row=99) → Cell(col=184, row=99)
15:45:34 | DEBUG   | eda.router             | [root] [VCC_3V3] bfs done steps=5559 cells=54
15:45:34 | INFO    | eda.router             | [root] [VCC_3V3] [FB1] [1] t_junction target=Cell(col=184, row=99) try=1
15:45:34 | INFO    | eda.router             | [root] [VCC_3V3] [FB1] [1] stub_in page=(300.99,127.00) dir=up steps=1 tip=Cell(col=237, row=99) tip_page=(300.99,125.73)
15:45:34 | INFO    | eda.router             | [root] [VCC_3V3] [FB1] [1] route left ×53
15:45:34 | INFO    | eda.router             | [root] [VCC_3V3] [FB1] [1] wire FB1:1 -> T segments=1 cells=55
15:45:34 | INFO    | eda.router             | [root] [-] [FB1] [1] t_junction recorded net=VCC_3V3 target=Cell(col=184, row=99) host=C5:1 -> C6:1
15:45:34 | INFO    | eda.router             | [root] [VCC_3V3] [FB1] [1] ok t_junction=?
15:45:34 | INFO    | eda.router             | [root] [VCC_3V3] [R1] [1] t_connect
15:45:34 | DEBUG   | eda.router             | [root] [VCC_3V3] [R1] [1] t_connect candidates=253 tries=5
15:45:34 | DEBUG   | eda.router             | [root] [VCC_3V3] bfs Cell(col=211, row=98) → Cell(col=211, row=99)
15:45:34 | DEBUG   | eda.router             | [root] [VCC_3V3] bfs done steps=5 cells=2
15:45:34 | INFO    | eda.router             | [root] [VCC_3V3] [R1] [1] t_junction target=Cell(col=211, row=99) try=1
15:45:34 | INFO    | eda.router             | [root] [VCC_3V3] [R1] [1] stub_in page=(267.97,127.00) dir=up steps=2 tip=Cell(col=211, row=98) tip_page=(267.97,124.46)
15:45:34 | INFO    | eda.router             | [root] [VCC_3V3] [R1] [1] route down ×1
15:45:34 | INFO    | eda.router             | [root] [VCC_3V3] [R1] [1] wire R1:1 -> T segments=1 cells=4
15:45:34 | INFO    | eda.router             | [root] [-] [R1] [1] t_junction recorded net=VCC_3V3 target=Cell(col=211, row=99) host=FB1:1 -> T
15:45:34 | INFO    | eda.router             | [root] [VCC_3V3] [R1] [1] ok t_junction=?
15:45:34 | INFO    | eda.router             | [root] [VCC_3V3] [J2] [1] t_connect
15:45:34 | DEBUG   | eda.router             | [root] [VCC_3V3] [J2] [1] t_connect candidates=255 tries=5
15:45:34 | DEBUG   | eda.router             | [root] [VCC_3V3] bfs Cell(col=71, row=99) → Cell(col=95, row=99)
15:45:34 | DEBUG   | eda.router             | [root] [VCC_3V3] bfs done steps=1035 cells=25
15:45:34 | INFO    | eda.router             | [root] [VCC_3V3] [J2] [1] t_junction target=Cell(col=95, row=99) try=1
15:45:34 | INFO    | eda.router             | [root] [VCC_3V3] [J2] [1] stub_in page=(90.17,127.00) dir=up steps=1 tip=Cell(col=71, row=99) tip_page=(90.17,125.73)
15:45:34 | INFO    | eda.router             | [root] [VCC_3V3] [J2] [1] route right ×24
15:45:34 | INFO    | eda.router             | [root] [VCC_3V3] [J2] [1] wire J2:1 -> T segments=1 cells=26
15:45:34 | INFO    | eda.router             | [root] [-] [J2] [1] t_junction recorded net=VCC_3V3 target=Cell(col=95, row=99) host=C9:1 -> T
15:45:34 | INFO    | eda.router             | [root] [VCC_3V3] [J2] [1] ok t_junction=?
15:45:34 | INFO    | eda.router             | [root] [VCC_3V3] [X_PWR] [VCC_3V3] t_connect
15:45:34 | DEBUG   | eda.router             | [root] [VCC_3V3] [X_PWR] [VCC_3V3] t_connect candidates=280 tries=5
15:45:34 | DEBUG   | eda.router             | [root] [VCC_3V3] bfs Cell(col=19, row=83) → Cell(col=37, row=63)
15:45:34 | DEBUG   | eda.router             | [root] [VCC_3V3] bfs done steps=924 cells=41
15:45:34 | INFO    | eda.router             | [root] [VCC_3V3] [X_PWR] [VCC_3V3] t_junction target=Cell(col=37, row=63) try=1
15:45:34 | WARNING | eda.router             | [root] [VCC_3V3] OCCUPY_OVERLAP cell=Cell(col=24, row=79) existing_net=VCC_12V new_net=VCC_3V3 existing_wire=X_PWR:VCC_12V -> X_SEN_CABIN:VCC_12V new_wire=X_PWR:VCC_3V3 -> T
15:45:34 | WARNING | eda.router             | [root] [VCC_3V3] OCCUPY_OVERLAP cell=Cell(col=26, row=65) existing_net=VCC_12V new_net=VCC_3V3 existing_wire=X_PWR:VCC_12V -> X_SEN_CABIN:VCC_12V new_wire=X_PWR:VCC_3V3 -> T
15:45:34 | WARNING | eda.router             | [root] [VCC_3V3] OCCUPY_OVERLAP cell=Cell(col=26, row=64) existing_net=VCC_12V new_net=VCC_3V3 existing_wire=X_PWR:VCC_12V -> X_SEN_CABIN:VCC_12V new_wire=X_PWR:VCC_3V3 -> T
15:45:34 | INFO    | eda.router             | [root] [VCC_3V3] [X_PWR] [VCC_3V3] stub_in page=(3.81,105.41) dir=right steps=1 tip=Cell(col=19, row=83) tip_page=(24.13,105.41)
15:45:34 | INFO    | eda.router             | [root] [VCC_3V3] [X_PWR] [VCC_3V3] route right ×5, up ×18, right ×2, up ×3, right ×11, down ×1
15:45:34 | INFO    | eda.router             | [root] [VCC_3V3] [X_PWR] [VCC_3V3] wire X_PWR:VCC_3V3 -> T segments=6 cells=42
15:45:34 | INFO    | eda.router             | [root] [-] [X_PWR] [VCC_3V3] t_junction recorded net=VCC_3V3 target=Cell(col=37, row=63) host=U1:1 -> T
15:45:34 | INFO    | eda.router             | [root] [VCC_3V3] [X_PWR] [VCC_3V3] ok t_junction=?
15:45:34 | INFO    | eda.router             | [root] [VCC_3V3] [X_UI] [VCC_3V3] t_connect
15:45:34 | DEBUG   | eda.router             | [root] [VCC_3V3] [X_UI] [VCC_3V3] t_connect candidates=326 tries=5
15:45:34 | DEBUG   | eda.router             | [root] [VCC_3V3] bfs Cell(col=247, row=11) → Cell(col=237, row=99)
15:45:34 | DEBUG   | eda.router             | [root] [VCC_3V3] bfs done steps=15827 cells=99
15:45:34 | INFO    | eda.router             | [root] [VCC_3V3] [X_UI] [VCC_3V3] t_junction target=Cell(col=237, row=99) try=1
15:45:34 | INFO    | eda.router             | [root] [VCC_3V3] [X_UI] [VCC_3V3] stub_in page=(288.29,13.97) dir=right steps=1 tip=Cell(col=247, row=11) tip_page=(313.69,13.97)
15:45:34 | INFO    | eda.router             | [root] [VCC_3V3] [X_UI] [VCC_3V3] route down ×40, left ×10, down ×48
15:45:34 | INFO    | eda.router             | [root] [VCC_3V3] [X_UI] [VCC_3V3] wire X_UI:VCC_3V3 -> T segments=3 cells=100
15:45:34 | INFO    | eda.router             | [root] [-] [X_UI] [VCC_3V3] t_junction recorded net=VCC_3V3 target=Cell(col=237, row=99) host=FB1:1 -> T
15:45:34 | INFO    | eda.router             | [root] [VCC_3V3] [X_UI] [VCC_3V3] ok t_junction=?
15:45:34 | INFO    | eda.router             | [root] [VCC_3V3] [X_SEN_HEAT] [VCC_3V3] t_connect
15:45:34 | DEBUG   | eda.router             | [root] [VCC_3V3] [X_SEN_HEAT] [VCC_3V3] t_connect candidates=427 tries=5
15:45:34 | DEBUG   | eda.router             | [root] [VCC_3V3] bfs Cell(col=219, row=26) → Cell(col=247, row=26)
15:45:34 | DEBUG   | eda.router             | [root] [VCC_3V3] bfs done steps=5959 cells=65
15:45:34 | INFO    | eda.router             | [root] [VCC_3V3] [X_SEN_HEAT] [VCC_3V3] t_junction target=Cell(col=247, row=26) try=1
15:45:34 | INFO    | eda.router             | [root] [VCC_3V3] [X_SEN_HEAT] [VCC_3V3] stub_in page=(257.81,33.02) dir=right steps=1 tip=Cell(col=219, row=26) tip_page=(278.13,33.02)
15:45:34 | INFO    | eda.router             | [root] [VCC_3V3] [X_SEN_HEAT] [VCC_3V3] route right ×7, up ×18, right ×21, down ×18
15:45:34 | INFO    | eda.router             | [root] [VCC_3V3] [X_SEN_HEAT] [VCC_3V3] wire X_SEN_HEAT:VCC_3V3 -> T segments=4 cells=66
15:45:34 | INFO    | eda.router             | [root] [-] [X_SEN_HEAT] [VCC_3V3] t_junction recorded net=VCC_3V3 target=Cell(col=247, row=26) host=X_UI:VCC_3V3 -> T
15:45:34 | INFO    | eda.router             | [root] [VCC_3V3] [X_SEN_HEAT] [VCC_3V3] ok t_junction=?
15:45:34 | INFO    | eda.router             | [root] [VCC_3V3] [U1] [19] t_connect
15:45:34 | DEBUG   | eda.router             | [root] [VCC_3V3] [U1] [19] t_connect candidates=495 tries=5
15:45:34 | DEBUG   | eda.router             | [root] [VCC_3V3] bfs Cell(col=39, row=63) → Cell(col=39, row=62)
15:45:34 | DEBUG   | eda.router             | [root] [VCC_3V3] bfs done steps=2 cells=2
15:45:34 | INFO    | eda.router             | [root] [VCC_3V3] [U1] [19] t_junction target=Cell(col=39, row=62) try=1
15:45:34 | WARNING | eda.router             | [root] [VCC_3V3] OCCUPY_OVERLAP cell=Cell(col=39, row=64) existing_net=VCC_12V new_net=VCC_3V3 existing_wire=X_PWR:VCC_12V -> X_SEN_CABIN:VCC_12V new_wire=U1:19 -> T
15:45:34 | INFO    | eda.router             | [root] [VCC_3V3] [U1] [19] stub_in page=(49.53,82.55) dir=up steps=2 tip=Cell(col=39, row=63) tip_page=(49.53,80.01)
15:45:34 | INFO    | eda.router             | [root] [VCC_3V3] [U1] [19] route up ×1
15:45:34 | INFO    | eda.router             | [root] [VCC_3V3] [U1] [19] wire U1:19 -> T segments=1 cells=4
15:45:34 | INFO    | eda.router             | [root] [-] [U1] [19] t_junction recorded net=VCC_3V3 target=Cell(col=39, row=62) host=U1:1 -> T
15:45:34 | INFO    | eda.router             | [root] [VCC_3V3] [U1] [19] ok t_junction=?
15:45:34 | INFO    | eda.router             | [root] [VCC_3V3] [U1] [32] t_connect
15:45:34 | DEBUG   | eda.router             | [root] [VCC_3V3] [U1] [32] t_connect candidates=497 tries=5
15:45:34 | DEBUG   | eda.router             | [root] [VCC_3V3] bfs Cell(col=41, row=63) → Cell(col=41, row=62)
15:45:34 | DEBUG   | eda.router             | [root] [VCC_3V3] bfs done steps=2 cells=2
15:45:34 | INFO    | eda.router             | [root] [VCC_3V3] [U1] [32] t_junction target=Cell(col=41, row=62) try=1
15:45:34 | WARNING | eda.router             | [root] [VCC_3V3] OCCUPY_OVERLAP cell=Cell(col=41, row=64) existing_net=VCC_12V new_net=VCC_3V3 existing_wire=X_PWR:VCC_12V -> X_SEN_CABIN:VCC_12V new_wire=U1:32 -> T
15:45:34 | INFO    | eda.router             | [root] [VCC_3V3] [U1] [32] stub_in page=(52.07,82.55) dir=up steps=2 tip=Cell(col=41, row=63) tip_page=(52.07,80.01)
15:45:34 | INFO    | eda.router             | [root] [VCC_3V3] [U1] [32] route up ×1
15:45:34 | INFO    | eda.router             | [root] [VCC_3V3] [U1] [32] wire U1:32 -> T segments=1 cells=4
15:45:34 | INFO    | eda.router             | [root] [-] [U1] [32] t_junction recorded net=VCC_3V3 target=Cell(col=41, row=62) host=U1:1 -> T
15:45:34 | INFO    | eda.router             | [root] [VCC_3V3] [U1] [32] ok t_junction=?
15:45:34 | INFO    | eda.router             | [root] [VCC_3V3] [X_PWR] [VCC_3V3] t_connect
15:45:34 | DEBUG   | eda.router             | [root] [VCC_3V3] [X_PWR] [VCC_3V3] t_connect candidates=499 tries=5
15:45:34 | DEBUG   | eda.router             | [root] [VCC_3V3] bfs Cell(col=25, row=83) → Cell(col=24, row=83)
15:45:34 | DEBUG   | eda.router             | [root] [VCC_3V3] bfs done steps=3 cells=2
15:45:34 | INFO    | eda.router             | [root] [VCC_3V3] [X_PWR] [VCC_3V3] t_junction target=Cell(col=24, row=83) try=1
15:45:34 | INFO    | eda.router             | [root] [VCC_3V3] [X_PWR] [VCC_3V3] stub_in page=(3.81,105.41) dir=right steps=7 tip=Cell(col=25, row=83) tip_page=(31.75,105.41)
15:45:34 | INFO    | eda.router             | [root] [VCC_3V3] [X_PWR] [VCC_3V3] route left ×1
15:45:34 | INFO    | eda.router             | [root] [VCC_3V3] [X_PWR] [VCC_3V3] wire X_PWR:VCC_3V3 -> T segments=1 cells=9
15:45:34 | INFO    | eda.router             | [root] [-] [X_PWR] [VCC_3V3] t_junction recorded net=VCC_3V3 target=Cell(col=24, row=83) host=X_PWR:VCC_3V3 -> T
15:45:34 | INFO    | eda.router             | [root] [VCC_3V3] [X_PWR] [VCC_3V3] ok t_junction=?
15:45:34 | INFO    | eda.router             | [root] [VCC_3V3] [X_UI] [VCC_3V3] t_connect
15:45:34 | DEBUG   | eda.router             | [root] [VCC_3V3] [X_UI] [VCC_3V3] t_connect candidates=501 tries=5
15:45:34 | DEBUG   | eda.router             | [root] [VCC_3V3] bfs Cell(col=248, row=11) → Cell(col=247, row=11)
15:45:34 | DEBUG   | eda.router             | [root] [VCC_3V3] bfs done steps=3 cells=2
15:45:34 | INFO    | eda.router             | [root] [VCC_3V3] [X_UI] [VCC_3V3] t_junction target=Cell(col=247, row=11) try=1
15:45:34 | INFO    | eda.router             | [root] [VCC_3V3] [X_UI] [VCC_3V3] stub_in page=(288.29,13.97) dir=right steps=2 tip=Cell(col=248, row=11) tip_page=(314.96,13.97)
15:45:34 | INFO    | eda.router             | [root] [VCC_3V3] [X_UI] [VCC_3V3] route left ×1
15:45:34 | INFO    | eda.router             | [root] [VCC_3V3] [X_UI] [VCC_3V3] wire X_UI:VCC_3V3 -> T segments=1 cells=4
15:45:34 | INFO    | eda.router             | [root] [-] [X_UI] [VCC_3V3] t_junction recorded net=VCC_3V3 target=Cell(col=247, row=11) host=X_UI:VCC_3V3 -> T
15:45:34 | INFO    | eda.router             | [root] [VCC_3V3] [X_UI] [VCC_3V3] ok t_junction=?
15:45:34 | INFO    | eda.router             | [root] [VCC_3V3] [X_SEN_HEAT] [VCC_3V3] t_connect
15:45:34 | DEBUG   | eda.router             | [root] [VCC_3V3] [X_SEN_HEAT] [VCC_3V3] t_connect candidates=503 tries=5
15:45:34 | DEBUG   | eda.router             | [root] [VCC_3V3] bfs Cell(col=203, row=26) → Cell(col=219, row=26)
15:45:34 | DEBUG   | eda.router             | [root] [VCC_3V3] bfs done steps=831 cells=25
15:45:34 | INFO    | eda.router             | [root] [VCC_3V3] [X_SEN_HEAT] [VCC_3V3] t_junction target=Cell(col=219, row=26) try=1
15:45:34 | INFO    | eda.router             | [root] [VCC_3V3] [X_SEN_HEAT] [VCC_3V3] route left ×1, up ×3, right ×17, down ×3
15:45:34 | INFO    | eda.router             | [root] [VCC_3V3] [X_SEN_HEAT] [VCC_3V3] wire X_SEN_HEAT:VCC_3V3 -> T segments=4 cells=25
15:45:34 | INFO    | eda.router             | [root] [-] [X_SEN_HEAT] [VCC_3V3] t_junction recorded net=VCC_3V3 target=Cell(col=219, row=26) host=X_SEN_HEAT:VCC_3V3 -> T
15:45:34 | INFO    | eda.router             | [root] [VCC_3V3] [X_SEN_HEAT] [VCC_3V3] ok t_junction=?
15:45:34 | DEBUG   | eda.router             | [root] [VCC_3V3] rss=121.4 net_wires=18 total_wires=28
15:45:34 | DEBUG   | eda.router             | [root] [VDDA_3V3] pins=FB1:2, C10:1, U1:13
15:45:34 | INFO    | eda.router             | [root] [VDDA_3V3] [FB1] [2] connect FB1:2 → C10:1
15:45:34 | DEBUG   | eda.router             | [root] [VDDA_3V3] bfs Cell(col=237, row=107) → Cell(col=194, row=98)
15:45:34 | DEBUG   | eda.router             | [root] [VDDA_3V3] bfs done steps=5376 cells=53
15:45:34 | WARNING | eda.router             | [root] [VDDA_3V3] OCCUPY_OVERLAP cell=Cell(col=194, row=99) existing_net=VCC_3V3 new_net=VDDA_3V3 existing_wire=FB1:1 -> T new_wire=FB1:2 -> C10:1
15:45:34 | WARNING | eda.router             | [root] [VDDA_3V3] OCCUPY_OVERLAP cell=Cell(col=194, row=99) existing_net=VCC_3V3 new_net=VDDA_3V3 existing_wire=FB1:1 -> T new_wire=FB1:2 -> C10:1
15:45:34 | INFO    | eda.router             | [root] [VDDA_3V3] [FB1] [2] stub_in page=(300.99,134.62) dir=down steps=1 tip=Cell(col=237, row=107) tip_page=(300.99,135.89)
15:45:34 | INFO    | eda.router             | [root] [VDDA_3V3] [FB1] [2] route left ×42, up ×7, left ×1, up ×2
15:45:34 | INFO    | eda.router             | [root] [VDDA_3V3] [FB1] [2] wire FB1:2 -> C10:1 segments=4 cells=56
15:45:34 | INFO    | eda.router             | [root] [VDDA_3V3] [C10] [1] stub_out page=(246.38,127.00) dir=up steps=2 tip=Cell(col=194, row=98) tip_page=(246.38,124.46)
15:45:34 | INFO    | eda.router             | [root] [VDDA_3V3] [C10] [1] route left ×42, up ×7, left ×1, up ×2
15:45:34 | INFO    | eda.router             | [root] [VDDA_3V3] [C10] [1] wire FB1:2 -> C10:1 segments=4 cells=56
15:45:34 | INFO    | eda.router             | [root] [VDDA_3V3] [FB1] [2] ok segments=4
15:45:34 | INFO    | eda.router             | [root] [VDDA_3V3] [U1] [13] t_connect
15:45:34 | DEBUG   | eda.router             | [root] [VDDA_3V3] [U1] [13] t_connect candidates=56 tries=5
15:45:34 | DEBUG   | eda.router             | [root] [VDDA_3V3] bfs Cell(col=47, row=63) → Cell(col=194, row=98)
15:45:35 | DEBUG   | eda.router             | [root] [VDDA_3V3] bfs done steps=49601 cells=189
15:45:35 | INFO    | eda.router             | [root] [VDDA_3V3] [U1] [13] t_junction target=Cell(col=194, row=98) try=1
15:45:35 | WARNING | eda.router             | [root] [VDDA_3V3] OCCUPY_OVERLAP cell=Cell(col=47, row=64) existing_net=VCC_12V new_net=VDDA_3V3 existing_wire=X_PWR:VCC_12V -> X_SEN_CABIN:VCC_12V new_wire=U1:13 -> T
15:45:35 | WARNING | eda.router             | [root] [VDDA_3V3] OCCUPY_OVERLAP cell=Cell(col=47, row=62) existing_net=VCC_3V3 new_net=VDDA_3V3 existing_wire=U1:48 -> T new_wire=U1:13 -> T
15:45:35 | WARNING | eda.router             | [root] [VDDA_3V3] OCCUPY_OVERLAP cell=Cell(col=79, row=60) existing_net=VCC_12V new_net=VDDA_3V3 existing_wire=X_OUT:VCC_12V -> T new_wire=U1:13 -> T
15:45:35 | WARNING | eda.router             | [root] [VDDA_3V3] OCCUPY_OVERLAP cell=Cell(col=151, row=60) existing_net=VCC_12V new_net=VDDA_3V3 existing_wire=X_PWR:VCC_12V -> X_SEN_CABIN:VCC_12V new_wire=U1:13 -> T
15:45:35 | INFO    | eda.router             | [root] [VDDA_3V3] [U1] [13] stub_in page=(59.69,82.55) dir=up steps=2 tip=Cell(col=47, row=63) tip_page=(59.69,80.01)
15:45:35 | INFO    | eda.router             | [root] [VDDA_3V3] [U1] [13] route up ×3, right ×147, down ×38
15:45:35 | INFO    | eda.router             | [root] [VDDA_3V3] [U1] [13] wire U1:13 -> T segments=3 cells=191
15:45:35 | INFO    | eda.router             | [root] [-] [U1] [13] t_junction recorded net=VDDA_3V3 target=Cell(col=194, row=98) host=FB1:2 -> C10:1
15:45:35 | INFO    | eda.router             | [root] [VDDA_3V3] [U1] [13] ok t_junction=?
15:45:35 | DEBUG   | eda.router             | [root] [VDDA_3V3] rss=121.4 net_wires=2 total_wires=30
15:45:35 | DEBUG   | eda.router             | [root] [GND] pins=U1:47, C5:2, C6:2, C7:2, C8:2, C9:2, C10:2, C21:2, R2:2, J2:4, U1:12, X_CAN:GND, X_PWR:GND, X_UI:GND, X_SEN_CABIN:GND, X_SEN_HEAT:GND, X_SEN_SOLAR:GND, X_SEN_COND:GND, X_OUT:GND, X_ACT:GND, X_BACKLIGHT:GND, X_CAN:GND, X_PWR:GND, X_UI:GND, X_SEN_CABIN:GND, X_SEN_HEAT:GND, X_SEN_SOLAR:GND, X_SEN_COND:GND, X_OUT:GND, X_ACT:GND, X_BACKLIGHT:GND
15:45:35 | INFO    | eda.router             | [root] [GND] [U1] [47] connect U1:47 → C5:2
15:45:35 | DEBUG   | eda.router             | [root] [GND] bfs Cell(col=41, row=142) → Cell(col=184, row=107)
15:45:35 | DEBUG   | eda.router             | [root] [GND] bfs done steps=36232 cells=179
15:45:35 | INFO    | eda.router             | [root] [GND] [U1] [47] stub_in page=(52.07,179.07) dir=down steps=1 tip=Cell(col=41, row=142) tip_page=(52.07,180.34)
15:45:35 | INFO    | eda.router             | [root] [GND] [U1] [47] route right ×143, up ×35
15:45:35 | INFO    | eda.router             | [root] [GND] [U1] [47] wire U1:47 -> C5:2 segments=2 cells=181
15:45:35 | INFO    | eda.router             | [root] [GND] [C5] [2] stub_out page=(233.68,134.62) dir=down steps=1 tip=Cell(col=184, row=107) tip_page=(233.68,135.89)
15:45:35 | INFO    | eda.router             | [root] [GND] [C5] [2] route right ×143, up ×35
15:45:35 | INFO    | eda.router             | [root] [GND] [C5] [2] wire U1:47 -> C5:2 segments=2 cells=181
15:45:35 | INFO    | eda.router             | [root] [GND] [U1] [47] ok segments=2
15:45:35 | INFO    | eda.router             | [root] [GND] [C6] [2] t_connect
15:45:35 | DEBUG   | eda.router             | [root] [GND] [C6] [2] t_connect candidates=180 tries=5
15:45:35 | DEBUG   | eda.router             | [root] [GND] bfs Cell(col=167, row=107) → Cell(col=184, row=107)
15:45:35 | DEBUG   | eda.router             | [root] [GND] bfs done steps=530 cells=18
15:45:35 | INFO    | eda.router             | [root] [GND] [C6] [2] t_junction target=Cell(col=184, row=107) try=1
15:45:35 | INFO    | eda.router             | [root] [GND] [C6] [2] stub_in page=(212.09,134.62) dir=down steps=1 tip=Cell(col=167, row=107) tip_page=(212.09,135.89)
15:45:35 | INFO    | eda.router             | [root] [GND] [C6] [2] route right ×17
15:45:35 | INFO    | eda.router             | [root] [GND] [C6] [2] wire C6:2 -> T segments=1 cells=19
15:45:35 | INFO    | eda.router             | [root] [-] [C6] [2] t_junction recorded net=GND target=Cell(col=184, row=107) host=U1:47 -> C5:2
15:45:35 | INFO    | eda.router             | [root] [GND] [C6] [2] ok t_junction=?
15:45:35 | INFO    | eda.router             | [root] [GND] [C7] [2] t_connect
15:45:35 | DEBUG   | eda.router             | [root] [GND] [C7] [2] t_connect candidates=198 tries=5
15:45:35 | DEBUG   | eda.router             | [root] [GND] bfs Cell(col=143, row=107) → Cell(col=167, row=107)
15:45:35 | DEBUG   | eda.router             | [root] [GND] bfs done steps=1090 cells=25
15:45:35 | INFO    | eda.router             | [root] [GND] [C7] [2] t_junction target=Cell(col=167, row=107) try=1
15:45:35 | INFO    | eda.router             | [root] [GND] [C7] [2] stub_in page=(181.61,134.62) dir=down steps=1 tip=Cell(col=143, row=107) tip_page=(181.61,135.89)
15:45:35 | INFO    | eda.router             | [root] [GND] [C7] [2] route right ×24
15:45:35 | INFO    | eda.router             | [root] [GND] [C7] [2] wire C7:2 -> T segments=1 cells=26
15:45:35 | INFO    | eda.router             | [root] [-] [C7] [2] t_junction recorded net=GND target=Cell(col=167, row=107) host=C6:2 -> T
15:45:35 | INFO    | eda.router             | [root] [GND] [C7] [2] ok t_junction=?
15:45:35 | INFO    | eda.router             | [root] [GND] [C8] [2] t_connect
15:45:35 | DEBUG   | eda.router             | [root] [GND] [C8] [2] t_connect candidates=223 tries=5
15:45:35 | DEBUG   | eda.router             | [root] [GND] bfs Cell(col=119, row=107) → Cell(col=143, row=107)
15:45:35 | DEBUG   | eda.router             | [root] [GND] bfs done steps=1090 cells=25
15:45:35 | INFO    | eda.router             | [root] [GND] [C8] [2] t_junction target=Cell(col=143, row=107) try=1
15:45:35 | INFO    | eda.router             | [root] [GND] [C8] [2] stub_in page=(151.13,134.62) dir=down steps=1 tip=Cell(col=119, row=107) tip_page=(151.13,135.89)
15:45:35 | INFO    | eda.router             | [root] [GND] [C8] [2] route right ×24
15:45:35 | INFO    | eda.router             | [root] [GND] [C8] [2] wire C8:2 -> T segments=1 cells=26
15:45:35 | INFO    | eda.router             | [root] [-] [C8] [2] t_junction recorded net=GND target=Cell(col=143, row=107) host=C7:2 -> T
15:45:35 | INFO    | eda.router             | [root] [GND] [C8] [2] ok t_junction=?
15:45:35 | INFO    | eda.router             | [root] [GND] [C9] [2] t_connect
15:45:35 | DEBUG   | eda.router             | [root] [GND] [C9] [2] t_connect candidates=248 tries=5
15:45:35 | DEBUG   | eda.router             | [root] [GND] bfs Cell(col=95, row=107) → Cell(col=119, row=107)
15:45:35 | DEBUG   | eda.router             | [root] [GND] bfs done steps=1081 cells=25
15:45:35 | INFO    | eda.router             | [root] [GND] [C9] [2] t_junction target=Cell(col=119, row=107) try=1
15:45:35 | INFO    | eda.router             | [root] [GND] [C9] [2] stub_in page=(120.65,134.62) dir=down steps=1 tip=Cell(col=95, row=107) tip_page=(120.65,135.89)
15:45:35 | INFO    | eda.router             | [root] [GND] [C9] [2] route right ×24
15:45:35 | INFO    | eda.router             | [root] [GND] [C9] [2] wire C9:2 -> T segments=1 cells=26
15:45:35 | INFO    | eda.router             | [root] [-] [C9] [2] t_junction recorded net=GND target=Cell(col=119, row=107) host=C8:2 -> T
15:45:35 | INFO    | eda.router             | [root] [GND] [C9] [2] ok t_junction=?
15:45:35 | INFO    | eda.router             | [root] [GND] [C10] [2] t_connect
15:45:35 | DEBUG   | eda.router             | [root] [GND] [C10] [2] t_connect candidates=273 tries=5
15:45:35 | DEBUG   | eda.router             | [root] [GND] bfs Cell(col=194, row=107) → Cell(col=184, row=107)
15:45:35 | DEBUG   | eda.router             | [root] [GND] bfs done steps=143 cells=11
15:45:35 | INFO    | eda.router             | [root] [GND] [C10] [2] t_junction target=Cell(col=184, row=107) try=1
15:45:35 | INFO    | eda.router             | [root] [GND] [C10] [2] stub_in page=(246.38,134.62) dir=down steps=1 tip=Cell(col=194, row=107) tip_page=(246.38,135.89)
15:45:35 | INFO    | eda.router             | [root] [GND] [C10] [2] route left ×10
15:45:35 | INFO    | eda.router             | [root] [GND] [C10] [2] wire C10:2 -> T segments=1 cells=12
15:45:35 | INFO    | eda.router             | [root] [-] [C10] [2] t_junction recorded net=GND target=Cell(col=184, row=107) host=U1:47 -> C5:2
15:45:35 | INFO    | eda.router             | [root] [GND] [C10] [2] ok t_junction=?
15:45:35 | INFO    | eda.router             | [root] [GND] [C21] [2] t_connect
15:45:35 | DEBUG   | eda.router             | [root] [GND] [C21] [2] t_connect candidates=284 tries=5
15:45:35 | DEBUG   | eda.router             | [root] [GND] bfs Cell(col=194, row=34) → Cell(col=194, row=107)
15:45:35 | DEBUG   | eda.router             | [root] [GND] bfs done steps=9687 cells=78
15:45:35 | INFO    | eda.router             | [root] [GND] [C21] [2] t_junction target=Cell(col=194, row=107) try=1
15:45:35 | WARNING | eda.router             | [root] [GND] OCCUPY_OVERLAP cell=Cell(col=192, row=60) existing_net=VDDA_3V3 new_net=GND existing_wire=U1:13 -> T new_wire=C21:2 -> T
15:45:35 | WARNING | eda.router             | [root] [GND] OCCUPY_OVERLAP cell=Cell(col=192, row=99) existing_net=VCC_3V3 new_net=GND existing_wire=FB1:1 -> T new_wire=C21:2 -> T
15:45:35 | INFO    | eda.router             | [root] [GND] [C21] [2] stub_in page=(246.38,41.91) dir=down steps=1 tip=Cell(col=194, row=34) tip_page=(246.38,43.18)
15:45:35 | INFO    | eda.router             | [root] [GND] [C21] [2] route left ×2, down ×72, right ×2, down ×1
15:45:35 | INFO    | eda.router             | [root] [GND] [C21] [2] wire C21:2 -> T segments=4 cells=79
15:45:35 | INFO    | eda.router             | [root] [-] [C21] [2] t_junction recorded net=GND target=Cell(col=194, row=107) host=C10:2 -> T
15:45:35 | INFO    | eda.router             | [root] [GND] [C21] [2] ok t_junction=?
15:45:35 | INFO    | eda.router             | [root] [GND] [R2] [2] t_connect
15:45:35 | DEBUG   | eda.router             | [root] [GND] [R2] [2] t_connect candidates=365 tries=5
15:45:35 | DEBUG   | eda.router             | [root] [GND] bfs Cell(col=184, row=34) → Cell(col=192, row=34)
15:45:35 | DEBUG   | eda.router             | [root] [GND] bfs done steps=103 cells=9
15:45:35 | INFO    | eda.router             | [root] [GND] [R2] [2] t_junction target=Cell(col=192, row=34) try=1
15:45:35 | INFO    | eda.router             | [root] [GND] [R2] [2] stub_in page=(233.68,41.91) dir=down steps=1 tip=Cell(col=184, row=34) tip_page=(233.68,43.18)
15:45:35 | INFO    | eda.router             | [root] [GND] [R2] [2] route right ×8
15:45:35 | INFO    | eda.router             | [root] [GND] [R2] [2] wire R2:2 -> T segments=1 cells=10
15:45:35 | INFO    | eda.router             | [root] [-] [R2] [2] t_junction recorded net=GND target=Cell(col=192, row=34) host=C21:2 -> T
15:45:35 | INFO    | eda.router             | [root] [GND] [R2] [2] ok t_junction=?
15:45:35 | INFO    | eda.router             | [root] [GND] [J2] [4] t_connect
15:45:35 | DEBUG   | eda.router             | [root] [GND] [J2] [4] t_connect candidates=374 tries=5
15:45:35 | DEBUG   | eda.router             | [root] [GND] bfs Cell(col=71, row=107) → Cell(col=95, row=107)
15:45:35 | DEBUG   | eda.router             | [root] [GND] bfs done steps=1035 cells=25
15:45:35 | INFO    | eda.router             | [root] [GND] [J2] [4] t_junction target=Cell(col=95, row=107) try=1
15:45:35 | INFO    | eda.router             | [root] [GND] [J2] [4] stub_in page=(90.17,134.62) dir=down steps=1 tip=Cell(col=71, row=107) tip_page=(90.17,135.89)
15:45:35 | INFO    | eda.router             | [root] [GND] [J2] [4] route right ×24
15:45:35 | INFO    | eda.router             | [root] [GND] [J2] [4] wire J2:4 -> T segments=1 cells=26
15:45:35 | INFO    | eda.router             | [root] [-] [J2] [4] t_junction recorded net=GND target=Cell(col=95, row=107) host=C9:2 -> T
15:45:35 | INFO    | eda.router             | [root] [GND] [J2] [4] ok t_junction=?
15:45:35 | INFO    | eda.router             | [root] [GND] [U1] [12] t_connect
15:45:35 | DEBUG   | eda.router             | [root] [GND] [U1] [12] t_connect candidates=399 tries=5
15:45:35 | DEBUG   | eda.router             | [root] [GND] bfs Cell(col=43, row=143) → Cell(col=43, row=142)
15:45:35 | DEBUG   | eda.router             | [root] [GND] bfs done steps=4 cells=2
15:45:35 | INFO    | eda.router             | [root] [GND] [U1] [12] t_junction target=Cell(col=43, row=142) try=1
15:45:35 | INFO    | eda.router             | [root] [GND] [U1] [12] stub_in page=(54.61,179.07) dir=down steps=2 tip=Cell(col=43, row=143) tip_page=(54.61,181.61)
15:45:35 | INFO    | eda.router             | [root] [GND] [U1] [12] route up ×1
15:45:35 | INFO    | eda.router             | [root] [GND] [U1] [12] wire U1:12 -> T segments=1 cells=4
15:45:35 | INFO    | eda.router             | [root] [-] [U1] [12] t_junction recorded net=GND target=Cell(col=43, row=142) host=U1:47 -> C5:2
15:45:35 | INFO    | eda.router             | [root] [GND] [U1] [12] ok t_junction=?
15:45:35 | INFO    | eda.router             | [root] [GND] [X_CAN] [GND] t_connect
15:45:35 | DEBUG   | eda.router             | [root] [GND] [X_CAN] [GND] t_connect candidates=401 tries=5
15:45:35 | DEBUG   | eda.router             | [root] [GND] bfs Cell(col=176, row=26) → Cell(col=184, row=34)
15:45:35 | DEBUG   | eda.router             | [root] [GND] bfs done steps=291 cells=17
15:45:35 | INFO    | eda.router             | [root] [GND] [X_CAN] [GND] t_junction target=Cell(col=184, row=34) try=1
15:45:35 | WARNING | eda.router             | [root] [GND] OCCUPY_OVERLAP cell=Cell(col=175, row=26) existing_net=VCC_5V new_net=GND existing_wire=X_CAN:VCC_5V -> X_PWR:VCC_5V new_wire=X_CAN:GND -> T
15:45:35 | INFO    | eda.router             | [root] [GND] [X_CAN] [GND] stub_in page=(201.93,33.02) dir=right steps=2 tip=Cell(col=176, row=26) tip_page=(223.52,33.02)
15:45:35 | INFO    | eda.router             | [root] [GND] [X_CAN] [GND] route right ×6, down ×7, right ×2, down ×1
15:45:35 | INFO    | eda.router             | [root] [GND] [X_CAN] [GND] wire X_CAN:GND -> T segments=4 cells=19
15:45:35 | INFO    | eda.router             | [root] [-] [X_CAN] [GND] t_junction recorded net=GND target=Cell(col=184, row=34) host=R2:2 -> T
15:45:35 | INFO    | eda.router             | [root] [GND] [X_CAN] [GND] ok t_junction=?
15:45:35 | INFO    | eda.router             | [root] [GND] [X_PWR] [GND] t_connect
15:45:35 | DEBUG   | eda.router             | [root] [GND] [X_PWR] [GND] t_connect candidates=421 tries=5
15:45:35 | DEBUG   | eda.router             | [root] [GND] bfs Cell(col=19, row=85) → Cell(col=71, row=107)
15:45:35 | DEBUG   | eda.router             | [root] [GND] bfs done steps=12215 cells=143
15:45:35 | INFO    | eda.router             | [root] [GND] [X_PWR] [GND] t_junction target=Cell(col=71, row=107) try=1
15:45:35 | INFO    | eda.router             | [root] [GND] [X_PWR] [GND] stub_in page=(3.81,107.95) dir=right steps=1 tip=Cell(col=19, row=85) tip_page=(24.13,107.95)
15:45:35 | INFO    | eda.router             | [root] [GND] [X_PWR] [GND] route right ×7, down ×56, right ×45, up ×34
15:45:35 | INFO    | eda.router             | [root] [GND] [X_PWR] [GND] wire X_PWR:GND -> T segments=4 cells=144
15:45:35 | INFO    | eda.router             | [root] [-] [X_PWR] [GND] t_junction recorded net=GND target=Cell(col=71, row=107) host=J2:4 -> T
15:45:35 | INFO    | eda.router             | [root] [GND] [X_PWR] [GND] ok t_junction=?
15:45:35 | INFO    | eda.router             | [root] [GND] [X_UI] [GND] t_connect
15:45:35 | DEBUG   | eda.router             | [root] [GND] [X_UI] [GND] t_connect candidates=567 tries=5
15:45:35 | DEBUG   | eda.router             | [root] [GND] bfs Cell(col=248, row=13) → Cell(col=194, row=34)
15:45:35 | DEBUG   | eda.router             | [root] [GND] bfs done steps=13764 cells=94
15:45:35 | INFO    | eda.router             | [root] [GND] [X_UI] [GND] t_junction target=Cell(col=194, row=34) try=1
15:45:35 | WARNING | eda.router             | [root] [GND] OCCUPY_OVERLAP cell=Cell(col=247, row=13) existing_net=VCC_3V3 new_net=GND existing_wire=X_SEN_HEAT:VCC_3V3 -> T new_wire=X_UI:GND -> T
15:45:35 | WARNING | eda.router             | [root] [GND] OCCUPY_OVERLAP cell=Cell(col=247, row=9) existing_net=VCC_3V3 new_net=GND existing_wire=X_SEN_HEAT:VCC_3V3 -> T new_wire=X_UI:GND -> T
15:45:35 | WARNING | eda.router             | [root] [GND] OCCUPY_OVERLAP cell=Cell(col=247, row=8) existing_net=VCC_3V3 new_net=GND existing_wire=X_SEN_HEAT:VCC_3V3 -> T new_wire=X_UI:GND -> T
15:45:35 | INFO    | eda.router             | [root] [GND] [X_UI] [GND] stub_in page=(288.29,16.51) dir=right steps=2 tip=Cell(col=248, row=13) tip_page=(314.96,16.51)
15:45:35 | INFO    | eda.router             | [root] [GND] [X_UI] [GND] route right ×2, up ×2, left ×1, up ×2, left ×2, up ×3, left ×52, down ×27, left ×1, down ×1
15:45:35 | INFO    | eda.router             | [root] [GND] [X_UI] [GND] wire X_UI:GND -> T segments=10 cells=96
15:45:35 | INFO    | eda.router             | [root] [-] [X_UI] [GND] t_junction recorded net=GND target=Cell(col=194, row=34) host=C21:2 -> T
15:45:35 | INFO    | eda.router             | [root] [GND] [X_UI] [GND] ok t_junction=?
15:45:35 | INFO    | eda.router             | [root] [GND] [X_SEN_CABIN] [GND] t_connect
15:45:35 | DEBUG   | eda.router             | [root] [GND] [X_SEN_CABIN] [GND] t_connect candidates=670 tries=5
15:45:35 | DEBUG   | eda.router             | [root] [GND] bfs Cell(col=152, row=28) → Cell(col=176, row=26)
15:45:35 | DEBUG   | eda.router             | [root] [GND] bfs done steps=1896 cells=39
15:45:35 | INFO    | eda.router             | [root] [GND] [X_SEN_CABIN] [GND] t_junction target=Cell(col=176, row=26) try=1
15:45:35 | WARNING | eda.router             | [root] [GND] OCCUPY_OVERLAP cell=Cell(col=151, row=28) existing_net=VCC_12V new_net=GND existing_wire=X_PWR:VCC_12V -> X_SEN_CABIN:VCC_12V new_wire=X_SEN_CABIN:GND -> T
15:45:35 | WARNING | eda.router             | [root] [GND] OCCUPY_OVERLAP cell=Cell(col=176, row=24) existing_net=VCC_5V new_net=GND existing_wire=X_CAN:VCC_5V -> T new_wire=X_SEN_CABIN:GND -> T
15:45:35 | INFO    | eda.router             | [root] [GND] [X_SEN_CABIN] [GND] stub_in page=(171.45,35.56) dir=right steps=2 tip=Cell(col=152, row=28) tip_page=(193.04,35.56)
15:45:35 | INFO    | eda.router             | [root] [GND] [X_SEN_CABIN] [GND] route right ×6, up ×7, right ×18, down ×3, right ×1, down ×2, left ×1
15:45:35 | INFO    | eda.router             | [root] [GND] [X_SEN_CABIN] [GND] wire X_SEN_CABIN:GND -> T segments=7 cells=41
15:45:35 | INFO    | eda.router             | [root] [-] [X_SEN_CABIN] [GND] t_junction recorded net=GND target=Cell(col=176, row=26) host=X_CAN:GND -> T
15:45:35 | INFO    | eda.router             | [root] [GND] [X_SEN_CABIN] [GND] ok t_junction=?
15:45:35 | INFO    | eda.router             | [root] [GND] [X_SEN_HEAT] [GND] t_connect
15:45:35 | DEBUG   | eda.router             | [root] [GND] [X_SEN_HEAT] [GND] t_connect candidates=715 tries=5
15:45:35 | DEBUG   | eda.router             | [root] [GND] bfs Cell(col=219, row=28) → Cell(col=219, row=6)
15:45:35 | DEBUG   | eda.router             | [root] [GND] bfs done steps=654 cells=27
15:45:35 | INFO    | eda.router             | [root] [GND] [X_SEN_HEAT] [GND] t_junction target=Cell(col=219, row=6) try=1
15:45:35 | WARNING | eda.router             | [root] [GND] OCCUPY_OVERLAP cell=Cell(col=221, row=26) existing_net=VCC_3V3 new_net=GND existing_wire=X_SEN_HEAT:VCC_3V3 -> T new_wire=X_SEN_HEAT:GND -> T
15:45:35 | WARNING | eda.router             | [root] [GND] OCCUPY_OVERLAP cell=Cell(col=219, row=24) existing_net=VCC_3V3 new_net=GND existing_wire=X_SEN_HEAT:VCC_3V3 -> T new_wire=X_SEN_HEAT:GND -> T
15:45:35 | WARNING | eda.router             | [root] [GND] OCCUPY_OVERLAP cell=Cell(col=219, row=23) existing_net=VCC_3V3 new_net=GND existing_wire=X_SEN_HEAT:VCC_3V3 -> T new_wire=X_SEN_HEAT:GND -> T
15:45:35 | INFO    | eda.router             | [root] [GND] [X_SEN_HEAT] [GND] stub_in page=(257.81,35.56) dir=right steps=1 tip=Cell(col=219, row=28) tip_page=(278.13,35.56)
15:45:35 | INFO    | eda.router             | [root] [GND] [X_SEN_HEAT] [GND] route right ×2, up ×4, left ×2, up ×18
15:45:35 | INFO    | eda.router             | [root] [GND] [X_SEN_HEAT] [GND] wire X_SEN_HEAT:GND -> T segments=4 cells=28
15:45:35 | INFO    | eda.router             | [root] [-] [X_SEN_HEAT] [GND] t_junction recorded net=GND target=Cell(col=219, row=6) host=X_UI:GND -> T
15:45:35 | INFO    | eda.router             | [root] [GND] [X_SEN_HEAT] [GND] ok t_junction=?
15:45:35 | INFO    | eda.router             | [root] [GND] [X_SEN_SOLAR] [GND] t_connect
15:45:35 | DEBUG   | eda.router             | [root] [GND] [X_SEN_SOLAR] [GND] t_connect candidates=745 tries=5
15:45:35 | DEBUG   | eda.router             | [root] [GND] bfs Cell(col=127, row=27) → Cell(col=152, row=28)
15:45:35 | DEBUG   | eda.router             | [root] [GND] bfs done steps=2018 cells=37
15:45:35 | INFO    | eda.router             | [root] [GND] [X_SEN_SOLAR] [GND] t_junction target=Cell(col=152, row=28) try=1
15:45:35 | WARNING | eda.router             | [root] [GND] OCCUPY_OVERLAP cell=Cell(col=152, row=26) existing_net=VCC_12V new_net=GND existing_wire=X_SEN_CABIN:VCC_12V -> T new_wire=X_SEN_SOLAR:GND -> T
15:45:35 | INFO    | eda.router             | [root] [GND] [X_SEN_SOLAR] [GND] stub_in page=(140.97,34.29) dir=right steps=1 tip=Cell(col=127, row=27) tip_page=(161.29,34.29)
15:45:35 | INFO    | eda.router             | [root] [GND] [X_SEN_SOLAR] [GND] route right ×7, up ×4, right ×18, down ×3, right ×1, down ×2, left ×1
15:45:35 | INFO    | eda.router             | [root] [GND] [X_SEN_SOLAR] [GND] wire X_SEN_SOLAR:GND -> T segments=7 cells=38
15:45:35 | INFO    | eda.router             | [root] [-] [X_SEN_SOLAR] [GND] t_junction recorded net=GND target=Cell(col=152, row=28) host=X_SEN_CABIN:GND -> T
15:45:35 | INFO    | eda.router             | [root] [GND] [X_SEN_SOLAR] [GND] ok t_junction=?
15:45:35 | INFO    | eda.router             | [root] [GND] [X_SEN_COND] [GND] t_connect
15:45:35 | DEBUG   | eda.router             | [root] [GND] [X_SEN_COND] [GND] t_connect candidates=788 tries=5
15:45:35 | DEBUG   | eda.router             | [root] [GND] bfs Cell(col=103, row=27) → Cell(col=127, row=27)
15:45:35 | DEBUG   | eda.router             | [root] [GND] bfs done steps=1346 cells=31
15:45:35 | INFO    | eda.router             | [root] [GND] [X_SEN_COND] [GND] t_junction target=Cell(col=127, row=27) try=1
15:45:35 | INFO    | eda.router             | [root] [GND] [X_SEN_COND] [GND] stub_in page=(110.49,34.29) dir=right steps=1 tip=Cell(col=103, row=27) tip_page=(130.81,34.29)
15:45:35 | INFO    | eda.router             | [root] [GND] [X_SEN_COND] [GND] route right ×7, up ×3, right ×17, down ×3
15:45:35 | INFO    | eda.router             | [root] [GND] [X_SEN_COND] [GND] wire X_SEN_COND:GND -> T segments=4 cells=32
15:45:35 | INFO    | eda.router             | [root] [-] [X_SEN_COND] [GND] t_junction recorded net=GND target=Cell(col=127, row=27) host=X_SEN_SOLAR:GND -> T
15:45:35 | INFO    | eda.router             | [root] [GND] [X_SEN_COND] [GND] ok t_junction=?
15:45:35 | INFO    | eda.router             | [root] [GND] [X_OUT] [GND] t_connect
15:45:35 | DEBUG   | eda.router             | [root] [GND] [X_OUT] [GND] t_connect candidates=822 tries=5
15:45:35 | DEBUG   | eda.router             | [root] [GND] bfs Cell(col=80, row=26) → Cell(col=103, row=27)
15:45:35 | DEBUG   | eda.router             | [root] [GND] bfs done steps=870 cells=29
15:45:35 | INFO    | eda.router             | [root] [GND] [X_OUT] [GND] t_junction target=Cell(col=103, row=27) try=1
15:45:35 | WARNING | eda.router             | [root] [GND] OCCUPY_OVERLAP cell=Cell(col=79, row=26) existing_net=VCC_12V new_net=GND existing_wire=X_OUT:VCC_12V -> T new_wire=X_OUT:GND -> T
15:45:35 | INFO    | eda.router             | [root] [GND] [X_OUT] [GND] stub_in page=(80.01,33.02) dir=right steps=2 tip=Cell(col=80, row=26) tip_page=(101.60,33.02)
15:45:35 | INFO    | eda.router             | [root] [GND] [X_OUT] [GND] route right ×6, up ×2, right ×17, down ×3
15:45:35 | INFO    | eda.router             | [root] [GND] [X_OUT] [GND] wire X_OUT:GND -> T segments=4 cells=31
15:45:35 | INFO    | eda.router             | [root] [-] [X_OUT] [GND] t_junction recorded net=GND target=Cell(col=103, row=27) host=X_SEN_COND:GND -> T
15:45:35 | INFO    | eda.router             | [root] [GND] [X_OUT] [GND] ok t_junction=?
15:45:35 | INFO    | eda.router             | [root] [GND] [X_ACT] [GND] t_connect
15:45:35 | DEBUG   | eda.router             | [root] [GND] [X_ACT] [GND] t_connect candidates=854 tries=5
15:45:35 | DEBUG   | eda.router             | [root] [GND] bfs Cell(col=49, row=7) → Cell(col=80, row=26)
15:45:35 | DEBUG   | eda.router             | [root] [GND] bfs done steps=3939 cells=55
15:45:35 | INFO    | eda.router             | [root] [GND] [X_ACT] [GND] t_junction target=Cell(col=80, row=26) try=1
15:45:35 | WARNING | eda.router             | [root] [GND] OCCUPY_OVERLAP cell=Cell(col=79, row=7) existing_net=VCC_12V new_net=GND existing_wire=X_ACT:VCC_12V -> T new_wire=X_ACT:GND -> T
15:45:35 | INFO    | eda.router             | [root] [GND] [X_ACT] [GND] stub_in page=(41.91,8.89) dir=right steps=1 tip=Cell(col=49, row=7) tip_page=(62.23,8.89)
15:45:35 | INFO    | eda.router             | [root] [GND] [X_ACT] [GND] route right ×33, down ×17, left ×1, down ×2, left ×1
15:45:35 | INFO    | eda.router             | [root] [GND] [X_ACT] [GND] wire X_ACT:GND -> T segments=5 cells=56
15:45:35 | INFO    | eda.router             | [root] [-] [X_ACT] [GND] t_junction recorded net=GND target=Cell(col=80, row=26) host=X_OUT:GND -> T
15:45:35 | INFO    | eda.router             | [root] [GND] [X_ACT] [GND] ok t_junction=?
15:45:35 | INFO    | eda.router             | [root] [GND] [X_BACKLIGHT] [GND] t_connect
15:45:35 | DEBUG   | eda.router             | [root] [GND] [X_BACKLIGHT] [GND] t_connect candidates=913 tries=5
15:45:35 | DEBUG   | eda.router             | [root] [GND] bfs Cell(col=19, row=30) → Cell(col=49, row=7)
15:45:35 | DEBUG   | eda.router             | [root] [GND] bfs done steps=6511 cells=72
15:45:35 | INFO    | eda.router             | [root] [GND] [X_BACKLIGHT] [GND] t_junction target=Cell(col=49, row=7) try=1
15:45:35 | WARNING | eda.router             | [root] [GND] OCCUPY_OVERLAP cell=Cell(col=32, row=3) existing_net=VCC_12V new_net=GND existing_wire=X_ACT:VCC_12V -> T new_wire=X_BACKLIGHT:GND -> T
15:45:35 | WARNING | eda.router             | [root] [GND] OCCUPY_OVERLAP cell=Cell(col=32, row=2) existing_net=VCC_12V new_net=GND existing_wire=X_ACT:VCC_12V -> T new_wire=X_BACKLIGHT:GND -> T
15:45:35 | WARNING | eda.router             | [root] [GND] OCCUPY_OVERLAP cell=Cell(col=51, row=5) existing_net=VCC_12V new_net=GND existing_wire=X_ACT:VCC_12V -> T new_wire=X_BACKLIGHT:GND -> T
15:45:35 | INFO    | eda.router             | [root] [GND] [X_BACKLIGHT] [GND] stub_in page=(3.81,38.10) dir=right steps=1 tip=Cell(col=19, row=30) tip_page=(24.13,38.10)
15:45:35 | INFO    | eda.router             | [root] [GND] [X_BACKLIGHT] [GND] route right ×11, up ×27, right ×2, up ×3, right ×19, down ×7, left ×2
15:45:35 | INFO    | eda.router             | [root] [GND] [X_BACKLIGHT] [GND] wire X_BACKLIGHT:GND -> T segments=7 cells=73
15:45:35 | INFO    | eda.router             | [root] [-] [X_BACKLIGHT] [GND] t_junction recorded net=GND target=Cell(col=49, row=7) host=X_ACT:GND -> T
15:45:35 | INFO    | eda.router             | [root] [GND] [X_BACKLIGHT] [GND] ok t_junction=?
15:45:35 | INFO    | eda.router             | [root] [GND] [X_CAN] [GND] t_connect
15:45:35 | DEBUG   | eda.router             | [root] [GND] [X_CAN] [GND] t_connect candidates=991 tries=5
15:45:35 | DEBUG   | eda.router             | [root] [GND] bfs Cell(col=183, row=26) → Cell(col=182, row=26)
15:45:35 | DEBUG   | eda.router             | [root] [GND] bfs done steps=3 cells=2
15:45:35 | INFO    | eda.router             | [root] [GND] [X_CAN] [GND] t_junction target=Cell(col=182, row=26) try=1
15:45:35 | WARNING | eda.router             | [root] [GND] OCCUPY_OVERLAP cell=Cell(col=175, row=26) existing_net=VCC_5V new_net=GND existing_wire=X_CAN:VCC_5V -> X_PWR:VCC_5V new_wire=X_CAN:GND -> T
15:45:35 | INFO    | eda.router             | [root] [GND] [X_CAN] [GND] stub_in page=(201.93,33.02) dir=right steps=9 tip=Cell(col=183, row=26) tip_page=(232.41,33.02)
15:45:35 | INFO    | eda.router             | [root] [GND] [X_CAN] [GND] route left ×1
15:45:35 | INFO    | eda.router             | [root] [GND] [X_CAN] [GND] wire X_CAN:GND -> T segments=1 cells=11
15:45:35 | INFO    | eda.router             | [root] [-] [X_CAN] [GND] t_junction recorded net=GND target=Cell(col=182, row=26) host=X_CAN:GND -> T
15:45:35 | INFO    | eda.router             | [root] [GND] [X_CAN] [GND] ok t_junction=?
15:45:35 | INFO    | eda.router             | [root] [GND] [X_PWR] [GND] t_connect
15:45:35 | DEBUG   | eda.router             | [root] [GND] [X_PWR] [GND] t_connect candidates=993 tries=5
15:45:35 | DEBUG   | eda.router             | [root] [GND] bfs Cell(col=3, row=85) → Cell(col=19, row=85)
15:45:35 | DEBUG   | eda.router             | [root] [GND] bfs done steps=14629 cells=107
15:45:35 | INFO    | eda.router             | [root] [GND] [X_PWR] [GND] t_junction target=Cell(col=19, row=85) try=1
15:45:35 | INFO    | eda.router             | [root] [GND] [X_PWR] [GND] route left ×1, down ×44, right ×17, up ×44
15:45:35 | INFO    | eda.router             | [root] [GND] [X_PWR] [GND] wire X_PWR:GND -> T segments=4 cells=107
15:45:35 | INFO    | eda.router             | [root] [-] [X_PWR] [GND] t_junction recorded net=GND target=Cell(col=19, row=85) host=X_PWR:GND -> T
15:45:35 | INFO    | eda.router             | [root] [GND] [X_PWR] [GND] ok t_junction=?
15:45:35 | INFO    | eda.router             | [root] [GND] [X_UI] [GND] t_connect
15:45:35 | DEBUG   | eda.router             | [root] [GND] [X_UI] [GND] t_connect candidates=1103 tries=5
15:45:35 | DEBUG   | eda.router             | [root] [GND] bfs Cell(col=251, row=13) → Cell(col=250, row=13)
15:45:35 | DEBUG   | eda.router             | [root] [GND] bfs done steps=3 cells=2
15:45:35 | INFO    | eda.router             | [root] [GND] [X_UI] [GND] t_junction target=Cell(col=250, row=13) try=1
15:45:35 | WARNING | eda.router             | [root] [GND] OCCUPY_OVERLAP cell=Cell(col=247, row=13) existing_net=VCC_3V3 new_net=GND existing_wire=X_SEN_HEAT:VCC_3V3 -> T new_wire=X_UI:GND -> T
15:45:35 | INFO    | eda.router             | [root] [GND] [X_UI] [GND] stub_in page=(288.29,16.51) dir=right steps=5 tip=Cell(col=251, row=13) tip_page=(318.77,16.51)
15:45:35 | INFO    | eda.router             | [root] [GND] [X_UI] [GND] route left ×1
15:45:35 | INFO    | eda.router             | [root] [GND] [X_UI] [GND] wire X_UI:GND -> T segments=1 cells=7
15:45:35 | INFO    | eda.router             | [root] [-] [X_UI] [GND] t_junction recorded net=GND target=Cell(col=250, row=13) host=X_UI:GND -> T
15:45:35 | INFO    | eda.router             | [root] [GND] [X_UI] [GND] ok t_junction=?
15:45:35 | INFO    | eda.router             | [root] [GND] [X_SEN_CABIN] [GND] t_connect
15:45:35 | DEBUG   | eda.router             | [root] [GND] [X_SEN_CABIN] [GND] t_connect candidates=1105 tries=5
15:45:35 | DEBUG   | eda.router             | [root] [GND] bfs Cell(col=135, row=28) → Cell(col=134, row=27)
15:45:35 | DEBUG   | eda.router             | [root] [GND] bfs done steps=4 cells=3
15:45:35 | INFO    | eda.router             | [root] [GND] [X_SEN_CABIN] [GND] t_junction target=Cell(col=134, row=27) try=1
15:45:35 | INFO    | eda.router             | [root] [GND] [X_SEN_CABIN] [GND] route left ×1, up ×1
15:45:35 | INFO    | eda.router             | [root] [GND] [X_SEN_CABIN] [GND] wire X_SEN_CABIN:GND -> T segments=2 cells=3
15:45:35 | INFO    | eda.router             | [root] [-] [X_SEN_CABIN] [GND] t_junction recorded net=GND target=Cell(col=134, row=27) host=X_SEN_SOLAR:GND -> T
15:45:35 | INFO    | eda.router             | [root] [GND] [X_SEN_CABIN] [GND] ok t_junction=?
15:45:35 | INFO    | eda.router             | [root] [GND] [X_SEN_HEAT] [GND] t_connect
15:45:35 | DEBUG   | eda.router             | [root] [GND] [X_SEN_HEAT] [GND] t_connect candidates=1109 tries=5
15:45:35 | DEBUG   | eda.router             | [root] [GND] bfs Cell(col=222, row=28) → Cell(col=221, row=28)
15:45:35 | DEBUG   | eda.router             | [root] [GND] bfs done steps=3 cells=2
15:45:35 | INFO    | eda.router             | [root] [GND] [X_SEN_HEAT] [GND] t_junction target=Cell(col=221, row=28) try=1
15:45:35 | INFO    | eda.router             | [root] [GND] [X_SEN_HEAT] [GND] stub_in page=(257.81,35.56) dir=right steps=4 tip=Cell(col=222, row=28) tip_page=(281.94,35.56)
15:45:35 | INFO    | eda.router             | [root] [GND] [X_SEN_HEAT] [GND] route left ×1
15:45:35 | INFO    | eda.router             | [root] [GND] [X_SEN_HEAT] [GND] wire X_SEN_HEAT:GND -> T segments=1 cells=6
15:45:35 | INFO    | eda.router             | [root] [-] [X_SEN_HEAT] [GND] t_junction recorded net=GND target=Cell(col=221, row=28) host=X_SEN_HEAT:GND -> T
15:45:35 | INFO    | eda.router             | [root] [GND] [X_SEN_HEAT] [GND] ok t_junction=?
15:45:35 | INFO    | eda.router             | [root] [GND] [X_SEN_SOLAR] [GND] t_connect
15:45:35 | DEBUG   | eda.router             | [root] [GND] [X_SEN_SOLAR] [GND] t_connect candidates=1111 tries=5
15:45:35 | DEBUG   | eda.router             | [root] [GND] bfs Cell(col=111, row=27) → Cell(col=110, row=27)
15:45:35 | DEBUG   | eda.router             | [root] [GND] bfs done steps=2 cells=2
15:45:35 | INFO    | eda.router             | [root] [GND] [X_SEN_SOLAR] [GND] t_junction target=Cell(col=110, row=27) try=1
15:45:35 | INFO    | eda.router             | [root] [GND] [X_SEN_SOLAR] [GND] route left ×1
15:45:35 | INFO    | eda.router             | [root] [GND] [X_SEN_SOLAR] [GND] wire X_SEN_SOLAR:GND -> T segments=1 cells=2
15:45:35 | INFO    | eda.router             | [root] [-] [X_SEN_SOLAR] [GND] t_junction recorded net=GND target=Cell(col=110, row=27) host=X_SEN_COND:GND -> T
15:45:35 | INFO    | eda.router             | [root] [GND] [X_SEN_SOLAR] [GND] ok t_junction=?
15:45:35 | INFO    | eda.router             | [root] [GND] [X_SEN_COND] [GND] t_connect
15:45:35 | DEBUG   | eda.router             | [root] [GND] [X_SEN_COND] [GND] t_connect candidates=1113 tries=5
15:45:35 | DEBUG   | eda.router             | [root] [GND] bfs Cell(col=87, row=27) → Cell(col=86, row=26)
15:45:35 | DEBUG   | eda.router             | [root] [GND] bfs done steps=4 cells=3
15:45:35 | INFO    | eda.router             | [root] [GND] [X_SEN_COND] [GND] t_junction target=Cell(col=86, row=26) try=1
15:45:35 | INFO    | eda.router             | [root] [GND] [X_SEN_COND] [GND] route left ×1, up ×1
15:45:35 | INFO    | eda.router             | [root] [GND] [X_SEN_COND] [GND] wire X_SEN_COND:GND -> T segments=2 cells=3
15:45:35 | INFO    | eda.router             | [root] [-] [X_SEN_COND] [GND] t_junction recorded net=GND target=Cell(col=86, row=26) host=X_OUT:GND -> T
15:45:35 | INFO    | eda.router             | [root] [GND] [X_SEN_COND] [GND] ok t_junction=?
15:45:35 | INFO    | eda.router             | [root] [GND] [X_OUT] [GND] t_connect
15:45:35 | DEBUG   | eda.router             | [root] [GND] [X_OUT] [GND] t_connect candidates=1117 tries=5
15:45:35 | DEBUG   | eda.router             | [root] [GND] bfs Cell(col=63, row=26) → Cell(col=80, row=26)
15:45:35 | DEBUG   | eda.router             | [root] [GND] bfs done steps=1146 cells=32
15:45:35 | INFO    | eda.router             | [root] [GND] [X_OUT] [GND] t_junction target=Cell(col=80, row=26) try=1
15:45:35 | WARNING | eda.router             | [root] [GND] OCCUPY_OVERLAP cell=Cell(col=79, row=21) existing_net=VCC_12V new_net=GND existing_wire=X_ACT:VCC_12V -> T new_wire=X_OUT:GND -> T
15:45:35 | INFO    | eda.router             | [root] [GND] [X_OUT] [GND] route left ×1, up ×5, right ×19, down ×5, left ×1
15:45:35 | INFO    | eda.router             | [root] [GND] [X_OUT] [GND] wire X_OUT:GND -> T segments=5 cells=32
15:45:35 | INFO    | eda.router             | [root] [-] [X_OUT] [GND] t_junction recorded net=GND target=Cell(col=80, row=26) host=X_OUT:GND -> T
15:45:35 | INFO    | eda.router             | [root] [GND] [X_OUT] [GND] ok t_junction=?
15:45:35 | INFO    | eda.router             | [root] [GND] [X_ACT] [GND] t_connect
15:45:35 | DEBUG   | eda.router             | [root] [GND] [X_ACT] [GND] t_connect candidates=1153 tries=5
15:45:35 | DEBUG   | eda.router             | [root] [GND] bfs Cell(col=33, row=7) → Cell(col=30, row=7)
15:45:35 | DEBUG   | eda.router             | [root] [GND] bfs done steps=6 cells=4
15:45:35 | INFO    | eda.router             | [root] [GND] [X_ACT] [GND] t_junction target=Cell(col=30, row=7) try=1
15:45:35 | INFO    | eda.router             | [root] [GND] [X_ACT] [GND] route left ×3
15:45:35 | INFO    | eda.router             | [root] [GND] [X_ACT] [GND] wire X_ACT:GND -> T segments=1 cells=4
15:45:35 | INFO    | eda.router             | [root] [-] [X_ACT] [GND] t_junction recorded net=GND target=Cell(col=30, row=7) host=X_BACKLIGHT:GND -> T
15:45:35 | INFO    | eda.router             | [root] [GND] [X_ACT] [GND] ok t_junction=?
15:45:35 | INFO    | eda.router             | [root] [GND] [X_BACKLIGHT] [GND] t_connect
15:45:35 | DEBUG   | eda.router             | [root] [GND] [X_BACKLIGHT] [GND] t_connect candidates=1157 tries=5
15:45:35 | DEBUG   | eda.router             | [root] [GND] bfs Cell(col=31, row=30) → Cell(col=30, row=30)
15:45:35 | DEBUG   | eda.router             | [root] [GND] bfs done steps=3 cells=2
15:45:35 | INFO    | eda.router             | [root] [GND] [X_BACKLIGHT] [GND] t_junction target=Cell(col=30, row=30) try=1
15:45:35 | INFO    | eda.router             | [root] [GND] [X_BACKLIGHT] [GND] stub_in page=(3.81,38.10) dir=right steps=13 tip=Cell(col=31, row=30) tip_page=(39.37,38.10)
15:45:35 | INFO    | eda.router             | [root] [GND] [X_BACKLIGHT] [GND] route left ×1
15:45:35 | INFO    | eda.router             | [root] [GND] [X_BACKLIGHT] [GND] wire X_BACKLIGHT:GND -> T segments=1 cells=15
15:45:35 | INFO    | eda.router             | [root] [-] [X_BACKLIGHT] [GND] t_junction recorded net=GND target=Cell(col=30, row=30) host=X_BACKLIGHT:GND -> T
15:45:35 | INFO    | eda.router             | [root] [GND] [X_BACKLIGHT] [GND] ok t_junction=?
15:45:35 | DEBUG   | eda.router             | [root] [GND] rss=121.4 net_wires=30 total_wires=60
15:45:35 | DEBUG   | eda.router             | [root] [NRST] pins=U1:7, R1:2, C21:1
15:45:35 | INFO    | eda.router             | [root] [NRST] [U1] [7] connect U1:7 → R1:2
15:45:35 | DEBUG   | eda.router             | [root] [NRST] bfs Cell(col=25, row=71) → Cell(col=211, row=108)
15:45:36 | DEBUG   | eda.router             | [root] [NRST] bfs done steps=65648 cells=348
15:45:36 | WARNING | eda.router             | [root] [NRST] OCCUPY_OVERLAP cell=Cell(col=26, row=71) existing_net=VCC_12V new_net=NRST existing_wire=X_PWR:VCC_12V -> X_SEN_CABIN:VCC_12V new_wire=U1:7 -> R1:2
15:45:36 | WARNING | eda.router             | [root] [NRST] OCCUPY_OVERLAP cell=Cell(col=24, row=71) existing_net=VCC_3V3 new_net=NRST existing_wire=X_PWR:VCC_3V3 -> T new_wire=U1:7 -> R1:2
15:45:36 | WARNING | eda.router             | [root] [NRST] OCCUPY_OVERLAP cell=Cell(col=21, row=71) existing_net=VCC_5V new_net=NRST existing_wire=X_CAN:VCC_5V -> X_PWR:VCC_5V new_wire=U1:7 -> R1:2
15:45:36 | WARNING | eda.router             | [root] [NRST] OCCUPY_OVERLAP cell=Cell(col=2, row=128) existing_net=GND new_net=NRST existing_wire=X_PWR:GND -> T new_wire=U1:7 -> R1:2
15:45:36 | WARNING | eda.router             | [root] [NRST] OCCUPY_OVERLAP cell=Cell(col=2, row=129) existing_net=GND new_net=NRST existing_wire=X_PWR:GND -> T new_wire=U1:7 -> R1:2
15:45:36 | WARNING | eda.router             | [root] [NRST] OCCUPY_OVERLAP cell=Cell(col=26, row=140) existing_net=GND new_net=NRST existing_wire=X_PWR:GND -> T new_wire=U1:7 -> R1:2
15:45:36 | WARNING | eda.router             | [root] [NRST] OCCUPY_OVERLAP cell=Cell(col=26, row=141) existing_net=GND new_net=NRST existing_wire=X_PWR:GND -> T new_wire=U1:7 -> R1:2
15:45:36 | WARNING | eda.router             | [root] [NRST] OCCUPY_OVERLAP cell=Cell(col=211, row=107) existing_net=VDDA_3V3 new_net=NRST existing_wire=FB1:2 -> C10:1 new_wire=U1:7 -> R1:2
15:45:36 | INFO    | eda.router             | [root] [NRST] [U1] [7] stub_in page=(34.29,90.17) dir=left steps=2 tip=Cell(col=25, row=71) tip_page=(31.75,90.17)
15:45:36 | INFO    | eda.router             | [root] [NRST] [U1] [7] route left ×25, down ×57, right ×2, down ×3, right ×22, down ×9, right ×2, down ×3, right ×14, down ×1, right ×2, down ×1, right ×169, up ×37
15:45:36 | INFO    | eda.router             | [root] [NRST] [U1] [7] wire U1:7 -> R1:2 segments=14 cells=352
15:45:36 | INFO    | eda.router             | [root] [NRST] [R1] [2] stub_out page=(267.97,134.62) dir=down steps=2 tip=Cell(col=211, row=108) tip_page=(267.97,137.16)
15:45:36 | INFO    | eda.router             | [root] [NRST] [R1] [2] route left ×25, down ×57, right ×2, down ×3, right ×22, down ×9, right ×2, down ×3, right ×14, down ×1, right ×2, down ×1, right ×169, up ×37
15:45:36 | INFO    | eda.router             | [root] [NRST] [R1] [2] wire U1:7 -> R1:2 segments=14 cells=352
15:45:36 | INFO    | eda.router             | [root] [NRST] [U1] [7] ok segments=14
15:45:36 | INFO    | eda.router             | [root] [NRST] [C21] [1] t_connect
15:45:36 | DEBUG   | eda.router             | [root] [NRST] [C21] [1] t_connect candidates=361 tries=5
15:45:36 | DEBUG   | eda.router             | [root] [NRST] bfs Cell(col=194, row=26) → Cell(col=211, row=108)
15:45:36 | DEBUG   | eda.router             | [root] [NRST] bfs done steps=16014 cells=102
15:45:36 | INFO    | eda.router             | [root] [NRST] [C21] [1] t_junction target=Cell(col=211, row=108) try=1
15:45:36 | WARNING | eda.router             | [root] [NRST] OCCUPY_OVERLAP cell=Cell(col=195, row=26) existing_net=GND new_net=NRST existing_wire=X_UI:GND -> T new_wire=C21:1 -> T
15:45:36 | WARNING | eda.router             | [root] [NRST] OCCUPY_OVERLAP cell=Cell(col=202, row=26) existing_net=VCC_3V3 new_net=NRST existing_wire=X_SEN_HEAT:VCC_3V3 -> T new_wire=C21:1 -> T
15:45:36 | WARNING | eda.router             | [root] [NRST] OCCUPY_OVERLAP cell=Cell(col=209, row=99) existing_net=VCC_3V3 new_net=NRST existing_wire=FB1:1 -> T new_wire=C21:1 -> T
15:45:36 | WARNING | eda.router             | [root] [NRST] OCCUPY_OVERLAP cell=Cell(col=209, row=107) existing_net=VDDA_3V3 new_net=NRST existing_wire=FB1:2 -> C10:1 new_wire=C21:1 -> T
15:45:36 | INFO    | eda.router             | [root] [NRST] [C21] [1] stub_in page=(246.38,34.29) dir=up steps=1 tip=Cell(col=194, row=26) tip_page=(246.38,33.02)
15:45:36 | INFO    | eda.router             | [root] [NRST] [C21] [1] route right ×8, down ×10, right ×7, down ×73, right ×2, up ×1
15:45:36 | INFO    | eda.router             | [root] [NRST] [C21] [1] wire C21:1 -> T segments=6 cells=103
15:45:36 | INFO    | eda.router             | [root] [-] [C21] [1] t_junction recorded net=NRST target=Cell(col=211, row=108) host=U1:7 -> R1:2
15:45:36 | INFO    | eda.router             | [root] [NRST] [C21] [1] ok t_junction=?
15:45:36 | DEBUG   | eda.router             | [root] [NRST] rss=121.4 net_wires=2 total_wires=62
15:45:36 | DEBUG   | eda.router             | [root] [BOOT0] pins=R2:1, U1:60
15:45:36 | INFO    | eda.router             | [root] [BOOT0] [R2] [1] connect R2:1 → U1:60
15:45:36 | DEBUG   | eda.router             | [root] [BOOT0] bfs Cell(col=184, row=26) → Cell(col=25, row=75)
15:45:36 | DEBUG   | eda.router             | [root] [BOOT0] bfs done steps=75537 cells=311
15:45:36 | WARNING | eda.router             | [root] [BOOT0] OCCUPY_OVERLAP cell=Cell(col=176, row=22) existing_net=GND new_net=BOOT0 existing_wire=X_SEN_CABIN:GND -> T new_wire=R2:1 -> U1:60
15:45:36 | WARNING | eda.router             | [root] [BOOT0] OCCUPY_OVERLAP cell=Cell(col=176, row=21) existing_net=GND new_net=BOOT0 existing_wire=X_SEN_CABIN:GND -> T new_wire=R2:1 -> U1:60
15:45:36 | WARNING | eda.router             | [root] [BOOT0] OCCUPY_OVERLAP cell=Cell(col=82, row=19) existing_net=GND new_net=BOOT0 existing_wire=X_ACT:GND -> T new_wire=R2:1 -> U1:60
15:45:36 | WARNING | eda.router             | [root] [BOOT0] OCCUPY_OVERLAP cell=Cell(col=79, row=19) existing_net=VCC_12V new_net=BOOT0 existing_wire=X_ACT:VCC_12V -> T new_wire=R2:1 -> U1:60
15:45:36 | WARNING | eda.router             | [root] [BOOT0] OCCUPY_OVERLAP cell=Cell(col=53, row=7) existing_net=GND new_net=BOOT0 existing_wire=X_ACT:GND -> T new_wire=R2:1 -> U1:60
15:45:36 | WARNING | eda.router             | [root] [BOOT0] OCCUPY_OVERLAP cell=Cell(col=53, row=5) existing_net=VCC_12V new_net=BOOT0 existing_wire=X_ACT:VCC_12V -> T new_wire=R2:1 -> U1:60
15:45:36 | WARNING | eda.router             | [root] [BOOT0] OCCUPY_OVERLAP cell=Cell(col=51, row=3) existing_net=GND new_net=BOOT0 existing_wire=X_BACKLIGHT:GND -> T new_wire=R2:1 -> U1:60
15:45:36 | WARNING | eda.router             | [root] [BOOT0] OCCUPY_OVERLAP cell=Cell(col=49, row=3) existing_net=VCC_12V new_net=BOOT0 existing_wire=X_ACT:VCC_12V -> T new_wire=R2:1 -> U1:60
15:45:36 | WARNING | eda.router             | [root] [BOOT0] OCCUPY_OVERLAP cell=Cell(col=49, row=2) existing_net=VCC_12V new_net=BOOT0 existing_wire=X_ACT:VCC_12V -> T new_wire=R2:1 -> U1:60
15:45:36 | WARNING | eda.router             | [root] [BOOT0] OCCUPY_OVERLAP cell=Cell(col=49, row=0) existing_net=GND new_net=BOOT0 existing_wire=X_BACKLIGHT:GND -> T new_wire=R2:1 -> U1:60
15:45:36 | WARNING | eda.router             | [root] [BOOT0] OCCUPY_OVERLAP cell=Cell(col=19, row=71) existing_net=NRST new_net=BOOT0 existing_wire=U1:7 -> R1:2 new_wire=R2:1 -> U1:60
15:45:36 | WARNING | eda.router             | [root] [BOOT0] OCCUPY_OVERLAP cell=Cell(col=21, row=75) existing_net=VCC_5V new_net=BOOT0 existing_wire=X_CAN:VCC_5V -> X_PWR:VCC_5V new_wire=R2:1 -> U1:60
15:45:36 | WARNING | eda.router             | [root] [BOOT0] OCCUPY_OVERLAP cell=Cell(col=24, row=75) existing_net=VCC_3V3 new_net=BOOT0 existing_wire=X_PWR:VCC_3V3 -> T new_wire=R2:1 -> U1:60
15:45:36 | WARNING | eda.router             | [root] [BOOT0] OCCUPY_OVERLAP cell=Cell(col=26, row=75) existing_net=VCC_12V new_net=BOOT0 existing_wire=X_PWR:VCC_12V -> X_SEN_CABIN:VCC_12V new_wire=R2:1 -> U1:60
15:45:36 | INFO    | eda.router             | [root] [BOOT0] [R2] [1] stub_in page=(233.68,34.29) dir=up steps=1 tip=Cell(col=184, row=26) tip_page=(233.68,33.02)
15:45:36 | INFO    | eda.router             | [root] [BOOT0] [R2] [1] route up ×2, left ×6, up ×2, left ×2, up ×3, left ×123, up ×16, left ×4, up ×5, left ×47, down ×36, right ×17, down ×41, right ×6
15:45:36 | INFO    | eda.router             | [root] [BOOT0] [R2] [1] wire R2:1 -> U1:60 segments=14 cells=314
15:45:36 | INFO    | eda.router             | [root] [BOOT0] [U1] [60] stub_out page=(34.29,95.25) dir=left steps=2 tip=Cell(col=25, row=75) tip_page=(31.75,95.25)
15:45:36 | INFO    | eda.router             | [root] [BOOT0] [U1] [60] route up ×2, left ×6, up ×2, left ×2, up ×3, left ×123, up ×16, left ×4, up ×5, left ×47, down ×36, right ×17, down ×41, right ×6
15:45:36 | INFO    | eda.router             | [root] [BOOT0] [U1] [60] wire R2:1 -> U1:60 segments=14 cells=314
15:45:36 | INFO    | eda.router             | [root] [BOOT0] [R2] [1] ok segments=14
15:45:36 | DEBUG   | eda.router             | [root] [BOOT0] rss=121.4 net_wires=1 total_wires=63
15:45:36 | DEBUG   | eda.router             | [root] [SWDIO] pins=J2:2, U1:46
15:45:36 | INFO    | eda.router             | [root] [SWDIO] [J2] [2] connect J2:2 → U1:46
15:45:36 | DEBUG   | eda.router             | [root] [SWDIO] bfs Cell(col=69, row=102) → Cell(col=56, row=97)
15:45:36 | DEBUG   | eda.router             | [root] [SWDIO] bfs done steps=519 cells=19
15:45:36 | INFO    | eda.router             | [root] [SWDIO] [J2] [2] stub_in page=(90.17,129.54) dir=left steps=1 tip=Cell(col=69, row=102) tip_page=(87.63,129.54)
15:45:36 | INFO    | eda.router             | [root] [SWDIO] [J2] [2] route left ×13, up ×5
15:45:36 | INFO    | eda.router             | [root] [SWDIO] [J2] [2] wire J2:2 -> U1:46 segments=2 cells=21
15:45:36 | INFO    | eda.router             | [root] [SWDIO] [U1] [46] stub_out page=(69.85,123.19) dir=right steps=1 tip=Cell(col=56, row=97) tip_page=(71.12,123.19)
15:45:36 | INFO    | eda.router             | [root] [SWDIO] [U1] [46] route left ×13, up ×5
15:45:36 | INFO    | eda.router             | [root] [SWDIO] [U1] [46] wire J2:2 -> U1:46 segments=2 cells=21
15:45:36 | INFO    | eda.router             | [root] [SWDIO] [J2] [2] ok segments=2
15:45:36 | DEBUG   | eda.router             | [root] [SWDIO] rss=121.4 net_wires=1 total_wires=64
15:45:36 | DEBUG   | eda.router             | [root] [SWCLK] pins=J2:3, U1:49
15:45:36 | INFO    | eda.router             | [root] [SWCLK] [J2] [3] connect J2:3 → U1:49
15:45:36 | DEBUG   | eda.router             | [root] [SWCLK] bfs Cell(col=69, row=104) → Cell(col=57, row=99)
15:45:36 | DEBUG   | eda.router             | [root] [SWCLK] bfs done steps=459 cells=18
15:45:36 | WARNING | eda.router             | [root] [SWCLK] OCCUPY_OVERLAP cell=Cell(col=58, row=102) existing_net=SWDIO new_net=SWCLK existing_wire=J2:2 -> U1:46 new_wire=J2:3 -> U1:49
15:45:36 | WARNING | eda.router             | [root] [SWCLK] OCCUPY_OVERLAP cell=Cell(col=56, row=99) existing_net=SWDIO new_net=SWCLK existing_wire=J2:2 -> U1:46 new_wire=J2:3 -> U1:49
15:45:36 | INFO    | eda.router             | [root] [SWCLK] [J2] [3] stub_in page=(90.17,132.08) dir=left steps=1 tip=Cell(col=69, row=104) tip_page=(87.63,132.08)
15:45:36 | INFO    | eda.router             | [root] [SWCLK] [J2] [3] route left ×11, up ×5, left ×1
15:45:36 | INFO    | eda.router             | [root] [SWCLK] [J2] [3] wire J2:3 -> U1:49 segments=3 cells=21
15:45:36 | INFO    | eda.router             | [root] [SWCLK] [U1] [49] stub_out page=(69.85,125.73) dir=right steps=2 tip=Cell(col=57, row=99) tip_page=(72.39,125.73)
15:45:36 | INFO    | eda.router             | [root] [SWCLK] [U1] [49] route left ×11, up ×5, left ×1
15:45:36 | INFO    | eda.router             | [root] [SWCLK] [U1] [49] wire J2:3 -> U1:49 segments=3 cells=21
15:45:37 | INFO    | eda.router             | [root] [SWCLK] [J2] [3] ok segments=3
15:45:37 | DEBUG   | eda.router             | [root] [SWCLK] rss=121.4 net_wires=1 total_wires=65
15:45:37 | DEBUG   | eda.router             | [root] [BTN_DEFROST_GLASS] pins=U1:29, X_UI:BTN_DEFROST_GLASS, X_UI:BTN_DEFROST_GLASS
15:45:37 | INFO    | eda.router             | [root] [BTN_DEFROST_GLASS] [U1] [29] connect U1:29 → X_UI:BTN_DEFROST_GLASS
15:45:37 | DEBUG   | eda.router             | [root] [BTN_DEFROST_GLASS] bfs Cell(col=56, row=125) → Cell(col=225, row=11)
15:45:37 | DEBUG   | eda.router             | [root] [BTN_DEFROST_GLASS] bfs done steps=73293 cells=284
15:45:37 | WARNING | eda.router             | [root] [BTN_DEFROST_GLASS] OCCUPY_OVERLAP cell=Cell(col=71, row=125) existing_net=GND new_net=BTN_DEFROST_GLASS existing_wire=X_PWR:GND -> T new_wire=U1:29 -> X_UI:BTN_DEFROST_GLASS
15:45:37 | WARNING | eda.router             | [root] [BTN_DEFROST_GLASS] OCCUPY_OVERLAP cell=Cell(col=184, row=125) existing_net=GND new_net=BTN_DEFROST_GLASS existing_wire=U1:47 -> C5:2 new_wire=U1:29 -> X_UI:BTN_DEFROST_GLASS
15:45:37 | WARNING | eda.router             | [root] [BTN_DEFROST_GLASS] OCCUPY_OVERLAP cell=Cell(col=211, row=125) existing_net=NRST new_net=BTN_DEFROST_GLASS existing_wire=U1:7 -> R1:2 new_wire=U1:29 -> X_UI:BTN_DEFROST_GLASS
15:45:37 | WARNING | eda.router             | [root] [BTN_DEFROST_GLASS] OCCUPY_OVERLAP cell=Cell(col=224, row=107) existing_net=VDDA_3V3 new_net=BTN_DEFROST_GLASS existing_wire=FB1:2 -> C10:1 new_wire=U1:29 -> X_UI:BTN_DEFROST_GLASS
15:45:37 | WARNING | eda.router             | [root] [BTN_DEFROST_GLASS] OCCUPY_OVERLAP cell=Cell(col=224, row=99) existing_net=VCC_3V3 new_net=BTN_DEFROST_GLASS existing_wire=FB1:1 -> T new_wire=U1:29 -> X_UI:BTN_DEFROST_GLASS
15:45:37 | WARNING | eda.router             | [root] [BTN_DEFROST_GLASS] OCCUPY_OVERLAP cell=Cell(col=224, row=26) existing_net=VCC_3V3 new_net=BTN_DEFROST_GLASS existing_wire=X_SEN_HEAT:VCC_3V3 -> T new_wire=U1:29 -> X_UI:BTN_DEFROST_GLASS
15:45:37 | WARNING | eda.router             | [root] [BTN_DEFROST_GLASS] OCCUPY_OVERLAP cell=Cell(col=226, row=11) existing_net=VCC_3V3 new_net=BTN_DEFROST_GLASS existing_wire=X_SEN_HEAT:VCC_3V3 -> T new_wire=U1:29 -> X_UI:BTN_DEFROST_GLASS
15:45:37 | INFO    | eda.router             | [root] [BTN_DEFROST_GLASS] [U1] [29] stub_in page=(69.85,158.75) dir=right steps=1 tip=Cell(col=56, row=125) tip_page=(71.12,158.75)
15:45:37 | INFO    | eda.router             | [root] [BTN_DEFROST_GLASS] [U1] [29] route right ×168, up ×114, right ×1
15:45:37 | INFO    | eda.router             | [root] [BTN_DEFROST_GLASS] [U1] [29] wire U1:29 -> X_UI:BTN_DEFROST_GLASS segments=3 cells=287
15:45:37 | INFO    | eda.router             | [root] [BTN_DEFROST_GLASS] [X_UI] [BTN_DEFROST_GLASS] stub_out page=(312.42,13.97) dir=left steps=2 tip=Cell(col=225, row=11) tip_page=(285.75,13.97)
15:45:37 | INFO    | eda.router             | [root] [BTN_DEFROST_GLASS] [X_UI] [BTN_DEFROST_GLASS] route right ×168, up ×114, right ×1
15:45:37 | INFO    | eda.router             | [root] [BTN_DEFROST_GLASS] [X_UI] [BTN_DEFROST_GLASS] wire U1:29 -> X_UI:BTN_DEFROST_GLASS segments=3 cells=287
15:45:37 | INFO    | eda.router             | [root] [BTN_DEFROST_GLASS] [U1] [29] ok segments=3
15:45:37 | INFO    | eda.router             | [root] [BTN_DEFROST_GLASS] [X_UI] [BTN_DEFROST_GLASS] t_connect
15:45:37 | DEBUG   | eda.router             | [root] [BTN_DEFROST_GLASS] [X_UI] [BTN_DEFROST_GLASS] t_connect candidates=286 tries=5
15:45:37 | DEBUG   | eda.router             | [root] [BTN_DEFROST_GLASS] bfs Cell(col=223, row=11) → Cell(col=224, row=11)
15:45:37 | DEBUG   | eda.router             | [root] [BTN_DEFROST_GLASS] bfs done steps=2 cells=2
15:45:37 | INFO    | eda.router             | [root] [BTN_DEFROST_GLASS] [X_UI] [BTN_DEFROST_GLASS] t_junction target=Cell(col=224, row=11) try=1
15:45:37 | WARNING | eda.router             | [root] [BTN_DEFROST_GLASS] OCCUPY_OVERLAP cell=Cell(col=226, row=11) existing_net=VCC_3V3 new_net=BTN_DEFROST_GLASS existing_wire=X_SEN_HEAT:VCC_3V3 -> T new_wire=X_UI:BTN_DEFROST_GLASS -> T
15:45:37 | INFO    | eda.router             | [root] [BTN_DEFROST_GLASS] [X_UI] [BTN_DEFROST_GLASS] stub_in page=(312.42,13.97) dir=left steps=4 tip=Cell(col=223, row=11) tip_page=(283.21,13.97)
15:45:37 | INFO    | eda.router             | [root] [BTN_DEFROST_GLASS] [X_UI] [BTN_DEFROST_GLASS] route right ×1
15:45:37 | INFO    | eda.router             | [root] [BTN_DEFROST_GLASS] [X_UI] [BTN_DEFROST_GLASS] wire X_UI:BTN_DEFROST_GLASS -> T segments=1 cells=6
15:45:37 | INFO    | eda.router             | [root] [-] [X_UI] [BTN_DEFROST_GLASS] t_junction recorded net=BTN_DEFROST_GLASS target=Cell(col=224, row=11) host=U1:29 -> X_UI:BTN_DEFROST_GLASS
15:45:37 | INFO    | eda.router             | [root] [BTN_DEFROST_GLASS] [X_UI] [BTN_DEFROST_GLASS] ok t_junction=?
15:45:37 | DEBUG   | eda.router             | [root] [BTN_DEFROST_GLASS] rss=121.4 net_wires=2 total_wires=67
15:45:37 | DEBUG   | eda.router             | [root] [BTN_FACE] pins=U1:30, X_UI:BTN_FACE, X_UI:BTN_FACE
15:45:37 | INFO    | eda.router             | [root] [BTN_FACE] [U1] [30] connect U1:30 → X_UI:BTN_FACE
15:45:37 | DEBUG   | eda.router             | [root] [BTN_FACE] bfs Cell(col=56, row=127) → Cell(col=225, row=13)
15:45:38 | DEBUG   | eda.router             | [root] [BTN_FACE] bfs done steps=73006 cells=284
15:45:38 | WARNING | eda.router             | [root] [BTN_FACE] OCCUPY_OVERLAP cell=Cell(col=71, row=127) existing_net=GND new_net=BTN_FACE existing_wire=X_PWR:GND -> T new_wire=U1:30 -> X_UI:BTN_FACE
15:45:38 | WARNING | eda.router             | [root] [BTN_FACE] OCCUPY_OVERLAP cell=Cell(col=184, row=127) existing_net=GND new_net=BTN_FACE existing_wire=U1:47 -> C5:2 new_wire=U1:30 -> X_UI:BTN_FACE
15:45:38 | WARNING | eda.router             | [root] [BTN_FACE] OCCUPY_OVERLAP cell=Cell(col=200, row=125) existing_net=BTN_DEFROST_GLASS new_net=BTN_FACE existing_wire=U1:29 -> X_UI:BTN_DEFROST_GLASS new_wire=U1:30 -> X_UI:BTN_FACE
15:45:38 | WARNING | eda.router             | [root] [BTN_FACE] OCCUPY_OVERLAP cell=Cell(col=200, row=107) existing_net=VDDA_3V3 new_net=BTN_FACE existing_wire=FB1:2 -> C10:1 new_wire=U1:30 -> X_UI:BTN_FACE
15:45:38 | WARNING | eda.router             | [root] [BTN_FACE] OCCUPY_OVERLAP cell=Cell(col=200, row=99) existing_net=VCC_3V3 new_net=BTN_FACE existing_wire=FB1:1 -> T new_wire=U1:30 -> X_UI:BTN_FACE
15:45:38 | WARNING | eda.router             | [root] [BTN_FACE] OCCUPY_OVERLAP cell=Cell(col=200, row=26) existing_net=NRST new_net=BTN_FACE existing_wire=C21:1 -> T new_wire=U1:30 -> X_UI:BTN_FACE
15:45:38 | WARNING | eda.router             | [root] [BTN_FACE] OCCUPY_OVERLAP cell=Cell(col=202, row=24) existing_net=VCC_3V3 new_net=BTN_FACE existing_wire=X_SEN_HEAT:VCC_3V3 -> T new_wire=U1:30 -> X_UI:BTN_FACE
15:45:38 | WARNING | eda.router             | [root] [BTN_FACE] OCCUPY_OVERLAP cell=Cell(col=202, row=23) existing_net=VCC_3V3 new_net=BTN_FACE existing_wire=X_SEN_HEAT:VCC_3V3 -> T new_wire=U1:30 -> X_UI:BTN_FACE
15:45:38 | WARNING | eda.router             | [root] [BTN_FACE] OCCUPY_OVERLAP cell=Cell(col=219, row=21) existing_net=GND new_net=BTN_FACE existing_wire=X_SEN_HEAT:GND -> T new_wire=U1:30 -> X_UI:BTN_FACE
15:45:38 | WARNING | eda.router             | [root] [BTN_FACE] OCCUPY_OVERLAP cell=Cell(col=224, row=13) existing_net=BTN_DEFROST_GLASS new_net=BTN_FACE existing_wire=U1:29 -> X_UI:BTN_DEFROST_GLASS new_wire=U1:30 -> X_UI:BTN_FACE
15:45:38 | WARNING | eda.router             | [root] [BTN_FACE] OCCUPY_OVERLAP cell=Cell(col=226, row=13) existing_net=VCC_3V3 new_net=BTN_FACE existing_wire=X_SEN_HEAT:VCC_3V3 -> T new_wire=U1:30 -> X_UI:BTN_FACE
15:45:38 | INFO    | eda.router             | [root] [BTN_FACE] [U1] [30] stub_in page=(69.85,161.29) dir=right steps=1 tip=Cell(col=56, row=127) tip_page=(71.12,161.29)
15:45:38 | INFO    | eda.router             | [root] [BTN_FACE] [U1] [30] route right ×144, up ×103, right ×2, up ×3, right ×20, up ×8, right ×3
15:45:38 | INFO    | eda.router             | [root] [BTN_FACE] [U1] [30] wire U1:30 -> X_UI:BTN_FACE segments=7 cells=287
15:45:38 | INFO    | eda.router             | [root] [BTN_FACE] [X_UI] [BTN_FACE] stub_out page=(312.42,16.51) dir=left steps=2 tip=Cell(col=225, row=13) tip_page=(285.75,16.51)
15:45:38 | INFO    | eda.router             | [root] [BTN_FACE] [X_UI] [BTN_FACE] route right ×144, up ×103, right ×2, up ×3, right ×20, up ×8, right ×3
15:45:38 | INFO    | eda.router             | [root] [BTN_FACE] [X_UI] [BTN_FACE] wire U1:30 -> X_UI:BTN_FACE segments=7 cells=287
15:45:38 | INFO    | eda.router             | [root] [BTN_FACE] [U1] [30] ok segments=7
15:45:38 | INFO    | eda.router             | [root] [BTN_FACE] [X_UI] [BTN_FACE] t_connect
15:45:38 | DEBUG   | eda.router             | [root] [BTN_FACE] [X_UI] [BTN_FACE] t_connect candidates=290 tries=5
15:45:38 | DEBUG   | eda.router             | [root] [BTN_FACE] bfs Cell(col=221, row=13) → Cell(col=222, row=13)
15:45:38 | DEBUG   | eda.router             | [root] [BTN_FACE] bfs done steps=2 cells=2
15:45:38 | INFO    | eda.router             | [root] [BTN_FACE] [X_UI] [BTN_FACE] t_junction target=Cell(col=222, row=13) try=1
15:45:38 | WARNING | eda.router             | [root] [BTN_FACE] OCCUPY_OVERLAP cell=Cell(col=226, row=13) existing_net=VCC_3V3 new_net=BTN_FACE existing_wire=X_SEN_HEAT:VCC_3V3 -> T new_wire=X_UI:BTN_FACE -> T
15:45:38 | WARNING | eda.router             | [root] [BTN_FACE] OCCUPY_OVERLAP cell=Cell(col=224, row=13) existing_net=BTN_DEFROST_GLASS new_net=BTN_FACE existing_wire=U1:29 -> X_UI:BTN_DEFROST_GLASS new_wire=X_UI:BTN_FACE -> T
15:45:38 | INFO    | eda.router             | [root] [BTN_FACE] [X_UI] [BTN_FACE] stub_in page=(312.42,16.51) dir=left steps=6 tip=Cell(col=221, row=13) tip_page=(280.67,16.51)
15:45:38 | INFO    | eda.router             | [root] [BTN_FACE] [X_UI] [BTN_FACE] route right ×1
15:45:38 | INFO    | eda.router             | [root] [BTN_FACE] [X_UI] [BTN_FACE] wire X_UI:BTN_FACE -> T segments=1 cells=8
15:45:38 | INFO    | eda.router             | [root] [-] [X_UI] [BTN_FACE] t_junction recorded net=BTN_FACE target=Cell(col=222, row=13) host=U1:30 -> X_UI:BTN_FACE
15:45:38 | INFO    | eda.router             | [root] [BTN_FACE] [X_UI] [BTN_FACE] ok t_junction=?
15:45:38 | DEBUG   | eda.router             | [root] [BTN_FACE] rss=121.4 net_wires=2 total_wires=69
15:45:38 | DEBUG   | eda.router             | [root] [BTN_FEET] pins=U1:33, X_UI:BTN_FEET, X_UI:BTN_FEET
15:45:38 | INFO    | eda.router             | [root] [BTN_FEET] [U1] [33] connect U1:33 → X_UI:BTN_FEET
15:45:38 | DEBUG   | eda.router             | [root] [BTN_FEET] bfs Cell(col=56, row=129) → Cell(col=225, row=15)
15:45:38 | DEBUG   | eda.router             | [root] [BTN_FEET] bfs done steps=72664 cells=284
15:45:38 | WARNING | eda.router             | [root] [BTN_FEET] OCCUPY_OVERLAP cell=Cell(col=71, row=129) existing_net=GND new_net=BTN_FEET existing_wire=X_PWR:GND -> T new_wire=U1:33 -> X_UI:BTN_FEET
15:45:38 | WARNING | eda.router             | [root] [BTN_FEET] OCCUPY_OVERLAP cell=Cell(col=184, row=129) existing_net=GND new_net=BTN_FEET existing_wire=U1:47 -> C5:2 new_wire=U1:33 -> X_UI:BTN_FEET
15:45:38 | WARNING | eda.router             | [root] [BTN_FEET] OCCUPY_OVERLAP cell=Cell(col=198, row=127) existing_net=BTN_FACE new_net=BTN_FEET existing_wire=U1:30 -> X_UI:BTN_FACE new_wire=U1:33 -> X_UI:BTN_FEET
15:45:38 | WARNING | eda.router             | [root] [BTN_FEET] OCCUPY_OVERLAP cell=Cell(col=198, row=125) existing_net=BTN_DEFROST_GLASS new_net=BTN_FEET existing_wire=U1:29 -> X_UI:BTN_DEFROST_GLASS new_wire=U1:33 -> X_UI:BTN_FEET
15:45:38 | WARNING | eda.router             | [root] [BTN_FEET] OCCUPY_OVERLAP cell=Cell(col=198, row=107) existing_net=VDDA_3V3 new_net=BTN_FEET existing_wire=FB1:2 -> C10:1 new_wire=U1:33 -> X_UI:BTN_FEET
15:45:38 | WARNING | eda.router             | [root] [BTN_FEET] OCCUPY_OVERLAP cell=Cell(col=198, row=99) existing_net=VCC_3V3 new_net=BTN_FEET existing_wire=FB1:1 -> T new_wire=U1:33 -> X_UI:BTN_FEET
15:45:38 | WARNING | eda.router             | [root] [BTN_FEET] OCCUPY_OVERLAP cell=Cell(col=198, row=26) existing_net=NRST new_net=BTN_FEET existing_wire=C21:1 -> T new_wire=U1:33 -> X_UI:BTN_FEET
15:45:38 | WARNING | eda.router             | [root] [BTN_FEET] OCCUPY_OVERLAP cell=Cell(col=200, row=24) existing_net=BTN_FACE new_net=BTN_FEET existing_wire=U1:30 -> X_UI:BTN_FACE new_wire=U1:33 -> X_UI:BTN_FEET
15:45:38 | WARNING | eda.router             | [root] [BTN_FEET] OCCUPY_OVERLAP cell=Cell(col=202, row=22) existing_net=BTN_FACE new_net=BTN_FEET existing_wire=U1:30 -> X_UI:BTN_FACE new_wire=U1:33 -> X_UI:BTN_FEET
15:45:38 | WARNING | eda.router             | [root] [BTN_FEET] OCCUPY_OVERLAP cell=Cell(col=202, row=21) existing_net=BTN_FACE new_net=BTN_FEET existing_wire=U1:30 -> X_UI:BTN_FACE new_wire=U1:33 -> X_UI:BTN_FEET
15:45:38 | WARNING | eda.router             | [root] [BTN_FEET] OCCUPY_OVERLAP cell=Cell(col=219, row=15) existing_net=GND new_net=BTN_FEET existing_wire=X_SEN_HEAT:GND -> T new_wire=U1:33 -> X_UI:BTN_FEET
15:45:38 | WARNING | eda.router             | [root] [BTN_FEET] OCCUPY_OVERLAP cell=Cell(col=222, row=15) existing_net=BTN_FACE new_net=BTN_FEET existing_wire=U1:30 -> X_UI:BTN_FACE new_wire=U1:33 -> X_UI:BTN_FEET
15:45:38 | WARNING | eda.router             | [root] [BTN_FEET] OCCUPY_OVERLAP cell=Cell(col=224, row=15) existing_net=BTN_DEFROST_GLASS new_net=BTN_FEET existing_wire=U1:29 -> X_UI:BTN_DEFROST_GLASS new_wire=U1:33 -> X_UI:BTN_FEET
15:45:38 | WARNING | eda.router             | [root] [BTN_FEET] OCCUPY_OVERLAP cell=Cell(col=226, row=15) existing_net=VCC_3V3 new_net=BTN_FEET existing_wire=X_SEN_HEAT:VCC_3V3 -> T new_wire=U1:33 -> X_UI:BTN_FEET
15:45:38 | INFO    | eda.router             | [root] [BTN_FEET] [U1] [33] stub_in page=(69.85,163.83) dir=right steps=1 tip=Cell(col=56, row=129) tip_page=(71.12,163.83)
15:45:38 | INFO    | eda.router             | [root] [BTN_FEET] [U1] [33] route right ×142, up ×105, right ×2, up ×2, right ×2, up ×3, right ×15, up ×4, right ×8
15:45:38 | INFO    | eda.router             | [root] [BTN_FEET] [U1] [33] wire U1:33 -> X_UI:BTN_FEET segments=9 cells=287
15:45:38 | INFO    | eda.router             | [root] [BTN_FEET] [X_UI] [BTN_FEET] stub_out page=(312.42,19.05) dir=left steps=2 tip=Cell(col=225, row=15) tip_page=(285.75,19.05)
15:45:38 | INFO    | eda.router             | [root] [BTN_FEET] [X_UI] [BTN_FEET] route right ×142, up ×105, right ×2, up ×2, right ×2, up ×3, right ×15, up ×4, right ×8
15:45:38 | INFO    | eda.router             | [root] [BTN_FEET] [X_UI] [BTN_FEET] wire U1:33 -> X_UI:BTN_FEET segments=9 cells=287
15:45:38 | INFO    | eda.router             | [root] [BTN_FEET] [U1] [33] ok segments=9
15:45:38 | INFO    | eda.router             | [root] [BTN_FEET] [X_UI] [BTN_FEET] t_connect
15:45:38 | DEBUG   | eda.router             | [root] [BTN_FEET] [X_UI] [BTN_FEET] t_connect candidates=292 tries=5
15:45:38 | DEBUG   | eda.router             | [root] [BTN_FEET] bfs Cell(col=216, row=15) → Cell(col=217, row=15)
15:45:38 | DEBUG   | eda.router             | [root] [BTN_FEET] bfs done steps=2 cells=2
15:45:38 | INFO    | eda.router             | [root] [BTN_FEET] [X_UI] [BTN_FEET] t_junction target=Cell(col=217, row=15) try=1
15:45:38 | WARNING | eda.router             | [root] [BTN_FEET] OCCUPY_OVERLAP cell=Cell(col=226, row=15) existing_net=VCC_3V3 new_net=BTN_FEET existing_wire=X_SEN_HEAT:VCC_3V3 -> T new_wire=X_UI:BTN_FEET -> T
15:45:38 | WARNING | eda.router             | [root] [BTN_FEET] OCCUPY_OVERLAP cell=Cell(col=224, row=15) existing_net=BTN_DEFROST_GLASS new_net=BTN_FEET existing_wire=U1:29 -> X_UI:BTN_DEFROST_GLASS new_wire=X_UI:BTN_FEET -> T
15:45:38 | WARNING | eda.router             | [root] [BTN_FEET] OCCUPY_OVERLAP cell=Cell(col=222, row=15) existing_net=BTN_FACE new_net=BTN_FEET existing_wire=U1:30 -> X_UI:BTN_FACE new_wire=X_UI:BTN_FEET -> T
15:45:38 | WARNING | eda.router             | [root] [BTN_FEET] OCCUPY_OVERLAP cell=Cell(col=219, row=15) existing_net=GND new_net=BTN_FEET existing_wire=X_SEN_HEAT:GND -> T new_wire=X_UI:BTN_FEET -> T
15:45:38 | INFO    | eda.router             | [root] [BTN_FEET] [X_UI] [BTN_FEET] stub_in page=(312.42,19.05) dir=left steps=11 tip=Cell(col=216, row=15) tip_page=(274.32,19.05)
15:45:38 | INFO    | eda.router             | [root] [BTN_FEET] [X_UI] [BTN_FEET] route right ×1
15:45:38 | INFO    | eda.router             | [root] [BTN_FEET] [X_UI] [BTN_FEET] wire X_UI:BTN_FEET -> T segments=1 cells=13
15:45:38 | INFO    | eda.router             | [root] [-] [X_UI] [BTN_FEET] t_junction recorded net=BTN_FEET target=Cell(col=217, row=15) host=U1:33 -> X_UI:BTN_FEET
15:45:38 | INFO    | eda.router             | [root] [BTN_FEET] [X_UI] [BTN_FEET] ok t_junction=?
15:45:38 | DEBUG   | eda.router             | [root] [BTN_FEET] rss=121.4 net_wires=2 total_wires=71
15:45:38 | DEBUG   | eda.router             | [root] [BTN_DRY_GLASS] pins=U1:34, X_UI:BTN_DRY_GLASS, X_UI:BTN_DRY_GLASS
15:45:38 | INFO    | eda.router             | [root] [BTN_DRY_GLASS] [U1] [34] connect U1:34 → X_UI:BTN_DRY_GLASS
15:45:38 | DEBUG   | eda.router             | [root] [BTN_DRY_GLASS] bfs Cell(col=56, row=131) → Cell(col=225, row=17)
15:45:39 | DEBUG   | eda.router             | [root] [BTN_DRY_GLASS] bfs done steps=72261 cells=284
15:45:39 | WARNING | eda.router             | [root] [BTN_DRY_GLASS] OCCUPY_OVERLAP cell=Cell(col=71, row=131) existing_net=GND new_net=BTN_DRY_GLASS existing_wire=X_PWR:GND -> T new_wire=U1:34 -> X_UI:BTN_DRY_GLASS
15:45:39 | WARNING | eda.router             | [root] [BTN_DRY_GLASS] OCCUPY_OVERLAP cell=Cell(col=184, row=131) existing_net=GND new_net=BTN_DRY_GLASS existing_wire=U1:47 -> C5:2 new_wire=U1:34 -> X_UI:BTN_DRY_GLASS
15:45:39 | WARNING | eda.router             | [root] [BTN_DRY_GLASS] OCCUPY_OVERLAP cell=Cell(col=190, row=129) existing_net=BTN_FEET new_net=BTN_DRY_GLASS existing_wire=U1:33 -> X_UI:BTN_FEET new_wire=U1:34 -> X_UI:BTN_DRY_GLASS
15:45:39 | WARNING | eda.router             | [root] [BTN_DRY_GLASS] OCCUPY_OVERLAP cell=Cell(col=190, row=127) existing_net=BTN_FACE new_net=BTN_DRY_GLASS existing_wire=U1:30 -> X_UI:BTN_FACE new_wire=U1:34 -> X_UI:BTN_DRY_GLASS
15:45:39 | WARNING | eda.router             | [root] [BTN_DRY_GLASS] OCCUPY_OVERLAP cell=Cell(col=190, row=125) existing_net=BTN_DEFROST_GLASS new_net=BTN_DRY_GLASS existing_wire=U1:29 -> X_UI:BTN_DEFROST_GLASS new_wire=U1:34 -> X_UI:BTN_DRY_GLASS
15:45:39 | WARNING | eda.router             | [root] [BTN_DRY_GLASS] OCCUPY_OVERLAP cell=Cell(col=190, row=107) existing_net=GND new_net=BTN_DRY_GLASS existing_wire=C10:2 -> T new_wire=U1:34 -> X_UI:BTN_DRY_GLASS
15:45:39 | WARNING | eda.router             | [root] [BTN_DRY_GLASS] OCCUPY_OVERLAP cell=Cell(col=190, row=99) existing_net=VCC_3V3 new_net=BTN_DRY_GLASS existing_wire=FB1:1 -> T new_wire=U1:34 -> X_UI:BTN_DRY_GLASS
15:45:39 | WARNING | eda.router             | [root] [BTN_DRY_GLASS] OCCUPY_OVERLAP cell=Cell(col=190, row=60) existing_net=VDDA_3V3 new_net=BTN_DRY_GLASS existing_wire=U1:13 -> T new_wire=U1:34 -> X_UI:BTN_DRY_GLASS
15:45:39 | WARNING | eda.router             | [root] [BTN_DRY_GLASS] OCCUPY_OVERLAP cell=Cell(col=190, row=34) existing_net=GND new_net=BTN_DRY_GLASS existing_wire=R2:2 -> T new_wire=U1:34 -> X_UI:BTN_DRY_GLASS
15:45:39 | WARNING | eda.router             | [root] [BTN_DRY_GLASS] OCCUPY_OVERLAP cell=Cell(col=195, row=24) existing_net=GND new_net=BTN_DRY_GLASS existing_wire=X_UI:GND -> T new_wire=U1:34 -> X_UI:BTN_DRY_GLASS
15:45:39 | WARNING | eda.router             | [root] [BTN_DRY_GLASS] OCCUPY_OVERLAP cell=Cell(col=198, row=24) existing_net=BTN_FEET new_net=BTN_DRY_GLASS existing_wire=U1:33 -> X_UI:BTN_FEET new_wire=U1:34 -> X_UI:BTN_DRY_GLASS
15:45:39 | WARNING | eda.router             | [root] [BTN_DRY_GLASS] OCCUPY_OVERLAP cell=Cell(col=200, row=22) existing_net=BTN_FEET new_net=BTN_DRY_GLASS existing_wire=U1:33 -> X_UI:BTN_FEET new_wire=U1:34 -> X_UI:BTN_DRY_GLASS
15:45:39 | WARNING | eda.router             | [root] [BTN_DRY_GLASS] OCCUPY_OVERLAP cell=Cell(col=202, row=20) existing_net=BTN_FEET new_net=BTN_DRY_GLASS existing_wire=U1:33 -> X_UI:BTN_FEET new_wire=U1:34 -> X_UI:BTN_DRY_GLASS
15:45:39 | WARNING | eda.router             | [root] [BTN_DRY_GLASS] OCCUPY_OVERLAP cell=Cell(col=202, row=19) existing_net=BTN_FEET new_net=BTN_DRY_GLASS existing_wire=U1:33 -> X_UI:BTN_FEET new_wire=U1:34 -> X_UI:BTN_DRY_GLASS
15:45:39 | WARNING | eda.router             | [root] [BTN_DRY_GLASS] OCCUPY_OVERLAP cell=Cell(col=217, row=17) existing_net=BTN_FEET new_net=BTN_DRY_GLASS existing_wire=U1:33 -> X_UI:BTN_FEET new_wire=U1:34 -> X_UI:BTN_DRY_GLASS
15:45:39 | WARNING | eda.router             | [root] [BTN_DRY_GLASS] OCCUPY_OVERLAP cell=Cell(col=219, row=17) existing_net=GND new_net=BTN_DRY_GLASS existing_wire=X_SEN_HEAT:GND -> T new_wire=U1:34 -> X_UI:BTN_DRY_GLASS
15:45:39 | WARNING | eda.router             | [root] [BTN_DRY_GLASS] OCCUPY_OVERLAP cell=Cell(col=222, row=17) existing_net=BTN_FACE new_net=BTN_DRY_GLASS existing_wire=U1:30 -> X_UI:BTN_FACE new_wire=U1:34 -> X_UI:BTN_DRY_GLASS
15:45:39 | WARNING | eda.router             | [root] [BTN_DRY_GLASS] OCCUPY_OVERLAP cell=Cell(col=224, row=17) existing_net=BTN_DEFROST_GLASS new_net=BTN_DRY_GLASS existing_wire=U1:29 -> X_UI:BTN_DEFROST_GLASS new_wire=U1:34 -> X_UI:BTN_DRY_GLASS
15:45:39 | WARNING | eda.router             | [root] [BTN_DRY_GLASS] OCCUPY_OVERLAP cell=Cell(col=226, row=17) existing_net=VCC_3V3 new_net=BTN_DRY_GLASS existing_wire=X_SEN_HEAT:VCC_3V3 -> T new_wire=U1:34 -> X_UI:BTN_DRY_GLASS
15:45:39 | INFO    | eda.router             | [root] [BTN_DRY_GLASS] [U1] [34] stub_in page=(69.85,166.37) dir=right steps=1 tip=Cell(col=56, row=131) tip_page=(71.12,166.37)
15:45:39 | INFO    | eda.router             | [root] [BTN_DRY_GLASS] [U1] [34] route right ×134, up ×99, right ×2, up ×6, right ×1, up ×2, right ×5, up ×2, right ×2, up ×2, right ×2, up ×3, right ×23
15:45:39 | INFO    | eda.router             | [root] [BTN_DRY_GLASS] [U1] [34] wire U1:34 -> X_UI:BTN_DRY_GLASS segments=13 cells=287
15:45:39 | INFO    | eda.router             | [root] [BTN_DRY_GLASS] [X_UI] [BTN_DRY_GLASS] stub_out page=(312.42,21.59) dir=left steps=2 tip=Cell(col=225, row=17) tip_page=(285.75,21.59)
15:45:39 | INFO    | eda.router             | [root] [BTN_DRY_GLASS] [X_UI] [BTN_DRY_GLASS] route right ×134, up ×99, right ×2, up ×6, right ×1, up ×2, right ×5, up ×2, right ×2, up ×2, right ×2, up ×3, right ×23
15:45:39 | INFO    | eda.router             | [root] [BTN_DRY_GLASS] [X_UI] [BTN_DRY_GLASS] wire U1:34 -> X_UI:BTN_DRY_GLASS segments=13 cells=287
15:45:39 | INFO    | eda.router             | [root] [BTN_DRY_GLASS] [U1] [34] ok segments=13
15:45:39 | INFO    | eda.router             | [root] [BTN_DRY_GLASS] [X_UI] [BTN_DRY_GLASS] t_connect
15:45:39 | DEBUG   | eda.router             | [root] [BTN_DRY_GLASS] [X_UI] [BTN_DRY_GLASS] t_connect candidates=296 tries=5
15:45:39 | DEBUG   | eda.router             | [root] [BTN_DRY_GLASS] bfs Cell(col=246, row=17) → Cell(col=225, row=17)
15:45:39 | DEBUG   | eda.router             | [root] [BTN_DRY_GLASS] bfs done steps=8847 cells=80
15:45:39 | INFO    | eda.router             | [root] [BTN_DRY_GLASS] [X_UI] [BTN_DRY_GLASS] t_junction target=Cell(col=225, row=17) try=1
15:45:39 | WARNING | eda.router             | [root] [BTN_DRY_GLASS] OCCUPY_OVERLAP cell=Cell(col=247, row=17) existing_net=VCC_3V3 new_net=BTN_DRY_GLASS existing_wire=X_SEN_HEAT:VCC_3V3 -> T new_wire=X_UI:BTN_DRY_GLASS -> T
15:45:39 | WARNING | eda.router             | [root] [BTN_DRY_GLASS] OCCUPY_OVERLAP cell=Cell(col=251, row=13) existing_net=GND new_net=BTN_DRY_GLASS existing_wire=X_UI:GND -> T new_wire=X_UI:BTN_DRY_GLASS -> T
15:45:39 | WARNING | eda.router             | [root] [BTN_DRY_GLASS] OCCUPY_OVERLAP cell=Cell(col=249, row=9) existing_net=GND new_net=BTN_DRY_GLASS existing_wire=X_UI:GND -> T new_wire=X_UI:BTN_DRY_GLASS -> T
15:45:39 | WARNING | eda.router             | [root] [BTN_DRY_GLASS] OCCUPY_OVERLAP cell=Cell(col=247, row=7) existing_net=GND new_net=BTN_DRY_GLASS existing_wire=X_UI:GND -> T new_wire=X_UI:BTN_DRY_GLASS -> T
15:45:39 | WARNING | eda.router             | [root] [BTN_DRY_GLASS] OCCUPY_OVERLAP cell=Cell(col=247, row=6) existing_net=GND new_net=BTN_DRY_GLASS existing_wire=X_UI:GND -> T new_wire=X_UI:BTN_DRY_GLASS -> T
15:45:39 | WARNING | eda.router             | [root] [BTN_DRY_GLASS] OCCUPY_OVERLAP cell=Cell(col=216, row=6) existing_net=GND new_net=BTN_DRY_GLASS existing_wire=X_UI:GND -> T new_wire=X_UI:BTN_DRY_GLASS -> T
15:45:39 | WARNING | eda.router             | [root] [BTN_DRY_GLASS] OCCUPY_OVERLAP cell=Cell(col=216, row=15) existing_net=BTN_FEET new_net=BTN_DRY_GLASS existing_wire=X_UI:BTN_FEET -> T new_wire=X_UI:BTN_DRY_GLASS -> T
15:45:39 | WARNING | eda.router             | [root] [BTN_DRY_GLASS] OCCUPY_OVERLAP cell=Cell(col=217, row=17) existing_net=BTN_FEET new_net=BTN_DRY_GLASS existing_wire=U1:33 -> X_UI:BTN_FEET new_wire=X_UI:BTN_DRY_GLASS -> T
15:45:39 | WARNING | eda.router             | [root] [BTN_DRY_GLASS] OCCUPY_OVERLAP cell=Cell(col=219, row=17) existing_net=GND new_net=BTN_DRY_GLASS existing_wire=X_SEN_HEAT:GND -> T new_wire=X_UI:BTN_DRY_GLASS -> T
15:45:39 | WARNING | eda.router             | [root] [BTN_DRY_GLASS] OCCUPY_OVERLAP cell=Cell(col=222, row=17) existing_net=BTN_FACE new_net=BTN_DRY_GLASS existing_wire=U1:30 -> X_UI:BTN_FACE new_wire=X_UI:BTN_DRY_GLASS -> T
15:45:39 | WARNING | eda.router             | [root] [BTN_DRY_GLASS] OCCUPY_OVERLAP cell=Cell(col=224, row=17) existing_net=BTN_DEFROST_GLASS new_net=BTN_DRY_GLASS existing_wire=U1:29 -> X_UI:BTN_DEFROST_GLASS new_wire=X_UI:BTN_DRY_GLASS -> T
15:45:39 | INFO    | eda.router             | [root] [BTN_DRY_GLASS] [X_UI] [BTN_DRY_GLASS] route right ×5, up ×4, right ×1, up ×2, left ×1, up ×2, left ×2, up ×2, left ×2, up ×3, left ×31, down ×11, left ×1, down ×2, right ×10
15:45:39 | INFO    | eda.router             | [root] [BTN_DRY_GLASS] [X_UI] [BTN_DRY_GLASS] wire X_UI:BTN_DRY_GLASS -> T segments=15 cells=80
15:45:39 | INFO    | eda.router             | [root] [-] [X_UI] [BTN_DRY_GLASS] t_junction recorded net=BTN_DRY_GLASS target=Cell(col=225, row=17) host=U1:34 -> X_UI:BTN_DRY_GLASS
15:45:39 | INFO    | eda.router             | [root] [BTN_DRY_GLASS] [X_UI] [BTN_DRY_GLASS] ok t_junction=?
15:45:39 | DEBUG   | eda.router             | [root] [BTN_DRY_GLASS] rss=121.4 net_wires=2 total_wires=73
15:45:39 | DEBUG   | eda.router             | [root] [BTN_AC] pins=U1:35, X_UI:BTN_AC, X_UI:BTN_AC
15:45:39 | INFO    | eda.router             | [root] [BTN_AC] [U1] [35] connect U1:35 → X_UI:BTN_AC
15:45:39 | DEBUG   | eda.router             | [root] [BTN_AC] bfs Cell(col=56, row=133) → Cell(col=225, row=19)
15:45:40 | WARNING | eda.router             | [root] [BTN_AC] [U1] [35] fail U1:35 → X_UI:BTN_AC
15:45:40 | WARNING | eda.router             | [root] [BTN_AC] [U1] [35] visited=86781
15:45:40 | WARNING | eda.router             | [root] [BTN_AC] frontier count=3601
15:45:40 | INFO    | eda.router             | [root] [BTN_AC] [U1] [35] label net=BTN_AC reason=route failed
15:45:40 | INFO    | eda.router             | [root] [BTN_AC] [X_UI] [BTN_AC] label net=BTN_AC reason=route failed
15:45:40 | WARNING | eda.router             | [root] [BTN_AC] fallback labels_on=U1:35,X_UI:BTN_AC
15:45:40 | WARNING | eda.router             | [root] [BTN_AC] [U1] [35] fail U1:35 → X_UI:BTN_AC
15:45:40 | DEBUG   | eda.router             | [root] [BTN_AC] rss=121.4 net_wires=0 total_wires=73
15:45:40 | DEBUG   | eda.router             | [root] [BTN_RECIRC] pins=U1:36, X_UI:BTN_RECIRC, X_UI:BTN_RECIRC
15:45:40 | INFO    | eda.router             | [root] [BTN_RECIRC] [U1] [36] connect U1:36 → X_UI:BTN_RECIRC
15:45:40 | DEBUG   | eda.router             | [root] [BTN_RECIRC] bfs Cell(col=56, row=135) → Cell(col=225, row=21)
15:45:41 | WARNING | eda.router             | [root] [BTN_RECIRC] [U1] [36] fail U1:36 → X_UI:BTN_RECIRC
15:45:41 | WARNING | eda.router             | [root] [BTN_RECIRC] [U1] [36] visited=86781
15:45:41 | WARNING | eda.router             | [root] [BTN_RECIRC] frontier count=3601
15:45:41 | INFO    | eda.router             | [root] [BTN_RECIRC] [U1] [36] label net=BTN_RECIRC reason=route failed
15:45:41 | INFO    | eda.router             | [root] [BTN_RECIRC] [X_UI] [BTN_RECIRC] label net=BTN_RECIRC reason=route failed
15:45:41 | WARNING | eda.router             | [root] [BTN_RECIRC] fallback labels_on=U1:36,X_UI:BTN_RECIRC
15:45:41 | WARNING | eda.router             | [root] [BTN_RECIRC] [U1] [36] fail U1:36 → X_UI:BTN_RECIRC
15:45:41 | DEBUG   | eda.router             | [root] [BTN_RECIRC] rss=121.4 net_wires=0 total_wires=73
15:45:41 | DEBUG   | eda.router             | [root] [LED_DEFROST_GLASS_DRV] pins=X_UI:LED_DEFROST_GLASS_DRV, U1:50, X_UI:LED_DEFROST_GLASS_DRV
15:45:41 | INFO    | eda.router             | [root] [LED_DEFROST_GLASS_DRV] [X_UI] [LED_DEFROST_GLASS_DRV] connect X_UI:LED_DEFROST_GLASS_DRV → U1:50
15:45:41 | DEBUG   | eda.router             | [root] [LED_DEFROST_GLASS_DRV] bfs Cell(col=225, row=23) → Cell(col=57, row=101)
15:45:41 | WARNING | eda.router             | [root] [LED_DEFROST_GLASS_DRV] [X_UI] [LED_DEFROST_GLASS_DRV] fail X_UI:LED_DEFROST_GLASS_DRV → U1:50
15:45:41 | WARNING | eda.router             | [root] [LED_DEFROST_GLASS_DRV] [X_UI] [LED_DEFROST_GLASS_DRV] visited=15
15:45:41 | WARNING | eda.router             | [root] [LED_DEFROST_GLASS_DRV] frontier count=15
15:45:41 | INFO    | eda.router             | [root] [LED_DEFROST_GLASS_DRV] [X_UI] [LED_DEFROST_GLASS_DRV] label net=LED_DEFROST_GLASS_DRV reason=route failed
15:45:41 | INFO    | eda.router             | [root] [LED_DEFROST_GLASS_DRV] [U1] [50] label net=LED_DEFROST_GLASS_DRV reason=route failed
15:45:41 | WARNING | eda.router             | [root] [LED_DEFROST_GLASS_DRV] fallback labels_on=X_UI:LED_DEFROST_GLASS_DRV,U1:50
15:45:41 | WARNING | eda.router             | [root] [LED_DEFROST_GLASS_DRV] [X_UI] [LED_DEFROST_GLASS_DRV] fail X_UI:LED_DEFROST_GLASS_DRV → U1:50
15:45:41 | DEBUG   | eda.router             | [root] [LED_DEFROST_GLASS_DRV] rss=121.4 net_wires=0 total_wires=73
15:45:41 | DEBUG   | eda.router             | [root] [LED_FACE_DRV] pins=X_UI:LED_FACE_DRV, U1:55, X_UI:LED_FACE_DRV
15:45:41 | INFO    | eda.router             | [root] [LED_FACE_DRV] [X_UI] [LED_FACE_DRV] connect X_UI:LED_FACE_DRV → U1:55
15:45:41 | DEBUG   | eda.router             | [root] [LED_FACE_DRV] bfs Cell(col=225, row=25) → Cell(col=56, row=111)
15:45:42 | DEBUG   | eda.router             | [root] [LED_FACE_DRV] bfs done steps=58054 cells=258
15:45:42 | WARNING | eda.router             | [root] [LED_FACE_DRV] OCCUPY_OVERLAP cell=Cell(col=226, row=25) existing_net=VCC_3V3 new_net=LED_FACE_DRV existing_wire=X_SEN_HEAT:VCC_3V3 -> T new_wire=X_UI:LED_FACE_DRV -> U1:55
15:45:42 | WARNING | eda.router             | [root] [LED_FACE_DRV] OCCUPY_OVERLAP cell=Cell(col=226, row=25) existing_net=VCC_3V3 new_net=LED_FACE_DRV existing_wire=X_SEN_HEAT:VCC_3V3 -> T new_wire=X_UI:LED_FACE_DRV -> U1:55
15:45:42 | WARNING | eda.router             | [root] [LED_FACE_DRV] OCCUPY_OVERLAP cell=Cell(col=226, row=26) existing_net=VCC_3V3 new_net=LED_FACE_DRV existing_wire=X_SEN_HEAT:VCC_3V3 -> T new_wire=X_UI:LED_FACE_DRV -> U1:55
15:45:42 | WARNING | eda.router             | [root] [LED_FACE_DRV] OCCUPY_OVERLAP cell=Cell(col=224, row=30) existing_net=BTN_DEFROST_GLASS new_net=LED_FACE_DRV existing_wire=U1:29 -> X_UI:BTN_DEFROST_GLASS new_wire=X_UI:LED_FACE_DRV -> U1:55
15:45:42 | WARNING | eda.router             | [root] [LED_FACE_DRV] OCCUPY_OVERLAP cell=Cell(col=209, row=38) existing_net=NRST new_net=LED_FACE_DRV existing_wire=C21:1 -> T new_wire=X_UI:LED_FACE_DRV -> U1:55
15:45:42 | WARNING | eda.router             | [root] [LED_FACE_DRV] OCCUPY_OVERLAP cell=Cell(col=200, row=38) existing_net=BTN_FACE new_net=LED_FACE_DRV existing_wire=U1:30 -> X_UI:BTN_FACE new_wire=X_UI:LED_FACE_DRV -> U1:55
15:45:42 | WARNING | eda.router             | [root] [LED_FACE_DRV] OCCUPY_OVERLAP cell=Cell(col=198, row=38) existing_net=BTN_FEET new_net=LED_FACE_DRV existing_wire=U1:33 -> X_UI:BTN_FEET new_wire=X_UI:LED_FACE_DRV -> U1:55
15:45:42 | WARNING | eda.router             | [root] [LED_FACE_DRV] OCCUPY_OVERLAP cell=Cell(col=192, row=38) existing_net=GND new_net=LED_FACE_DRV existing_wire=C21:2 -> T new_wire=X_UI:LED_FACE_DRV -> U1:55
15:45:42 | WARNING | eda.router             | [root] [LED_FACE_DRV] OCCUPY_OVERLAP cell=Cell(col=190, row=38) existing_net=BTN_DRY_GLASS new_net=LED_FACE_DRV existing_wire=U1:34 -> X_UI:BTN_DRY_GLASS new_wire=X_UI:LED_FACE_DRV -> U1:55
15:45:42 | WARNING | eda.router             | [root] [LED_FACE_DRV] OCCUPY_OVERLAP cell=Cell(col=175, row=38) existing_net=VCC_5V new_net=LED_FACE_DRV existing_wire=X_CAN:VCC_5V -> X_PWR:VCC_5V new_wire=X_UI:LED_FACE_DRV -> U1:55
15:45:42 | WARNING | eda.router             | [root] [LED_FACE_DRV] OCCUPY_OVERLAP cell=Cell(col=151, row=40) existing_net=VCC_12V new_net=LED_FACE_DRV existing_wire=X_PWR:VCC_12V -> X_SEN_CABIN:VCC_12V new_wire=X_UI:LED_FACE_DRV -> U1:55
15:45:42 | WARNING | eda.router             | [root] [LED_FACE_DRV] OCCUPY_OVERLAP cell=Cell(col=79, row=40) existing_net=VCC_12V new_net=LED_FACE_DRV existing_wire=X_OUT:VCC_12V -> T new_wire=X_UI:LED_FACE_DRV -> U1:55
15:45:42 | WARNING | eda.router             | [root] [LED_FACE_DRV] OCCUPY_OVERLAP cell=Cell(col=60, row=60) existing_net=VDDA_3V3 new_net=LED_FACE_DRV existing_wire=U1:13 -> T new_wire=X_UI:LED_FACE_DRV -> U1:55
15:45:42 | WARNING | eda.router             | [root] [LED_FACE_DRV] OCCUPY_OVERLAP cell=Cell(col=60, row=62) existing_net=VCC_3V3 new_net=LED_FACE_DRV existing_wire=U1:48 -> T new_wire=X_UI:LED_FACE_DRV -> U1:55
15:45:42 | WARNING | eda.router             | [root] [LED_FACE_DRV] OCCUPY_OVERLAP cell=Cell(col=60, row=64) existing_net=VCC_12V new_net=LED_FACE_DRV existing_wire=X_PWR:VCC_12V -> X_SEN_CABIN:VCC_12V new_wire=X_UI:LED_FACE_DRV -> U1:55
15:45:42 | WARNING | eda.router             | [root] [LED_FACE_DRV] OCCUPY_OVERLAP cell=Cell(col=60, row=102) existing_net=SWDIO new_net=LED_FACE_DRV existing_wire=J2:2 -> U1:46 new_wire=X_UI:LED_FACE_DRV -> U1:55
15:45:42 | WARNING | eda.router             | [root] [LED_FACE_DRV] OCCUPY_OVERLAP cell=Cell(col=60, row=104) existing_net=SWCLK new_net=LED_FACE_DRV existing_wire=J2:3 -> U1:49 new_wire=X_UI:LED_FACE_DRV -> U1:55
15:45:42 | INFO    | eda.router             | [root] [LED_FACE_DRV] [X_UI] [LED_FACE_DRV] stub_in page=(312.42,31.75) dir=left steps=2 tip=Cell(col=225, row=25) tip_page=(285.75,31.75)
15:45:42 | INFO    | eda.router             | [root] [LED_FACE_DRV] [X_UI] [LED_FACE_DRV] route right ×1, down ×5, left ×7, down ×6, left ×8, down ×2, left ×36, down ×2, left ×115, down ×66, left ×4, down ×5
15:45:42 | INFO    | eda.router             | [root] [LED_FACE_DRV] [X_UI] [LED_FACE_DRV] wire X_UI:LED_FACE_DRV -> U1:55 segments=12 cells=261
15:45:42 | INFO    | eda.router             | [root] [LED_FACE_DRV] [U1] [55] stub_out page=(69.85,140.97) dir=right steps=1 tip=Cell(col=56, row=111) tip_page=(71.12,140.97)
15:45:42 | INFO    | eda.router             | [root] [LED_FACE_DRV] [U1] [55] route right ×1, down ×5, left ×7, down ×6, left ×8, down ×2, left ×36, down ×2, left ×115, down ×66, left ×4, down ×5
15:45:42 | INFO    | eda.router             | [root] [LED_FACE_DRV] [U1] [55] wire X_UI:LED_FACE_DRV -> U1:55 segments=12 cells=261
15:45:42 | INFO    | eda.router             | [root] [LED_FACE_DRV] [X_UI] [LED_FACE_DRV] ok segments=12
15:45:42 | INFO    | eda.router             | [root] [LED_FACE_DRV] [X_UI] [LED_FACE_DRV] t_connect
15:45:42 | DEBUG   | eda.router             | [root] [LED_FACE_DRV] [X_UI] [LED_FACE_DRV] t_connect candidates=269 tries=5
15:45:42 | DEBUG   | eda.router             | [root] [LED_FACE_DRV] bfs Cell(col=223, row=25) → Cell(col=225, row=25)
15:45:42 | DEBUG   | eda.router             | [root] [LED_FACE_DRV] bfs done steps=4 cells=3
15:45:42 | INFO    | eda.router             | [root] [LED_FACE_DRV] [X_UI] [LED_FACE_DRV] t_junction target=Cell(col=225, row=25) try=1
15:45:42 | WARNING | eda.router             | [root] [LED_FACE_DRV] OCCUPY_OVERLAP cell=Cell(col=226, row=25) existing_net=VCC_3V3 new_net=LED_FACE_DRV existing_wire=X_SEN_HEAT:VCC_3V3 -> T new_wire=X_UI:LED_FACE_DRV -> T
15:45:42 | WARNING | eda.router             | [root] [LED_FACE_DRV] OCCUPY_OVERLAP cell=Cell(col=224, row=25) existing_net=BTN_DEFROST_GLASS new_net=LED_FACE_DRV existing_wire=U1:29 -> X_UI:BTN_DEFROST_GLASS new_wire=X_UI:LED_FACE_DRV -> T
15:45:42 | WARNING | eda.router             | [root] [LED_FACE_DRV] OCCUPY_OVERLAP cell=Cell(col=224, row=25) existing_net=BTN_DEFROST_GLASS new_net=LED_FACE_DRV existing_wire=U1:29 -> X_UI:BTN_DEFROST_GLASS new_wire=X_UI:LED_FACE_DRV -> T
15:45:42 | INFO    | eda.router             | [root] [LED_FACE_DRV] [X_UI] [LED_FACE_DRV] stub_in page=(312.42,31.75) dir=left steps=4 tip=Cell(col=223, row=25) tip_page=(283.21,31.75)
15:45:42 | INFO    | eda.router             | [root] [LED_FACE_DRV] [X_UI] [LED_FACE_DRV] route right ×2
15:45:42 | INFO    | eda.router             | [root] [LED_FACE_DRV] [X_UI] [LED_FACE_DRV] wire X_UI:LED_FACE_DRV -> T segments=1 cells=7
15:45:42 | INFO    | eda.router             | [root] [-] [X_UI] [LED_FACE_DRV] t_junction recorded net=LED_FACE_DRV target=Cell(col=225, row=25) host=X_UI:LED_FACE_DRV -> U1:55
15:45:42 | INFO    | eda.router             | [root] [LED_FACE_DRV] [X_UI] [LED_FACE_DRV] ok t_junction=?
15:45:42 | DEBUG   | eda.router             | [root] [LED_FACE_DRV] rss=121.4 net_wires=2 total_wires=75
15:45:42 | DEBUG   | eda.router             | [root] [LED_FEET_DRV] pins=X_UI:LED_FEET_DRV, U1:56, X_UI:LED_FEET_DRV
15:45:42 | INFO    | eda.router             | [root] [LED_FEET_DRV] [X_UI] [LED_FEET_DRV] connect X_UI:LED_FEET_DRV → U1:56
15:45:42 | DEBUG   | eda.router             | [root] [LED_FEET_DRV] bfs Cell(col=225, row=27) → Cell(col=56, row=113)
15:45:42 | WARNING | eda.router             | [root] [LED_FEET_DRV] [X_UI] [LED_FEET_DRV] fail X_UI:LED_FEET_DRV → U1:56
15:45:42 | WARNING | eda.router             | [root] [LED_FEET_DRV] [X_UI] [LED_FEET_DRV] visited=9
15:45:42 | WARNING | eda.router             | [root] [LED_FEET_DRV] frontier count=7
15:45:42 | INFO    | eda.router             | [root] [LED_FEET_DRV] [X_UI] [LED_FEET_DRV] label net=LED_FEET_DRV reason=route failed
15:45:42 | INFO    | eda.router             | [root] [LED_FEET_DRV] [U1] [56] label net=LED_FEET_DRV reason=route failed
15:45:42 | WARNING | eda.router             | [root] [LED_FEET_DRV] fallback labels_on=X_UI:LED_FEET_DRV,U1:56
15:45:42 | WARNING | eda.router             | [root] [LED_FEET_DRV] [X_UI] [LED_FEET_DRV] fail X_UI:LED_FEET_DRV → U1:56
15:45:42 | DEBUG   | eda.router             | [root] [LED_FEET_DRV] rss=121.4 net_wires=0 total_wires=75
15:45:42 | DEBUG   | eda.router             | [root] [LED_DRY_GLASS_DRV] pins=X_UI:LED_DRY_GLASS_DRV, U1:3, X_UI:LED_DRY_GLASS_DRV
15:45:42 | INFO    | eda.router             | [root] [LED_DRY_GLASS_DRV] [X_UI] [LED_DRY_GLASS_DRV] connect X_UI:LED_DRY_GLASS_DRV → U1:3
15:45:42 | DEBUG   | eda.router             | [root] [LED_DRY_GLASS_DRV] bfs Cell(col=225, row=29) → Cell(col=25, row=115)
15:45:42 | DEBUG   | eda.router             | [root] [LED_DRY_GLASS_DRV] bfs done steps=72373 cells=359
15:45:42 | WARNING | eda.router             | [root] [LED_DRY_GLASS_DRV] OCCUPY_OVERLAP cell=Cell(col=226, row=29) existing_net=LED_FACE_DRV new_net=LED_DRY_GLASS_DRV existing_wire=X_UI:LED_FACE_DRV -> U1:55 new_wire=X_UI:LED_DRY_GLASS_DRV -> U1:3
15:45:42 | WARNING | eda.router             | [root] [LED_DRY_GLASS_DRV] OCCUPY_OVERLAP cell=Cell(col=226, row=29) existing_net=LED_FACE_DRV new_net=LED_DRY_GLASS_DRV existing_wire=X_UI:LED_FACE_DRV -> U1:55 new_wire=X_UI:LED_DRY_GLASS_DRV -> U1:3
15:45:42 | WARNING | eda.router             | [root] [LED_DRY_GLASS_DRV] OCCUPY_OVERLAP cell=Cell(col=226, row=30) existing_net=LED_FACE_DRV new_net=LED_DRY_GLASS_DRV existing_wire=X_UI:LED_FACE_DRV -> U1:55 new_wire=X_UI:LED_DRY_GLASS_DRV -> U1:3
15:45:42 | WARNING | eda.router             | [root] [LED_DRY_GLASS_DRV] OCCUPY_OVERLAP cell=Cell(col=224, row=32) existing_net=BTN_DEFROST_GLASS new_net=LED_DRY_GLASS_DRV existing_wire=U1:29 -> X_UI:BTN_DEFROST_GLASS new_wire=X_UI:LED_DRY_GLASS_DRV -> U1:3
15:45:42 | WARNING | eda.router             | [root] [LED_DRY_GLASS_DRV] OCCUPY_OVERLAP cell=Cell(col=219, row=35) existing_net=LED_FACE_DRV new_net=LED_DRY_GLASS_DRV existing_wire=X_UI:LED_FACE_DRV -> U1:55 new_wire=X_UI:LED_DRY_GLASS_DRV -> U1:3
15:45:42 | WARNING | eda.router             | [root] [LED_DRY_GLASS_DRV] OCCUPY_OVERLAP cell=Cell(col=219, row=36) existing_net=LED_FACE_DRV new_net=LED_DRY_GLASS_DRV existing_wire=X_UI:LED_FACE_DRV -> U1:55 new_wire=X_UI:LED_DRY_GLASS_DRV -> U1:3
15:45:42 | WARNING | eda.router             | [root] [LED_DRY_GLASS_DRV] OCCUPY_OVERLAP cell=Cell(col=211, row=38) existing_net=LED_FACE_DRV new_net=LED_DRY_GLASS_DRV existing_wire=X_UI:LED_FACE_DRV -> U1:55 new_wire=X_UI:LED_DRY_GLASS_DRV -> U1:3
15:45:42 | WARNING | eda.router             | [root] [LED_DRY_GLASS_DRV] OCCUPY_OVERLAP cell=Cell(col=209, row=40) existing_net=NRST new_net=LED_DRY_GLASS_DRV existing_wire=C21:1 -> T new_wire=X_UI:LED_DRY_GLASS_DRV -> U1:3
15:45:42 | WARNING | eda.router             | [root] [LED_DRY_GLASS_DRV] OCCUPY_OVERLAP cell=Cell(col=200, row=40) existing_net=BTN_FACE new_net=LED_DRY_GLASS_DRV existing_wire=U1:30 -> X_UI:BTN_FACE new_wire=X_UI:LED_DRY_GLASS_DRV -> U1:3
15:45:42 | WARNING | eda.router             | [root] [LED_DRY_GLASS_DRV] OCCUPY_OVERLAP cell=Cell(col=198, row=40) existing_net=BTN_FEET new_net=LED_DRY_GLASS_DRV existing_wire=U1:33 -> X_UI:BTN_FEET new_wire=X_UI:LED_DRY_GLASS_DRV -> U1:3
15:45:42 | WARNING | eda.router             | [root] [LED_DRY_GLASS_DRV] OCCUPY_OVERLAP cell=Cell(col=192, row=40) existing_net=GND new_net=LED_DRY_GLASS_DRV existing_wire=C21:2 -> T new_wire=X_UI:LED_DRY_GLASS_DRV -> U1:3
15:45:42 | WARNING | eda.router             | [root] [LED_DRY_GLASS_DRV] OCCUPY_OVERLAP cell=Cell(col=190, row=40) existing_net=BTN_DRY_GLASS new_net=LED_DRY_GLASS_DRV existing_wire=U1:34 -> X_UI:BTN_DRY_GLASS new_wire=X_UI:LED_DRY_GLASS_DRV -> U1:3
15:45:42 | WARNING | eda.router             | [root] [LED_DRY_GLASS_DRV] OCCUPY_OVERLAP cell=Cell(col=175, row=40) existing_net=LED_FACE_DRV new_net=LED_DRY_GLASS_DRV existing_wire=X_UI:LED_FACE_DRV -> U1:55 new_wire=X_UI:LED_DRY_GLASS_DRV -> U1:3
15:45:42 | WARNING | eda.router             | [root] [LED_DRY_GLASS_DRV] OCCUPY_OVERLAP cell=Cell(col=151, row=42) existing_net=VCC_12V new_net=LED_DRY_GLASS_DRV existing_wire=X_PWR:VCC_12V -> X_SEN_CABIN:VCC_12V new_wire=X_UI:LED_DRY_GLASS_DRV -> U1:3
15:45:42 | WARNING | eda.router             | [root] [LED_DRY_GLASS_DRV] OCCUPY_OVERLAP cell=Cell(col=79, row=42) existing_net=VCC_12V new_net=LED_DRY_GLASS_DRV existing_wire=X_OUT:VCC_12V -> T new_wire=X_UI:LED_DRY_GLASS_DRV -> U1:3
15:45:42 | WARNING | eda.router             | [root] [LED_DRY_GLASS_DRV] OCCUPY_OVERLAP cell=Cell(col=62, row=60) existing_net=VDDA_3V3 new_net=LED_DRY_GLASS_DRV existing_wire=U1:13 -> T new_wire=X_UI:LED_DRY_GLASS_DRV -> U1:3
15:45:42 | WARNING | eda.router             | [root] [LED_DRY_GLASS_DRV] OCCUPY_OVERLAP cell=Cell(col=62, row=62) existing_net=VCC_3V3 new_net=LED_DRY_GLASS_DRV existing_wire=U1:48 -> T new_wire=X_UI:LED_DRY_GLASS_DRV -> U1:3
15:45:42 | WARNING | eda.router             | [root] [LED_DRY_GLASS_DRV] OCCUPY_OVERLAP cell=Cell(col=62, row=64) existing_net=VCC_12V new_net=LED_DRY_GLASS_DRV existing_wire=X_PWR:VCC_12V -> X_SEN_CABIN:VCC_12V new_wire=X_UI:LED_DRY_GLASS_DRV -> U1:3
15:45:42 | WARNING | eda.router             | [root] [LED_DRY_GLASS_DRV] OCCUPY_OVERLAP cell=Cell(col=62, row=102) existing_net=SWDIO new_net=LED_DRY_GLASS_DRV existing_wire=J2:2 -> U1:46 new_wire=X_UI:LED_DRY_GLASS_DRV -> U1:3
15:45:42 | WARNING | eda.router             | [root] [LED_DRY_GLASS_DRV] OCCUPY_OVERLAP cell=Cell(col=62, row=104) existing_net=SWCLK new_net=LED_DRY_GLASS_DRV existing_wire=J2:3 -> U1:49 new_wire=X_UI:LED_DRY_GLASS_DRV -> U1:3
15:45:42 | WARNING | eda.router             | [root] [LED_DRY_GLASS_DRV] OCCUPY_OVERLAP cell=Cell(col=60, row=106) existing_net=LED_FACE_DRV new_net=LED_DRY_GLASS_DRV existing_wire=X_UI:LED_FACE_DRV -> U1:55 new_wire=X_UI:LED_DRY_GLASS_DRV -> U1:3
15:45:42 | WARNING | eda.router             | [root] [LED_DRY_GLASS_DRV] OCCUPY_OVERLAP cell=Cell(col=56, row=111) existing_net=LED_FACE_DRV new_net=LED_DRY_GLASS_DRV existing_wire=X_UI:LED_FACE_DRV -> U1:55 new_wire=X_UI:LED_DRY_GLASS_DRV -> U1:3
15:45:42 | WARNING | eda.router             | [root] [LED_DRY_GLASS_DRV] OCCUPY_OVERLAP cell=Cell(col=56, row=125) existing_net=BTN_DEFROST_GLASS new_net=LED_DRY_GLASS_DRV existing_wire=U1:29 -> X_UI:BTN_DEFROST_GLASS new_wire=X_UI:LED_DRY_GLASS_DRV -> U1:3
15:45:42 | WARNING | eda.router             | [root] [LED_DRY_GLASS_DRV] OCCUPY_OVERLAP cell=Cell(col=56, row=127) existing_net=BTN_FACE new_net=LED_DRY_GLASS_DRV existing_wire=U1:30 -> X_UI:BTN_FACE new_wire=X_UI:LED_DRY_GLASS_DRV -> U1:3
15:45:42 | WARNING | eda.router             | [root] [LED_DRY_GLASS_DRV] OCCUPY_OVERLAP cell=Cell(col=56, row=129) existing_net=BTN_FEET new_net=LED_DRY_GLASS_DRV existing_wire=U1:33 -> X_UI:BTN_FEET new_wire=X_UI:LED_DRY_GLASS_DRV -> U1:3
15:45:42 | WARNING | eda.router             | [root] [LED_DRY_GLASS_DRV] OCCUPY_OVERLAP cell=Cell(col=56, row=131) existing_net=BTN_DRY_GLASS new_net=LED_DRY_GLASS_DRV existing_wire=U1:34 -> X_UI:BTN_DRY_GLASS new_wire=X_UI:LED_DRY_GLASS_DRV -> U1:3
15:45:42 | WARNING | eda.router             | [root] [LED_DRY_GLASS_DRV] OCCUPY_OVERLAP cell=Cell(col=55, row=141) existing_net=GND new_net=LED_DRY_GLASS_DRV existing_wire=X_PWR:GND -> T new_wire=X_UI:LED_DRY_GLASS_DRV -> U1:3
15:45:42 | WARNING | eda.router             | [root] [LED_DRY_GLASS_DRV] OCCUPY_OVERLAP cell=Cell(col=55, row=142) existing_net=GND new_net=LED_DRY_GLASS_DRV existing_wire=U1:47 -> C5:2 new_wire=X_UI:LED_DRY_GLASS_DRV -> U1:3
15:45:42 | WARNING | eda.router             | [root] [LED_DRY_GLASS_DRV] OCCUPY_OVERLAP cell=Cell(col=55, row=145) existing_net=NRST new_net=LED_DRY_GLASS_DRV existing_wire=U1:7 -> R1:2 new_wire=X_UI:LED_DRY_GLASS_DRV -> U1:3
15:45:42 | WARNING | eda.router             | [root] [LED_DRY_GLASS_DRV] OCCUPY_OVERLAP cell=Cell(col=22, row=131) existing_net=NRST new_net=LED_DRY_GLASS_DRV existing_wire=U1:7 -> R1:2 new_wire=X_UI:LED_DRY_GLASS_DRV -> U1:3
15:45:42 | WARNING | eda.router             | [root] [LED_DRY_GLASS_DRV] OCCUPY_OVERLAP cell=Cell(col=26, row=115) existing_net=GND new_net=LED_DRY_GLASS_DRV existing_wire=X_PWR:GND -> T new_wire=X_UI:LED_DRY_GLASS_DRV -> U1:3
15:45:42 | INFO    | eda.router             | [root] [LED_DRY_GLASS_DRV] [X_UI] [LED_DRY_GLASS_DRV] stub_in page=(312.42,36.83) dir=left steps=2 tip=Cell(col=225, row=29) tip_page=(285.75,36.83)
15:45:42 | INFO    | eda.router             | [root] [LED_DRY_GLASS_DRV] [X_UI] [LED_DRY_GLASS_DRV] route right ×1, down ×3, left ×5, down ×3, left ×2, down ×3, left ×8, down ×2, left ×36, down ×2, left ×113, down ×64, left ×2, down ×2, left ×2, down ×3, left ×2, down ×25, left ×1, down ×11, left ×33, up ×18, right ×2, up ×14, right ×1
15:45:42 | INFO    | eda.router             | [root] [LED_DRY_GLASS_DRV] [X_UI] [LED_DRY_GLASS_DRV] wire X_UI:LED_DRY_GLASS_DRV -> U1:3 segments=25 cells=363
15:45:42 | INFO    | eda.router             | [root] [LED_DRY_GLASS_DRV] [U1] [3] stub_out page=(34.29,146.05) dir=left steps=2 tip=Cell(col=25, row=115) tip_page=(31.75,146.05)
15:45:42 | INFO    | eda.router             | [root] [LED_DRY_GLASS_DRV] [U1] [3] route right ×1, down ×3, left ×5, down ×3, left ×2, down ×3, left ×8, down ×2, left ×36, down ×2, left ×113, down ×64, left ×2, down ×2, left ×2, down ×3, left ×2, down ×25, left ×1, down ×11, left ×33, up ×18, right ×2, up ×14, right ×1
15:45:42 | INFO    | eda.router             | [root] [LED_DRY_GLASS_DRV] [U1] [3] wire X_UI:LED_DRY_GLASS_DRV -> U1:3 segments=25 cells=363
15:45:42 | INFO    | eda.router             | [root] [LED_DRY_GLASS_DRV] [X_UI] [LED_DRY_GLASS_DRV] ok segments=25
15:45:42 | INFO    | eda.router             | [root] [LED_DRY_GLASS_DRV] [X_UI] [LED_DRY_GLASS_DRV] t_connect
15:45:42 | DEBUG   | eda.router             | [root] [LED_DRY_GLASS_DRV] [X_UI] [LED_DRY_GLASS_DRV] t_connect candidates=383 tries=5
15:45:42 | DEBUG   | eda.router             | [root] [LED_DRY_GLASS_DRV] bfs Cell(col=223, row=29) → Cell(col=225, row=29)
15:45:42 | DEBUG   | eda.router             | [root] [LED_DRY_GLASS_DRV] bfs done steps=4 cells=3
15:45:42 | INFO    | eda.router             | [root] [LED_DRY_GLASS_DRV] [X_UI] [LED_DRY_GLASS_DRV] t_junction target=Cell(col=225, row=29) try=1
15:45:42 | WARNING | eda.router             | [root] [LED_DRY_GLASS_DRV] OCCUPY_OVERLAP cell=Cell(col=226, row=29) existing_net=LED_FACE_DRV new_net=LED_DRY_GLASS_DRV existing_wire=X_UI:LED_FACE_DRV -> U1:55 new_wire=X_UI:LED_DRY_GLASS_DRV -> T
15:45:42 | WARNING | eda.router             | [root] [LED_DRY_GLASS_DRV] OCCUPY_OVERLAP cell=Cell(col=224, row=29) existing_net=BTN_DEFROST_GLASS new_net=LED_DRY_GLASS_DRV existing_wire=U1:29 -> X_UI:BTN_DEFROST_GLASS new_wire=X_UI:LED_DRY_GLASS_DRV -> T
15:45:42 | WARNING | eda.router             | [root] [LED_DRY_GLASS_DRV] OCCUPY_OVERLAP cell=Cell(col=224, row=29) existing_net=BTN_DEFROST_GLASS new_net=LED_DRY_GLASS_DRV existing_wire=U1:29 -> X_UI:BTN_DEFROST_GLASS new_wire=X_UI:LED_DRY_GLASS_DRV -> T
15:45:42 | INFO    | eda.router             | [root] [LED_DRY_GLASS_DRV] [X_UI] [LED_DRY_GLASS_DRV] stub_in page=(312.42,36.83) dir=left steps=4 tip=Cell(col=223, row=29) tip_page=(283.21,36.83)
15:45:42 | INFO    | eda.router             | [root] [LED_DRY_GLASS_DRV] [X_UI] [LED_DRY_GLASS_DRV] route right ×2
15:45:42 | INFO    | eda.router             | [root] [LED_DRY_GLASS_DRV] [X_UI] [LED_DRY_GLASS_DRV] wire X_UI:LED_DRY_GLASS_DRV -> T segments=1 cells=7
15:45:42 | INFO    | eda.router             | [root] [-] [X_UI] [LED_DRY_GLASS_DRV] t_junction recorded net=LED_DRY_GLASS_DRV target=Cell(col=225, row=29) host=X_UI:LED_DRY_GLASS_DRV -> U1:3
15:45:42 | INFO    | eda.router             | [root] [LED_DRY_GLASS_DRV] [X_UI] [LED_DRY_GLASS_DRV] ok t_junction=?
15:45:42 | DEBUG   | eda.router             | [root] [LED_DRY_GLASS_DRV] rss=121.4 net_wires=2 total_wires=77
15:45:42 | DEBUG   | eda.router             | [root] [LED_AC_DRV] pins=X_UI:LED_AC_DRV, U1:4, X_UI:LED_AC_DRV
15:45:42 | INFO    | eda.router             | [root] [LED_AC_DRV] [X_UI] [LED_AC_DRV] connect X_UI:LED_AC_DRV → U1:4
15:45:42 | DEBUG   | eda.router             | [root] [LED_AC_DRV] bfs Cell(col=225, row=31) → Cell(col=25, row=117)
15:45:43 | DEBUG   | eda.router             | [root] [LED_AC_DRV] bfs done steps=73133 cells=365
15:45:43 | WARNING | eda.router             | [root] [LED_AC_DRV] OCCUPY_OVERLAP cell=Cell(col=226, row=31) existing_net=LED_DRY_GLASS_DRV new_net=LED_AC_DRV existing_wire=X_UI:LED_DRY_GLASS_DRV -> U1:3 new_wire=X_UI:LED_AC_DRV -> U1:4
15:45:43 | WARNING | eda.router             | [root] [LED_AC_DRV] OCCUPY_OVERLAP cell=Cell(col=226, row=31) existing_net=LED_DRY_GLASS_DRV new_net=LED_AC_DRV existing_wire=X_UI:LED_DRY_GLASS_DRV -> U1:3 new_wire=X_UI:LED_AC_DRV -> U1:4
15:45:43 | WARNING | eda.router             | [root] [LED_AC_DRV] OCCUPY_OVERLAP cell=Cell(col=226, row=32) existing_net=LED_DRY_GLASS_DRV new_net=LED_AC_DRV existing_wire=X_UI:LED_DRY_GLASS_DRV -> U1:3 new_wire=X_UI:LED_AC_DRV -> U1:4
15:45:43 | WARNING | eda.router             | [root] [LED_AC_DRV] OCCUPY_OVERLAP cell=Cell(col=224, row=34) existing_net=BTN_DEFROST_GLASS new_net=LED_AC_DRV existing_wire=U1:29 -> X_UI:BTN_DEFROST_GLASS new_wire=X_UI:LED_AC_DRV -> U1:4
15:45:43 | WARNING | eda.router             | [root] [LED_AC_DRV] OCCUPY_OVERLAP cell=Cell(col=221, row=34) existing_net=LED_DRY_GLASS_DRV new_net=LED_AC_DRV existing_wire=X_UI:LED_DRY_GLASS_DRV -> U1:3 new_wire=X_UI:LED_AC_DRV -> U1:4
15:45:43 | WARNING | eda.router             | [root] [LED_AC_DRV] OCCUPY_OVERLAP cell=Cell(col=221, row=35) existing_net=LED_DRY_GLASS_DRV new_net=LED_AC_DRV existing_wire=X_UI:LED_DRY_GLASS_DRV -> U1:3 new_wire=X_UI:LED_AC_DRV -> U1:4
15:45:43 | WARNING | eda.router             | [root] [LED_AC_DRV] OCCUPY_OVERLAP cell=Cell(col=219, row=37) existing_net=LED_DRY_GLASS_DRV new_net=LED_AC_DRV existing_wire=X_UI:LED_DRY_GLASS_DRV -> U1:3 new_wire=X_UI:LED_AC_DRV -> U1:4
15:45:43 | WARNING | eda.router             | [root] [LED_AC_DRV] OCCUPY_OVERLAP cell=Cell(col=219, row=38) existing_net=LED_DRY_GLASS_DRV new_net=LED_AC_DRV existing_wire=X_UI:LED_DRY_GLASS_DRV -> U1:3 new_wire=X_UI:LED_AC_DRV -> U1:4
15:45:43 | WARNING | eda.router             | [root] [LED_AC_DRV] OCCUPY_OVERLAP cell=Cell(col=211, row=40) existing_net=LED_DRY_GLASS_DRV new_net=LED_AC_DRV existing_wire=X_UI:LED_DRY_GLASS_DRV -> U1:3 new_wire=X_UI:LED_AC_DRV -> U1:4
15:45:43 | WARNING | eda.router             | [root] [LED_AC_DRV] OCCUPY_OVERLAP cell=Cell(col=209, row=42) existing_net=NRST new_net=LED_AC_DRV existing_wire=C21:1 -> T new_wire=X_UI:LED_AC_DRV -> U1:4
15:45:43 | WARNING | eda.router             | [root] [LED_AC_DRV] OCCUPY_OVERLAP cell=Cell(col=200, row=42) existing_net=BTN_FACE new_net=LED_AC_DRV existing_wire=U1:30 -> X_UI:BTN_FACE new_wire=X_UI:LED_AC_DRV -> U1:4
15:45:43 | WARNING | eda.router             | [root] [LED_AC_DRV] OCCUPY_OVERLAP cell=Cell(col=198, row=42) existing_net=BTN_FEET new_net=LED_AC_DRV existing_wire=U1:33 -> X_UI:BTN_FEET new_wire=X_UI:LED_AC_DRV -> U1:4
15:45:43 | WARNING | eda.router             | [root] [LED_AC_DRV] OCCUPY_OVERLAP cell=Cell(col=192, row=42) existing_net=GND new_net=LED_AC_DRV existing_wire=C21:2 -> T new_wire=X_UI:LED_AC_DRV -> U1:4
15:45:43 | WARNING | eda.router             | [root] [LED_AC_DRV] OCCUPY_OVERLAP cell=Cell(col=190, row=42) existing_net=BTN_DRY_GLASS new_net=LED_AC_DRV existing_wire=U1:34 -> X_UI:BTN_DRY_GLASS new_wire=X_UI:LED_AC_DRV -> U1:4
15:45:43 | WARNING | eda.router             | [root] [LED_AC_DRV] OCCUPY_OVERLAP cell=Cell(col=175, row=42) existing_net=LED_DRY_GLASS_DRV new_net=LED_AC_DRV existing_wire=X_UI:LED_DRY_GLASS_DRV -> U1:3 new_wire=X_UI:LED_AC_DRV -> U1:4
15:45:43 | WARNING | eda.router             | [root] [LED_AC_DRV] OCCUPY_OVERLAP cell=Cell(col=151, row=44) existing_net=VCC_12V new_net=LED_AC_DRV existing_wire=X_PWR:VCC_12V -> X_SEN_CABIN:VCC_12V new_wire=X_UI:LED_AC_DRV -> U1:4
15:45:43 | WARNING | eda.router             | [root] [LED_AC_DRV] OCCUPY_OVERLAP cell=Cell(col=79, row=44) existing_net=VCC_12V new_net=LED_AC_DRV existing_wire=X_OUT:VCC_12V -> T new_wire=X_UI:LED_AC_DRV -> U1:4
15:45:43 | WARNING | eda.router             | [root] [LED_AC_DRV] OCCUPY_OVERLAP cell=Cell(col=64, row=60) existing_net=VDDA_3V3 new_net=LED_AC_DRV existing_wire=U1:13 -> T new_wire=X_UI:LED_AC_DRV -> U1:4
15:45:43 | WARNING | eda.router             | [root] [LED_AC_DRV] OCCUPY_OVERLAP cell=Cell(col=64, row=62) existing_net=VCC_3V3 new_net=LED_AC_DRV existing_wire=U1:48 -> T new_wire=X_UI:LED_AC_DRV -> U1:4
15:45:43 | WARNING | eda.router             | [root] [LED_AC_DRV] OCCUPY_OVERLAP cell=Cell(col=64, row=64) existing_net=VCC_12V new_net=LED_AC_DRV existing_wire=X_PWR:VCC_12V -> X_SEN_CABIN:VCC_12V new_wire=X_UI:LED_AC_DRV -> U1:4
15:45:43 | WARNING | eda.router             | [root] [LED_AC_DRV] OCCUPY_OVERLAP cell=Cell(col=64, row=102) existing_net=SWDIO new_net=LED_AC_DRV existing_wire=J2:2 -> U1:46 new_wire=X_UI:LED_AC_DRV -> U1:4
15:45:43 | WARNING | eda.router             | [root] [LED_AC_DRV] OCCUPY_OVERLAP cell=Cell(col=64, row=104) existing_net=SWCLK new_net=LED_AC_DRV existing_wire=J2:3 -> U1:49 new_wire=X_UI:LED_AC_DRV -> U1:4
15:45:43 | WARNING | eda.router             | [root] [LED_AC_DRV] OCCUPY_OVERLAP cell=Cell(col=62, row=106) existing_net=LED_DRY_GLASS_DRV new_net=LED_AC_DRV existing_wire=X_UI:LED_DRY_GLASS_DRV -> U1:3 new_wire=X_UI:LED_AC_DRV -> U1:4
15:45:43 | WARNING | eda.router             | [root] [LED_AC_DRV] OCCUPY_OVERLAP cell=Cell(col=60, row=108) existing_net=LED_DRY_GLASS_DRV new_net=LED_AC_DRV existing_wire=X_UI:LED_DRY_GLASS_DRV -> U1:3 new_wire=X_UI:LED_AC_DRV -> U1:4
15:45:43 | WARNING | eda.router             | [root] [LED_AC_DRV] OCCUPY_OVERLAP cell=Cell(col=58, row=110) existing_net=LED_DRY_GLASS_DRV new_net=LED_AC_DRV existing_wire=X_UI:LED_DRY_GLASS_DRV -> U1:3 new_wire=X_UI:LED_AC_DRV -> U1:4
15:45:43 | WARNING | eda.router             | [root] [LED_AC_DRV] OCCUPY_OVERLAP cell=Cell(col=58, row=111) existing_net=LED_DRY_GLASS_DRV new_net=LED_AC_DRV existing_wire=X_UI:LED_DRY_GLASS_DRV -> U1:3 new_wire=X_UI:LED_AC_DRV -> U1:4
15:45:43 | WARNING | eda.router             | [root] [LED_AC_DRV] OCCUPY_OVERLAP cell=Cell(col=58, row=125) existing_net=BTN_DEFROST_GLASS new_net=LED_AC_DRV existing_wire=U1:29 -> X_UI:BTN_DEFROST_GLASS new_wire=X_UI:LED_AC_DRV -> U1:4
15:45:43 | WARNING | eda.router             | [root] [LED_AC_DRV] OCCUPY_OVERLAP cell=Cell(col=58, row=127) existing_net=BTN_FACE new_net=LED_AC_DRV existing_wire=U1:30 -> X_UI:BTN_FACE new_wire=X_UI:LED_AC_DRV -> U1:4
15:45:43 | WARNING | eda.router             | [root] [LED_AC_DRV] OCCUPY_OVERLAP cell=Cell(col=58, row=129) existing_net=BTN_FEET new_net=LED_AC_DRV existing_wire=U1:33 -> X_UI:BTN_FEET new_wire=X_UI:LED_AC_DRV -> U1:4
15:45:43 | WARNING | eda.router             | [root] [LED_AC_DRV] OCCUPY_OVERLAP cell=Cell(col=58, row=131) existing_net=BTN_DRY_GLASS new_net=LED_AC_DRV existing_wire=U1:34 -> X_UI:BTN_DRY_GLASS new_wire=X_UI:LED_AC_DRV -> U1:4
15:45:43 | WARNING | eda.router             | [root] [LED_AC_DRV] OCCUPY_OVERLAP cell=Cell(col=57, row=141) existing_net=GND new_net=LED_AC_DRV existing_wire=X_PWR:GND -> T new_wire=X_UI:LED_AC_DRV -> U1:4
15:45:43 | WARNING | eda.router             | [root] [LED_AC_DRV] OCCUPY_OVERLAP cell=Cell(col=57, row=142) existing_net=GND new_net=LED_AC_DRV existing_wire=U1:47 -> C5:2 new_wire=X_UI:LED_AC_DRV -> U1:4
15:45:43 | WARNING | eda.router             | [root] [LED_AC_DRV] OCCUPY_OVERLAP cell=Cell(col=57, row=145) existing_net=NRST new_net=LED_AC_DRV existing_wire=U1:7 -> R1:2 new_wire=X_UI:LED_AC_DRV -> U1:4
15:45:43 | WARNING | eda.router             | [root] [LED_AC_DRV] OCCUPY_OVERLAP cell=Cell(col=55, row=147) existing_net=LED_DRY_GLASS_DRV new_net=LED_AC_DRV existing_wire=X_UI:LED_DRY_GLASS_DRV -> U1:3 new_wire=X_UI:LED_AC_DRV -> U1:4
15:45:43 | WARNING | eda.router             | [root] [LED_AC_DRV] OCCUPY_OVERLAP cell=Cell(col=19, row=131) existing_net=NRST new_net=LED_AC_DRV existing_wire=U1:7 -> R1:2 new_wire=X_UI:LED_AC_DRV -> U1:4
15:45:43 | WARNING | eda.router             | [root] [LED_AC_DRV] OCCUPY_OVERLAP cell=Cell(col=19, row=129) existing_net=GND new_net=LED_AC_DRV existing_wire=X_PWR:GND -> T new_wire=X_UI:LED_AC_DRV -> U1:4
15:45:43 | WARNING | eda.router             | [root] [LED_AC_DRV] OCCUPY_OVERLAP cell=Cell(col=22, row=129) existing_net=LED_DRY_GLASS_DRV new_net=LED_AC_DRV existing_wire=X_UI:LED_DRY_GLASS_DRV -> U1:3 new_wire=X_UI:LED_AC_DRV -> U1:4
15:45:43 | WARNING | eda.router             | [root] [LED_AC_DRV] OCCUPY_OVERLAP cell=Cell(col=24, row=117) existing_net=LED_DRY_GLASS_DRV new_net=LED_AC_DRV existing_wire=X_UI:LED_DRY_GLASS_DRV -> U1:3 new_wire=X_UI:LED_AC_DRV -> U1:4
15:45:43 | WARNING | eda.router             | [root] [LED_AC_DRV] OCCUPY_OVERLAP cell=Cell(col=26, row=117) existing_net=GND new_net=LED_AC_DRV existing_wire=X_PWR:GND -> T new_wire=X_UI:LED_AC_DRV -> U1:4
15:45:43 | INFO    | eda.router             | [root] [LED_AC_DRV] [X_UI] [LED_AC_DRV] stub_in page=(312.42,39.37) dir=left steps=2 tip=Cell(col=225, row=31) tip_page=(285.75,39.37)
15:45:43 | INFO    | eda.router             | [root] [LED_AC_DRV] [X_UI] [LED_AC_DRV] route right ×1, down ×3, left ×5, down ×3, left ×2, down ×3, left ×8, down ×2, left ×36, down ×2, left ×111, down ×62, left ×2, down ×2, left ×2, down ×2, left ×2, down ×26, left ×1, down ×11, left ×2, down ×2, left ×36, up ×20, right ×3, up ×12, right ×3
15:45:43 | INFO    | eda.router             | [root] [LED_AC_DRV] [X_UI] [LED_AC_DRV] wire X_UI:LED_AC_DRV -> U1:4 segments=27 cells=369
15:45:43 | INFO    | eda.router             | [root] [LED_AC_DRV] [U1] [4] stub_out page=(34.29,148.59) dir=left steps=2 tip=Cell(col=25, row=117) tip_page=(31.75,148.59)
15:45:43 | INFO    | eda.router             | [root] [LED_AC_DRV] [U1] [4] route right ×1, down ×3, left ×5, down ×3, left ×2, down ×3, left ×8, down ×2, left ×36, down ×2, left ×111, down ×62, left ×2, down ×2, left ×2, down ×2, left ×2, down ×26, left ×1, down ×11, left ×2, down ×2, left ×36, up ×20, right ×3, up ×12, right ×3
15:45:43 | INFO    | eda.router             | [root] [LED_AC_DRV] [U1] [4] wire X_UI:LED_AC_DRV -> U1:4 segments=27 cells=369
15:45:43 | INFO    | eda.router             | [root] [LED_AC_DRV] [X_UI] [LED_AC_DRV] ok segments=27
15:45:43 | INFO    | eda.router             | [root] [LED_AC_DRV] [X_UI] [LED_AC_DRV] t_connect
15:45:43 | DEBUG   | eda.router             | [root] [LED_AC_DRV] [X_UI] [LED_AC_DRV] t_connect candidates=391 tries=5
15:45:43 | DEBUG   | eda.router             | [root] [LED_AC_DRV] bfs Cell(col=223, row=31) → Cell(col=225, row=31)
15:45:43 | DEBUG   | eda.router             | [root] [LED_AC_DRV] bfs done steps=5 cells=3
15:45:43 | INFO    | eda.router             | [root] [LED_AC_DRV] [X_UI] [LED_AC_DRV] t_junction target=Cell(col=225, row=31) try=1
15:45:43 | WARNING | eda.router             | [root] [LED_AC_DRV] OCCUPY_OVERLAP cell=Cell(col=226, row=31) existing_net=LED_DRY_GLASS_DRV new_net=LED_AC_DRV existing_wire=X_UI:LED_DRY_GLASS_DRV -> U1:3 new_wire=X_UI:LED_AC_DRV -> T
15:45:43 | WARNING | eda.router             | [root] [LED_AC_DRV] OCCUPY_OVERLAP cell=Cell(col=224, row=31) existing_net=BTN_DEFROST_GLASS new_net=LED_AC_DRV existing_wire=U1:29 -> X_UI:BTN_DEFROST_GLASS new_wire=X_UI:LED_AC_DRV -> T
15:45:43 | WARNING | eda.router             | [root] [LED_AC_DRV] OCCUPY_OVERLAP cell=Cell(col=224, row=31) existing_net=BTN_DEFROST_GLASS new_net=LED_AC_DRV existing_wire=U1:29 -> X_UI:BTN_DEFROST_GLASS new_wire=X_UI:LED_AC_DRV -> T
15:45:43 | INFO    | eda.router             | [root] [LED_AC_DRV] [X_UI] [LED_AC_DRV] stub_in page=(312.42,39.37) dir=left steps=4 tip=Cell(col=223, row=31) tip_page=(283.21,39.37)
15:45:43 | INFO    | eda.router             | [root] [LED_AC_DRV] [X_UI] [LED_AC_DRV] route right ×2
15:45:43 | INFO    | eda.router             | [root] [LED_AC_DRV] [X_UI] [LED_AC_DRV] wire X_UI:LED_AC_DRV -> T segments=1 cells=7
15:45:43 | INFO    | eda.router             | [root] [-] [X_UI] [LED_AC_DRV] t_junction recorded net=LED_AC_DRV target=Cell(col=225, row=31) host=X_UI:LED_AC_DRV -> U1:4
15:45:43 | INFO    | eda.router             | [root] [LED_AC_DRV] [X_UI] [LED_AC_DRV] ok t_junction=?
15:45:43 | DEBUG   | eda.router             | [root] [LED_AC_DRV] rss=121.4 net_wires=2 total_wires=79
15:45:43 | DEBUG   | eda.router             | [root] [LED_RECIRC_DRV] pins=X_UI:LED_RECIRC_DRV, U1:10, X_UI:LED_RECIRC_DRV
15:45:43 | INFO    | eda.router             | [root] [LED_RECIRC_DRV] [X_UI] [LED_RECIRC_DRV] connect X_UI:LED_RECIRC_DRV → U1:10
15:45:43 | DEBUG   | eda.router             | [root] [LED_RECIRC_DRV] bfs Cell(col=225, row=33) → Cell(col=25, row=91)
15:45:44 | WARNING | eda.router             | [root] [LED_RECIRC_DRV] [X_UI] [LED_RECIRC_DRV] fail X_UI:LED_RECIRC_DRV → U1:10
15:45:44 | WARNING | eda.router             | [root] [LED_RECIRC_DRV] [X_UI] [LED_RECIRC_DRV] visited=85949
15:45:44 | WARNING | eda.router             | [root] [LED_RECIRC_DRV] frontier count=3745
15:45:44 | INFO    | eda.router             | [root] [LED_RECIRC_DRV] [X_UI] [LED_RECIRC_DRV] label net=LED_RECIRC_DRV reason=route failed
15:45:44 | INFO    | eda.router             | [root] [LED_RECIRC_DRV] [U1] [10] label net=LED_RECIRC_DRV reason=route failed
15:45:44 | WARNING | eda.router             | [root] [LED_RECIRC_DRV] fallback labels_on=X_UI:LED_RECIRC_DRV,U1:10
15:45:44 | WARNING | eda.router             | [root] [LED_RECIRC_DRV] [X_UI] [LED_RECIRC_DRV] fail X_UI:LED_RECIRC_DRV → U1:10
15:45:44 | DEBUG   | eda.router             | [root] [LED_RECIRC_DRV] rss=121.4 net_wires=0 total_wires=79
15:45:44 | DEBUG   | eda.router             | [root] [TEMP_SET_ADC] pins=U1:14, X_UI:TEMP_SET_ADC, X_UI:TEMP_SET_ADC
15:45:44 | INFO    | eda.router             | [root] [TEMP_SET_ADC] [U1] [14] connect U1:14 → X_UI:TEMP_SET_ADC
15:45:44 | DEBUG   | eda.router             | [root] [TEMP_SET_ADC] bfs Cell(col=56, row=71) → Cell(col=226, row=35)
15:45:45 | DEBUG   | eda.router             | [root] [TEMP_SET_ADC] bfs done steps=46539 cells=207
15:45:45 | WARNING | eda.router             | [root] [TEMP_SET_ADC] OCCUPY_OVERLAP cell=Cell(col=60, row=71) existing_net=LED_FACE_DRV new_net=TEMP_SET_ADC existing_wire=X_UI:LED_FACE_DRV -> U1:55 new_wire=U1:14 -> X_UI:TEMP_SET_ADC
15:45:45 | WARNING | eda.router             | [root] [TEMP_SET_ADC] OCCUPY_OVERLAP cell=Cell(col=62, row=71) existing_net=LED_DRY_GLASS_DRV new_net=TEMP_SET_ADC existing_wire=X_UI:LED_DRY_GLASS_DRV -> U1:3 new_wire=U1:14 -> X_UI:TEMP_SET_ADC
15:45:45 | WARNING | eda.router             | [root] [TEMP_SET_ADC] OCCUPY_OVERLAP cell=Cell(col=64, row=71) existing_net=LED_AC_DRV new_net=TEMP_SET_ADC existing_wire=X_UI:LED_AC_DRV -> U1:4 new_wire=U1:14 -> X_UI:TEMP_SET_ADC
15:45:45 | WARNING | eda.router             | [root] [TEMP_SET_ADC] OCCUPY_OVERLAP cell=Cell(col=95, row=71) existing_net=VCC_3V3 new_net=TEMP_SET_ADC existing_wire=U1:48 -> T new_wire=U1:14 -> X_UI:TEMP_SET_ADC
15:45:45 | WARNING | eda.router             | [root] [TEMP_SET_ADC] OCCUPY_OVERLAP cell=Cell(col=190, row=71) existing_net=BTN_DRY_GLASS new_net=TEMP_SET_ADC existing_wire=U1:34 -> X_UI:BTN_DRY_GLASS new_wire=U1:14 -> X_UI:TEMP_SET_ADC
15:45:45 | WARNING | eda.router             | [root] [TEMP_SET_ADC] OCCUPY_OVERLAP cell=Cell(col=192, row=71) existing_net=GND new_net=TEMP_SET_ADC existing_wire=C21:2 -> T new_wire=U1:14 -> X_UI:TEMP_SET_ADC
15:45:45 | WARNING | eda.router             | [root] [TEMP_SET_ADC] OCCUPY_OVERLAP cell=Cell(col=194, row=71) existing_net=VDDA_3V3 new_net=TEMP_SET_ADC existing_wire=U1:13 -> T new_wire=U1:14 -> X_UI:TEMP_SET_ADC
15:45:45 | WARNING | eda.router             | [root] [TEMP_SET_ADC] OCCUPY_OVERLAP cell=Cell(col=198, row=71) existing_net=BTN_FEET new_net=TEMP_SET_ADC existing_wire=U1:33 -> X_UI:BTN_FEET new_wire=U1:14 -> X_UI:TEMP_SET_ADC
15:45:45 | WARNING | eda.router             | [root] [TEMP_SET_ADC] OCCUPY_OVERLAP cell=Cell(col=200, row=71) existing_net=BTN_FACE new_net=TEMP_SET_ADC existing_wire=U1:30 -> X_UI:BTN_FACE new_wire=U1:14 -> X_UI:TEMP_SET_ADC
15:45:45 | WARNING | eda.router             | [root] [TEMP_SET_ADC] OCCUPY_OVERLAP cell=Cell(col=209, row=71) existing_net=NRST new_net=TEMP_SET_ADC existing_wire=C21:1 -> T new_wire=U1:14 -> X_UI:TEMP_SET_ADC
15:45:45 | WARNING | eda.router             | [root] [TEMP_SET_ADC] OCCUPY_OVERLAP cell=Cell(col=224, row=71) existing_net=BTN_DEFROST_GLASS new_net=TEMP_SET_ADC existing_wire=U1:29 -> X_UI:BTN_DEFROST_GLASS new_wire=U1:14 -> X_UI:TEMP_SET_ADC
15:45:45 | INFO    | eda.router             | [root] [TEMP_SET_ADC] [U1] [14] stub_in page=(69.85,90.17) dir=right steps=1 tip=Cell(col=56, row=71) tip_page=(71.12,90.17)
15:45:45 | INFO    | eda.router             | [root] [TEMP_SET_ADC] [U1] [14] route right ×170, up ×36
15:45:45 | INFO    | eda.router             | [root] [TEMP_SET_ADC] [U1] [14] wire U1:14 -> X_UI:TEMP_SET_ADC segments=2 cells=209
15:45:45 | INFO    | eda.router             | [root] [TEMP_SET_ADC] [X_UI] [TEMP_SET_ADC] stub_out page=(312.42,44.45) dir=left steps=1 tip=Cell(col=226, row=35) tip_page=(287.02,44.45)
15:45:45 | INFO    | eda.router             | [root] [TEMP_SET_ADC] [X_UI] [TEMP_SET_ADC] route right ×170, up ×36
15:45:45 | INFO    | eda.router             | [root] [TEMP_SET_ADC] [X_UI] [TEMP_SET_ADC] wire U1:14 -> X_UI:TEMP_SET_ADC segments=2 cells=209
15:45:45 | INFO    | eda.router             | [root] [TEMP_SET_ADC] [U1] [14] ok segments=2
15:45:45 | INFO    | eda.router             | [root] [TEMP_SET_ADC] [X_UI] [TEMP_SET_ADC] t_connect
15:45:45 | DEBUG   | eda.router             | [root] [TEMP_SET_ADC] [X_UI] [TEMP_SET_ADC] t_connect candidates=208 tries=5
15:45:45 | DEBUG   | eda.router             | [root] [TEMP_SET_ADC] bfs Cell(col=225, row=35) → Cell(col=226, row=35)
15:45:45 | DEBUG   | eda.router             | [root] [TEMP_SET_ADC] bfs done steps=2 cells=2
15:45:45 | INFO    | eda.router             | [root] [TEMP_SET_ADC] [X_UI] [TEMP_SET_ADC] t_junction target=Cell(col=226, row=35) try=1
15:45:45 | INFO    | eda.router             | [root] [TEMP_SET_ADC] [X_UI] [TEMP_SET_ADC] stub_in page=(312.42,44.45) dir=left steps=2 tip=Cell(col=225, row=35) tip_page=(285.75,44.45)
15:45:45 | INFO    | eda.router             | [root] [TEMP_SET_ADC] [X_UI] [TEMP_SET_ADC] route right ×1
15:45:45 | INFO    | eda.router             | [root] [TEMP_SET_ADC] [X_UI] [TEMP_SET_ADC] wire X_UI:TEMP_SET_ADC -> T segments=1 cells=4
15:45:45 | INFO    | eda.router             | [root] [-] [X_UI] [TEMP_SET_ADC] t_junction recorded net=TEMP_SET_ADC target=Cell(col=226, row=35) host=U1:14 -> X_UI:TEMP_SET_ADC
15:45:45 | INFO    | eda.router             | [root] [TEMP_SET_ADC] [X_UI] [TEMP_SET_ADC] ok t_junction=?
15:45:45 | DEBUG   | eda.router             | [root] [TEMP_SET_ADC] rss=121.4 net_wires=2 total_wires=81
15:45:45 | DEBUG   | eda.router             | [root] [FAN_SEL_ADC] pins=U1:15, X_UI:FAN_SEL_ADC, X_UI:FAN_SEL_ADC
15:45:45 | INFO    | eda.router             | [root] [FAN_SEL_ADC] [U1] [15] connect U1:15 → X_UI:FAN_SEL_ADC
15:45:45 | DEBUG   | eda.router             | [root] [FAN_SEL_ADC] bfs Cell(col=56, row=73) → Cell(col=225, row=37)
15:45:46 | DEBUG   | eda.router             | [root] [FAN_SEL_ADC] bfs done steps=45973 cells=206
15:45:46 | WARNING | eda.router             | [root] [FAN_SEL_ADC] OCCUPY_OVERLAP cell=Cell(col=60, row=73) existing_net=LED_FACE_DRV new_net=FAN_SEL_ADC existing_wire=X_UI:LED_FACE_DRV -> U1:55 new_wire=U1:15 -> X_UI:FAN_SEL_ADC
15:45:46 | WARNING | eda.router             | [root] [FAN_SEL_ADC] OCCUPY_OVERLAP cell=Cell(col=62, row=73) existing_net=LED_DRY_GLASS_DRV new_net=FAN_SEL_ADC existing_wire=X_UI:LED_DRY_GLASS_DRV -> U1:3 new_wire=U1:15 -> X_UI:FAN_SEL_ADC
15:45:46 | WARNING | eda.router             | [root] [FAN_SEL_ADC] OCCUPY_OVERLAP cell=Cell(col=64, row=73) existing_net=LED_AC_DRV new_net=FAN_SEL_ADC existing_wire=X_UI:LED_AC_DRV -> U1:4 new_wire=U1:15 -> X_UI:FAN_SEL_ADC
15:45:46 | WARNING | eda.router             | [root] [FAN_SEL_ADC] OCCUPY_OVERLAP cell=Cell(col=95, row=73) existing_net=VCC_3V3 new_net=FAN_SEL_ADC existing_wire=U1:48 -> T new_wire=U1:15 -> X_UI:FAN_SEL_ADC
15:45:46 | WARNING | eda.router             | [root] [FAN_SEL_ADC] OCCUPY_OVERLAP cell=Cell(col=190, row=73) existing_net=BTN_DRY_GLASS new_net=FAN_SEL_ADC existing_wire=U1:34 -> X_UI:BTN_DRY_GLASS new_wire=U1:15 -> X_UI:FAN_SEL_ADC
15:45:46 | WARNING | eda.router             | [root] [FAN_SEL_ADC] OCCUPY_OVERLAP cell=Cell(col=192, row=73) existing_net=GND new_net=FAN_SEL_ADC existing_wire=C21:2 -> T new_wire=U1:15 -> X_UI:FAN_SEL_ADC
15:45:46 | WARNING | eda.router             | [root] [FAN_SEL_ADC] OCCUPY_OVERLAP cell=Cell(col=194, row=73) existing_net=VDDA_3V3 new_net=FAN_SEL_ADC existing_wire=U1:13 -> T new_wire=U1:15 -> X_UI:FAN_SEL_ADC
15:45:46 | WARNING | eda.router             | [root] [FAN_SEL_ADC] OCCUPY_OVERLAP cell=Cell(col=198, row=73) existing_net=BTN_FEET new_net=FAN_SEL_ADC existing_wire=U1:33 -> X_UI:BTN_FEET new_wire=U1:15 -> X_UI:FAN_SEL_ADC
15:45:46 | WARNING | eda.router             | [root] [FAN_SEL_ADC] OCCUPY_OVERLAP cell=Cell(col=200, row=73) existing_net=BTN_FACE new_net=FAN_SEL_ADC existing_wire=U1:30 -> X_UI:BTN_FACE new_wire=U1:15 -> X_UI:FAN_SEL_ADC
15:45:46 | WARNING | eda.router             | [root] [FAN_SEL_ADC] OCCUPY_OVERLAP cell=Cell(col=209, row=73) existing_net=NRST new_net=FAN_SEL_ADC existing_wire=C21:1 -> T new_wire=U1:15 -> X_UI:FAN_SEL_ADC
15:45:46 | WARNING | eda.router             | [root] [FAN_SEL_ADC] OCCUPY_OVERLAP cell=Cell(col=221, row=71) existing_net=TEMP_SET_ADC new_net=FAN_SEL_ADC existing_wire=U1:14 -> X_UI:TEMP_SET_ADC new_wire=U1:15 -> X_UI:FAN_SEL_ADC
15:45:46 | WARNING | eda.router             | [root] [FAN_SEL_ADC] OCCUPY_OVERLAP cell=Cell(col=221, row=37) existing_net=LED_AC_DRV new_net=FAN_SEL_ADC existing_wire=X_UI:LED_AC_DRV -> U1:4 new_wire=U1:15 -> X_UI:FAN_SEL_ADC
15:45:46 | WARNING | eda.router             | [root] [FAN_SEL_ADC] OCCUPY_OVERLAP cell=Cell(col=224, row=37) existing_net=BTN_DEFROST_GLASS new_net=FAN_SEL_ADC existing_wire=U1:29 -> X_UI:BTN_DEFROST_GLASS new_wire=U1:15 -> X_UI:FAN_SEL_ADC
15:45:46 | WARNING | eda.router             | [root] [FAN_SEL_ADC] OCCUPY_OVERLAP cell=Cell(col=226, row=37) existing_net=TEMP_SET_ADC new_net=FAN_SEL_ADC existing_wire=U1:14 -> X_UI:TEMP_SET_ADC new_wire=U1:15 -> X_UI:FAN_SEL_ADC
15:45:46 | INFO    | eda.router             | [root] [FAN_SEL_ADC] [U1] [15] stub_in page=(69.85,92.71) dir=right steps=1 tip=Cell(col=56, row=73) tip_page=(71.12,92.71)
15:45:46 | INFO    | eda.router             | [root] [FAN_SEL_ADC] [U1] [15] route right ×165, up ×36, right ×4
15:45:46 | INFO    | eda.router             | [root] [FAN_SEL_ADC] [U1] [15] wire U1:15 -> X_UI:FAN_SEL_ADC segments=3 cells=209
15:45:46 | INFO    | eda.router             | [root] [FAN_SEL_ADC] [X_UI] [FAN_SEL_ADC] stub_out page=(312.42,46.99) dir=left steps=2 tip=Cell(col=225, row=37) tip_page=(285.75,46.99)
15:45:46 | INFO    | eda.router             | [root] [FAN_SEL_ADC] [X_UI] [FAN_SEL_ADC] route right ×165, up ×36, right ×4
15:45:46 | INFO    | eda.router             | [root] [FAN_SEL_ADC] [X_UI] [FAN_SEL_ADC] wire U1:15 -> X_UI:FAN_SEL_ADC segments=3 cells=209
15:45:46 | INFO    | eda.router             | [root] [FAN_SEL_ADC] [U1] [15] ok segments=3
15:45:46 | INFO    | eda.router             | [root] [FAN_SEL_ADC] [X_UI] [FAN_SEL_ADC] t_connect
15:45:46 | DEBUG   | eda.router             | [root] [FAN_SEL_ADC] [X_UI] [FAN_SEL_ADC] t_connect candidates=208 tries=5
15:45:46 | DEBUG   | eda.router             | [root] [FAN_SEL_ADC] bfs Cell(col=218, row=37) → Cell(col=221, row=37)
15:45:46 | DEBUG   | eda.router             | [root] [FAN_SEL_ADC] bfs Cell(col=218, row=37) → Cell(col=221, row=37)
15:45:46 | DEBUG   | eda.router             | [root] [FAN_SEL_ADC] bfs Cell(col=218, row=37) → Cell(col=221, row=38)
15:45:46 | DEBUG   | eda.router             | [root] [FAN_SEL_ADC] bfs Cell(col=218, row=37) → Cell(col=222, row=37)
15:45:46 | DEBUG   | eda.router             | [root] [FAN_SEL_ADC] bfs Cell(col=218, row=37) → Cell(col=221, row=39)
15:45:46 | WARNING | eda.router             | [root] [FAN_SEL_ADC] [X_UI] [FAN_SEL_ADC] fail X_UI:FAN_SEL_ADC → net tries=5
15:45:46 | INFO    | eda.router             | [root] [FAN_SEL_ADC] [X_UI] [FAN_SEL_ADC] label net=FAN_SEL_ADC reason=T-junction failed
15:45:46 | WARNING | eda.router             | [root] [FAN_SEL_ADC] fallback label_on=X_UI:FAN_SEL_ADC
15:45:46 | WARNING | eda.router             | [root] [FAN_SEL_ADC] [X_UI] [FAN_SEL_ADC] fail X_UI:FAN_SEL_ADC → net
15:45:46 | DEBUG   | eda.router             | [root] [FAN_SEL_ADC] rss=121.4 net_wires=1 total_wires=82
15:45:46 | DEBUG   | eda.router             | [root] [NTC_CABIN] pins=U1:16, X_UI:NTC_CABIN, X_SEN_CABIN:NTC_CABIN, X_UI:NTC_CABIN, X_SEN_CABIN:NTC_CABIN
15:45:46 | INFO    | eda.router             | [root] [NTC_CABIN] [U1] [16] connect U1:16 → X_UI:NTC_CABIN
15:45:46 | DEBUG   | eda.router             | [root] [NTC_CABIN] bfs Cell(col=56, row=75) → Cell(col=248, row=15)
15:45:47 | DEBUG   | eda.router             | [root] [NTC_CABIN] bfs done steps=65933 cells=255
15:45:47 | WARNING | eda.router             | [root] [NTC_CABIN] OCCUPY_OVERLAP cell=Cell(col=60, row=75) existing_net=LED_FACE_DRV new_net=NTC_CABIN existing_wire=X_UI:LED_FACE_DRV -> U1:55 new_wire=U1:16 -> X_UI:NTC_CABIN
15:45:47 | WARNING | eda.router             | [root] [NTC_CABIN] OCCUPY_OVERLAP cell=Cell(col=62, row=75) existing_net=LED_DRY_GLASS_DRV new_net=NTC_CABIN existing_wire=X_UI:LED_DRY_GLASS_DRV -> U1:3 new_wire=U1:16 -> X_UI:NTC_CABIN
15:45:47 | WARNING | eda.router             | [root] [NTC_CABIN] OCCUPY_OVERLAP cell=Cell(col=64, row=75) existing_net=LED_AC_DRV new_net=NTC_CABIN existing_wire=X_UI:LED_AC_DRV -> U1:4 new_wire=U1:16 -> X_UI:NTC_CABIN
15:45:47 | WARNING | eda.router             | [root] [NTC_CABIN] OCCUPY_OVERLAP cell=Cell(col=95, row=75) existing_net=VCC_3V3 new_net=NTC_CABIN existing_wire=U1:48 -> T new_wire=U1:16 -> X_UI:NTC_CABIN
15:45:47 | WARNING | eda.router             | [root] [NTC_CABIN] OCCUPY_OVERLAP cell=Cell(col=190, row=75) existing_net=BTN_DRY_GLASS new_net=NTC_CABIN existing_wire=U1:34 -> X_UI:BTN_DRY_GLASS new_wire=U1:16 -> X_UI:NTC_CABIN
15:45:47 | WARNING | eda.router             | [root] [NTC_CABIN] OCCUPY_OVERLAP cell=Cell(col=192, row=75) existing_net=GND new_net=NTC_CABIN existing_wire=C21:2 -> T new_wire=U1:16 -> X_UI:NTC_CABIN
15:45:47 | WARNING | eda.router             | [root] [NTC_CABIN] OCCUPY_OVERLAP cell=Cell(col=194, row=75) existing_net=VDDA_3V3 new_net=NTC_CABIN existing_wire=U1:13 -> T new_wire=U1:16 -> X_UI:NTC_CABIN
15:45:47 | WARNING | eda.router             | [root] [NTC_CABIN] OCCUPY_OVERLAP cell=Cell(col=198, row=75) existing_net=BTN_FEET new_net=NTC_CABIN existing_wire=U1:33 -> X_UI:BTN_FEET new_wire=U1:16 -> X_UI:NTC_CABIN
15:45:47 | WARNING | eda.router             | [root] [NTC_CABIN] OCCUPY_OVERLAP cell=Cell(col=200, row=75) existing_net=BTN_FACE new_net=NTC_CABIN existing_wire=U1:30 -> X_UI:BTN_FACE new_wire=U1:16 -> X_UI:NTC_CABIN
15:45:47 | WARNING | eda.router             | [root] [NTC_CABIN] OCCUPY_OVERLAP cell=Cell(col=209, row=75) existing_net=NRST new_net=NTC_CABIN existing_wire=C21:1 -> T new_wire=U1:16 -> X_UI:NTC_CABIN
15:45:47 | WARNING | eda.router             | [root] [NTC_CABIN] OCCUPY_OVERLAP cell=Cell(col=224, row=75) existing_net=BTN_DEFROST_GLASS new_net=NTC_CABIN existing_wire=U1:29 -> X_UI:BTN_DEFROST_GLASS new_wire=U1:16 -> X_UI:NTC_CABIN
15:45:47 | WARNING | eda.router             | [root] [NTC_CABIN] OCCUPY_OVERLAP cell=Cell(col=237, row=75) existing_net=VCC_3V3 new_net=NTC_CABIN existing_wire=X_UI:VCC_3V3 -> T new_wire=U1:16 -> X_UI:NTC_CABIN
15:45:47 | WARNING | eda.router             | [root] [NTC_CABIN] OCCUPY_OVERLAP cell=Cell(col=249, row=17) existing_net=BTN_DRY_GLASS new_net=NTC_CABIN existing_wire=X_UI:BTN_DRY_GLASS -> T new_wire=U1:16 -> X_UI:NTC_CABIN
15:45:47 | WARNING | eda.router             | [root] [NTC_CABIN] OCCUPY_OVERLAP cell=Cell(col=247, row=15) existing_net=VCC_3V3 new_net=NTC_CABIN existing_wire=X_SEN_HEAT:VCC_3V3 -> T new_wire=U1:16 -> X_UI:NTC_CABIN
15:45:47 | INFO    | eda.router             | [root] [NTC_CABIN] [U1] [16] stub_in page=(69.85,95.25) dir=right steps=1 tip=Cell(col=56, row=75) tip_page=(71.12,95.25)
15:45:47 | INFO    | eda.router             | [root] [NTC_CABIN] [U1] [16] route right ×193, up ×60, left ×1
15:45:47 | INFO    | eda.router             | [root] [NTC_CABIN] [U1] [16] wire U1:16 -> X_UI:NTC_CABIN segments=3 cells=258
15:45:47 | INFO    | eda.router             | [root] [NTC_CABIN] [X_UI] [NTC_CABIN] stub_out page=(288.29,19.05) dir=right steps=2 tip=Cell(col=248, row=15) tip_page=(314.96,19.05)
15:45:47 | INFO    | eda.router             | [root] [NTC_CABIN] [X_UI] [NTC_CABIN] route right ×193, up ×60, left ×1
15:45:47 | INFO    | eda.router             | [root] [NTC_CABIN] [X_UI] [NTC_CABIN] wire U1:16 -> X_UI:NTC_CABIN segments=3 cells=258
15:45:47 | INFO    | eda.router             | [root] [NTC_CABIN] [U1] [16] ok segments=3
15:45:47 | INFO    | eda.router             | [root] [NTC_CABIN] [X_SEN_CABIN] [NTC_CABIN] t_connect
15:45:47 | DEBUG   | eda.router             | [root] [NTC_CABIN] [X_SEN_CABIN] [NTC_CABIN] t_connect candidates=257 tries=5
15:45:47 | DEBUG   | eda.router             | [root] [NTC_CABIN] bfs Cell(col=152, row=30) → Cell(col=152, row=75)
15:45:47 | DEBUG   | eda.router             | [root] [NTC_CABIN] bfs done steps=3025 cells=48
15:45:47 | INFO    | eda.router             | [root] [NTC_CABIN] [X_SEN_CABIN] [NTC_CABIN] t_junction target=Cell(col=152, row=75) try=1
15:45:47 | WARNING | eda.router             | [root] [NTC_CABIN] OCCUPY_OVERLAP cell=Cell(col=151, row=30) existing_net=VCC_12V new_net=NTC_CABIN existing_wire=X_PWR:VCC_12V -> X_SEN_CABIN:VCC_12V new_wire=X_SEN_CABIN:NTC_CABIN -> T
15:45:47 | WARNING | eda.router             | [root] [NTC_CABIN] OCCUPY_OVERLAP cell=Cell(col=153, row=38) existing_net=VCC_5V new_net=NTC_CABIN existing_wire=X_CAN:VCC_5V -> X_PWR:VCC_5V new_wire=X_SEN_CABIN:NTC_CABIN -> T
15:45:47 | WARNING | eda.router             | [root] [NTC_CABIN] OCCUPY_OVERLAP cell=Cell(col=153, row=40) existing_net=LED_FACE_DRV new_net=NTC_CABIN existing_wire=X_UI:LED_FACE_DRV -> U1:55 new_wire=X_SEN_CABIN:NTC_CABIN -> T
15:45:47 | WARNING | eda.router             | [root] [NTC_CABIN] OCCUPY_OVERLAP cell=Cell(col=153, row=42) existing_net=LED_DRY_GLASS_DRV new_net=NTC_CABIN existing_wire=X_UI:LED_DRY_GLASS_DRV -> U1:3 new_wire=X_SEN_CABIN:NTC_CABIN -> T
15:45:47 | WARNING | eda.router             | [root] [NTC_CABIN] OCCUPY_OVERLAP cell=Cell(col=153, row=44) existing_net=LED_AC_DRV new_net=NTC_CABIN existing_wire=X_UI:LED_AC_DRV -> U1:4 new_wire=X_SEN_CABIN:NTC_CABIN -> T
15:45:47 | WARNING | eda.router             | [root] [NTC_CABIN] OCCUPY_OVERLAP cell=Cell(col=153, row=60) existing_net=VDDA_3V3 new_net=NTC_CABIN existing_wire=U1:13 -> T new_wire=X_SEN_CABIN:NTC_CABIN -> T
15:45:47 | WARNING | eda.router             | [root] [NTC_CABIN] OCCUPY_OVERLAP cell=Cell(col=152, row=71) existing_net=TEMP_SET_ADC new_net=NTC_CABIN existing_wire=U1:14 -> X_UI:TEMP_SET_ADC new_wire=X_SEN_CABIN:NTC_CABIN -> T
15:45:47 | WARNING | eda.router             | [root] [NTC_CABIN] OCCUPY_OVERLAP cell=Cell(col=152, row=73) existing_net=FAN_SEL_ADC new_net=NTC_CABIN existing_wire=U1:15 -> X_UI:FAN_SEL_ADC new_wire=X_SEN_CABIN:NTC_CABIN -> T
15:45:47 | INFO    | eda.router             | [root] [NTC_CABIN] [X_SEN_CABIN] [NTC_CABIN] stub_in page=(171.45,38.10) dir=right steps=2 tip=Cell(col=152, row=30) tip_page=(193.04,38.10)
15:45:47 | INFO    | eda.router             | [root] [NTC_CABIN] [X_SEN_CABIN] [NTC_CABIN] route right ×1, down ×34, left ×1, down ×11
15:45:47 | INFO    | eda.router             | [root] [NTC_CABIN] [X_SEN_CABIN] [NTC_CABIN] wire X_SEN_CABIN:NTC_CABIN -> T segments=4 cells=50
15:45:47 | INFO    | eda.router             | [root] [-] [X_SEN_CABIN] [NTC_CABIN] t_junction recorded net=NTC_CABIN target=Cell(col=152, row=75) host=U1:16 -> X_UI:NTC_CABIN
15:45:47 | INFO    | eda.router             | [root] [NTC_CABIN] [X_SEN_CABIN] [NTC_CABIN] ok t_junction=?
15:45:47 | INFO    | eda.router             | [root] [NTC_CABIN] [X_UI] [NTC_CABIN] t_connect
15:45:47 | DEBUG   | eda.router             | [root] [NTC_CABIN] [X_UI] [NTC_CABIN] t_connect candidates=308 tries=5
15:45:47 | DEBUG   | eda.router             | [root] [NTC_CABIN] bfs Cell(col=250, row=15) → Cell(col=249, row=15)
15:45:47 | DEBUG   | eda.router             | [root] [NTC_CABIN] bfs done steps=3 cells=2
15:45:47 | INFO    | eda.router             | [root] [NTC_CABIN] [X_UI] [NTC_CABIN] t_junction target=Cell(col=249, row=15) try=1
15:45:47 | WARNING | eda.router             | [root] [NTC_CABIN] OCCUPY_OVERLAP cell=Cell(col=247, row=15) existing_net=VCC_3V3 new_net=NTC_CABIN existing_wire=X_SEN_HEAT:VCC_3V3 -> T new_wire=X_UI:NTC_CABIN -> T
15:45:47 | INFO    | eda.router             | [root] [NTC_CABIN] [X_UI] [NTC_CABIN] stub_in page=(288.29,19.05) dir=right steps=4 tip=Cell(col=250, row=15) tip_page=(317.50,19.05)
15:45:47 | INFO    | eda.router             | [root] [NTC_CABIN] [X_UI] [NTC_CABIN] route left ×1
15:45:47 | INFO    | eda.router             | [root] [NTC_CABIN] [X_UI] [NTC_CABIN] wire X_UI:NTC_CABIN -> T segments=1 cells=6
15:45:47 | INFO    | eda.router             | [root] [-] [X_UI] [NTC_CABIN] t_junction recorded net=NTC_CABIN target=Cell(col=249, row=15) host=U1:16 -> X_UI:NTC_CABIN
15:45:47 | INFO    | eda.router             | [root] [NTC_CABIN] [X_UI] [NTC_CABIN] ok t_junction=?
15:45:47 | INFO    | eda.router             | [root] [NTC_CABIN] [X_SEN_CABIN] [NTC_CABIN] t_connect
15:45:47 | DEBUG   | eda.router             | [root] [NTC_CABIN] [X_SEN_CABIN] [NTC_CABIN] t_connect candidates=310 tries=5
15:45:47 | DEBUG   | eda.router             | [root] [NTC_CABIN] bfs Cell(col=154, row=30) → Cell(col=153, row=30)
15:45:47 | DEBUG   | eda.router             | [root] [NTC_CABIN] bfs done steps=3 cells=2
15:45:47 | INFO    | eda.router             | [root] [NTC_CABIN] [X_SEN_CABIN] [NTC_CABIN] t_junction target=Cell(col=153, row=30) try=1
15:45:47 | WARNING | eda.router             | [root] [NTC_CABIN] OCCUPY_OVERLAP cell=Cell(col=151, row=30) existing_net=VCC_12V new_net=NTC_CABIN existing_wire=X_PWR:VCC_12V -> X_SEN_CABIN:VCC_12V new_wire=X_SEN_CABIN:NTC_CABIN -> T
15:45:47 | INFO    | eda.router             | [root] [NTC_CABIN] [X_SEN_CABIN] [NTC_CABIN] stub_in page=(171.45,38.10) dir=right steps=4 tip=Cell(col=154, row=30) tip_page=(195.58,38.10)
15:45:47 | INFO    | eda.router             | [root] [NTC_CABIN] [X_SEN_CABIN] [NTC_CABIN] route left ×1
15:45:47 | INFO    | eda.router             | [root] [NTC_CABIN] [X_SEN_CABIN] [NTC_CABIN] wire X_SEN_CABIN:NTC_CABIN -> T segments=1 cells=6
15:45:47 | INFO    | eda.router             | [root] [-] [X_SEN_CABIN] [NTC_CABIN] t_junction recorded net=NTC_CABIN target=Cell(col=153, row=30) host=X_SEN_CABIN:NTC_CABIN -> T
15:45:47 | INFO    | eda.router             | [root] [NTC_CABIN] [X_SEN_CABIN] [NTC_CABIN] ok t_junction=?
15:45:47 | DEBUG   | eda.router             | [root] [NTC_CABIN] rss=121.4 net_wires=4 total_wires=86
15:45:47 | DEBUG   | eda.router             | [root] [NTC_HEAT_W] pins=X_PWR:NTC_HEAT_W, X_SEN_HEAT:NTC_HEAT_W, X_PWR:NTC_HEAT_W, X_SEN_HEAT:NTC_HEAT_W
15:45:47 | INFO    | eda.router             | [root] [NTC_HEAT_W] [X_PWR] [NTC_HEAT_W] connect X_PWR:NTC_HEAT_W → X_SEN_HEAT:NTC_HEAT_W
15:45:47 | DEBUG   | eda.router             | [root] [NTC_HEAT_W] bfs Cell(col=1, row=79) → Cell(col=191, row=26)
15:45:47 | DEBUG   | eda.router             | [root] [NTC_HEAT_W] bfs done steps=56372 cells=310
15:45:47 | WARNING | eda.router             | [root] [NTC_HEAT_W] OCCUPY_OVERLAP cell=Cell(col=2, row=79) existing_net=VCC_12V new_net=NTC_HEAT_W existing_wire=X_PWR:VCC_12V -> T new_wire=X_PWR:NTC_HEAT_W -> X_SEN_HEAT:NTC_HEAT_W
15:45:47 | WARNING | eda.router             | [root] [NTC_HEAT_W] OCCUPY_OVERLAP cell=Cell(col=0, row=79) existing_net=NRST new_net=NTC_HEAT_W existing_wire=U1:7 -> R1:2 new_wire=X_PWR:NTC_HEAT_W -> X_SEN_HEAT:NTC_HEAT_W
15:45:47 | WARNING | eda.router             | [root] [NTC_HEAT_W] OCCUPY_OVERLAP cell=Cell(col=0, row=72) existing_net=NRST new_net=NTC_HEAT_W existing_wire=U1:7 -> R1:2 new_wire=X_PWR:NTC_HEAT_W -> X_SEN_HEAT:NTC_HEAT_W
15:45:47 | WARNING | eda.router             | [root] [NTC_HEAT_W] OCCUPY_OVERLAP cell=Cell(col=0, row=71) existing_net=NRST new_net=NTC_HEAT_W existing_wire=U1:7 -> R1:2 new_wire=X_PWR:NTC_HEAT_W -> X_SEN_HEAT:NTC_HEAT_W
15:45:47 | WARNING | eda.router             | [root] [NTC_HEAT_W] OCCUPY_OVERLAP cell=Cell(col=2, row=25) existing_net=BOOT0 new_net=NTC_HEAT_W existing_wire=R2:1 -> U1:60 new_wire=X_PWR:NTC_HEAT_W -> X_SEN_HEAT:NTC_HEAT_W
15:45:47 | WARNING | eda.router             | [root] [NTC_HEAT_W] OCCUPY_OVERLAP cell=Cell(col=30, row=4) existing_net=GND new_net=NTC_HEAT_W existing_wire=X_BACKLIGHT:GND -> T new_wire=X_PWR:NTC_HEAT_W -> X_SEN_HEAT:NTC_HEAT_W
15:45:47 | WARNING | eda.router             | [root] [NTC_HEAT_W] OCCUPY_OVERLAP cell=Cell(col=30, row=3) existing_net=GND new_net=NTC_HEAT_W existing_wire=X_BACKLIGHT:GND -> T new_wire=X_PWR:NTC_HEAT_W -> X_SEN_HEAT:NTC_HEAT_W
15:45:47 | WARNING | eda.router             | [root] [NTC_HEAT_W] OCCUPY_OVERLAP cell=Cell(col=32, row=1) existing_net=GND new_net=NTC_HEAT_W existing_wire=X_BACKLIGHT:GND -> T new_wire=X_PWR:NTC_HEAT_W -> X_SEN_HEAT:NTC_HEAT_W
15:45:47 | WARNING | eda.router             | [root] [NTC_HEAT_W] OCCUPY_OVERLAP cell=Cell(col=32, row=0) existing_net=GND new_net=NTC_HEAT_W existing_wire=X_BACKLIGHT:GND -> T new_wire=X_PWR:NTC_HEAT_W -> X_SEN_HEAT:NTC_HEAT_W
15:45:47 | WARNING | eda.router             | [root] [NTC_HEAT_W] OCCUPY_OVERLAP cell=Cell(col=32, row=-2) existing_net=BOOT0 new_net=NTC_HEAT_W existing_wire=R2:1 -> U1:60 new_wire=X_PWR:NTC_HEAT_W -> X_SEN_HEAT:NTC_HEAT_W
15:45:47 | WARNING | eda.router             | [root] [NTC_HEAT_W] OCCUPY_OVERLAP cell=Cell(col=202, row=26) existing_net=VCC_3V3 new_net=NTC_HEAT_W existing_wire=X_SEN_HEAT:VCC_3V3 -> T new_wire=X_PWR:NTC_HEAT_W -> X_SEN_HEAT:NTC_HEAT_W
15:45:47 | WARNING | eda.router             | [root] [NTC_HEAT_W] OCCUPY_OVERLAP cell=Cell(col=201, row=26) existing_net=NRST new_net=NTC_HEAT_W existing_wire=C21:1 -> T new_wire=X_PWR:NTC_HEAT_W -> X_SEN_HEAT:NTC_HEAT_W
15:45:47 | WARNING | eda.router             | [root] [NTC_HEAT_W] OCCUPY_OVERLAP cell=Cell(col=200, row=26) existing_net=NRST new_net=NTC_HEAT_W existing_wire=C21:1 -> T new_wire=X_PWR:NTC_HEAT_W -> X_SEN_HEAT:NTC_HEAT_W
15:45:47 | WARNING | eda.router             | [root] [NTC_HEAT_W] OCCUPY_OVERLAP cell=Cell(col=199, row=26) existing_net=NRST new_net=NTC_HEAT_W existing_wire=C21:1 -> T new_wire=X_PWR:NTC_HEAT_W -> X_SEN_HEAT:NTC_HEAT_W
15:45:47 | WARNING | eda.router             | [root] [NTC_HEAT_W] OCCUPY_OVERLAP cell=Cell(col=198, row=26) existing_net=NRST new_net=NTC_HEAT_W existing_wire=C21:1 -> T new_wire=X_PWR:NTC_HEAT_W -> X_SEN_HEAT:NTC_HEAT_W
15:45:47 | WARNING | eda.router             | [root] [NTC_HEAT_W] OCCUPY_OVERLAP cell=Cell(col=197, row=26) existing_net=NRST new_net=NTC_HEAT_W existing_wire=C21:1 -> T new_wire=X_PWR:NTC_HEAT_W -> X_SEN_HEAT:NTC_HEAT_W
15:45:47 | WARNING | eda.router             | [root] [NTC_HEAT_W] OCCUPY_OVERLAP cell=Cell(col=196, row=26) existing_net=NRST new_net=NTC_HEAT_W existing_wire=C21:1 -> T new_wire=X_PWR:NTC_HEAT_W -> X_SEN_HEAT:NTC_HEAT_W
15:45:47 | WARNING | eda.router             | [root] [NTC_HEAT_W] OCCUPY_OVERLAP cell=Cell(col=195, row=26) existing_net=GND new_net=NTC_HEAT_W existing_wire=X_UI:GND -> T new_wire=X_PWR:NTC_HEAT_W -> X_SEN_HEAT:NTC_HEAT_W
15:45:47 | WARNING | eda.router             | [root] [NTC_HEAT_W] OCCUPY_OVERLAP cell=Cell(col=194, row=26) existing_net=NRST new_net=NTC_HEAT_W existing_wire=C21:1 -> T new_wire=X_PWR:NTC_HEAT_W -> X_SEN_HEAT:NTC_HEAT_W
15:45:47 | WARNING | eda.router             | [root] [NTC_HEAT_W] OCCUPY_OVERLAP cell=Cell(col=193, row=26) existing_net=BTN_DRY_GLASS new_net=NTC_HEAT_W existing_wire=U1:34 -> X_UI:BTN_DRY_GLASS new_wire=X_PWR:NTC_HEAT_W -> X_SEN_HEAT:NTC_HEAT_W
15:45:47 | WARNING | eda.router             | [root] [NTC_HEAT_W] OCCUPY_OVERLAP cell=Cell(col=192, row=26) existing_net=BTN_DRY_GLASS new_net=NTC_HEAT_W existing_wire=U1:34 -> X_UI:BTN_DRY_GLASS new_wire=X_PWR:NTC_HEAT_W -> X_SEN_HEAT:NTC_HEAT_W
15:45:47 | INFO    | eda.router             | [root] [NTC_HEAT_W] [X_PWR] [NTC_HEAT_W] stub_in page=(22.86,100.33) dir=left steps=2 tip=Cell(col=1, row=79) tip_page=(1.27,100.33)
15:45:47 | INFO    | eda.router             | [root] [NTC_HEAT_W] [X_PWR] [NTC_HEAT_W] route left ×3, up ×7, right ×2, up ×47, right ×28, up ×21, right ×2, up ×3, right ×2, up ×5, right ×158, down ×30, right ×1
15:45:47 | INFO    | eda.router             | [root] [NTC_HEAT_W] [X_PWR] [NTC_HEAT_W] wire X_PWR:NTC_HEAT_W -> X_SEN_HEAT:NTC_HEAT_W segments=13 cells=324
15:45:47 | INFO    | eda.router             | [root] [NTC_HEAT_W] [X_SEN_HEAT] [NTC_HEAT_W] stub_out page=(276.86,33.02) dir=left steps=12 tip=Cell(col=191, row=26) tip_page=(242.57,33.02)
15:45:47 | INFO    | eda.router             | [root] [NTC_HEAT_W] [X_SEN_HEAT] [NTC_HEAT_W] route left ×3, up ×7, right ×2, up ×47, right ×28, up ×21, right ×2, up ×3, right ×2, up ×5, right ×158, down ×30, right ×1
15:45:47 | INFO    | eda.router             | [root] [NTC_HEAT_W] [X_SEN_HEAT] [NTC_HEAT_W] wire X_PWR:NTC_HEAT_W -> X_SEN_HEAT:NTC_HEAT_W segments=13 cells=324
15:45:47 | INFO    | eda.router             | [root] [NTC_HEAT_W] [X_PWR] [NTC_HEAT_W] ok segments=13
15:45:47 | INFO    | eda.router             | [root] [NTC_HEAT_W] [X_PWR] [NTC_HEAT_W] t_connect
15:45:47 | DEBUG   | eda.router             | [root] [NTC_HEAT_W] [X_PWR] [NTC_HEAT_W] t_connect candidates=322 tries=5
15:45:47 | DEBUG   | eda.router             | [root] [NTC_HEAT_W] bfs Cell(col=-3, row=79) → Cell(col=-2, row=79)
15:45:47 | DEBUG   | eda.router             | [root] [NTC_HEAT_W] bfs done steps=2 cells=2
15:45:47 | INFO    | eda.router             | [root] [NTC_HEAT_W] [X_PWR] [NTC_HEAT_W] t_junction target=Cell(col=-2, row=79) try=1
15:45:47 | WARNING | eda.router             | [root] [NTC_HEAT_W] OCCUPY_OVERLAP cell=Cell(col=2, row=79) existing_net=VCC_12V new_net=NTC_HEAT_W existing_wire=X_PWR:VCC_12V -> T new_wire=X_PWR:NTC_HEAT_W -> T
15:45:47 | WARNING | eda.router             | [root] [NTC_HEAT_W] OCCUPY_OVERLAP cell=Cell(col=0, row=79) existing_net=NRST new_net=NTC_HEAT_W existing_wire=U1:7 -> R1:2 new_wire=X_PWR:NTC_HEAT_W -> T
15:45:47 | INFO    | eda.router             | [root] [NTC_HEAT_W] [X_PWR] [NTC_HEAT_W] stub_in page=(22.86,100.33) dir=left steps=6 tip=Cell(col=-3, row=79) tip_page=(-3.81,100.33)
15:45:47 | INFO    | eda.router             | [root] [NTC_HEAT_W] [X_PWR] [NTC_HEAT_W] route right ×1
15:45:47 | INFO    | eda.router             | [root] [NTC_HEAT_W] [X_PWR] [NTC_HEAT_W] wire X_PWR:NTC_HEAT_W -> T segments=1 cells=8
15:45:47 | INFO    | eda.router             | [root] [-] [X_PWR] [NTC_HEAT_W] t_junction recorded net=NTC_HEAT_W target=Cell(col=-2, row=79) host=X_PWR:NTC_HEAT_W -> X_SEN_HEAT:NTC_HEAT_W
15:45:47 | INFO    | eda.router             | [root] [NTC_HEAT_W] [X_PWR] [NTC_HEAT_W] ok t_junction=?
15:45:47 | INFO    | eda.router             | [root] [NTC_HEAT_W] [X_SEN_HEAT] [NTC_HEAT_W] t_connect
15:45:47 | DEBUG   | eda.router             | [root] [NTC_HEAT_W] [X_SEN_HEAT] [NTC_HEAT_W] t_connect candidates=324 tries=5
15:45:47 | DEBUG   | eda.router             | [root] [NTC_HEAT_W] bfs Cell(col=189, row=26) → Cell(col=190, row=26)
15:45:47 | DEBUG   | eda.router             | [root] [NTC_HEAT_W] bfs done steps=2 cells=2
15:45:47 | INFO    | eda.router             | [root] [NTC_HEAT_W] [X_SEN_HEAT] [NTC_HEAT_W] t_junction target=Cell(col=190, row=26) try=1
15:45:47 | WARNING | eda.router             | [root] [NTC_HEAT_W] OCCUPY_OVERLAP cell=Cell(col=202, row=26) existing_net=VCC_3V3 new_net=NTC_HEAT_W existing_wire=X_SEN_HEAT:VCC_3V3 -> T new_wire=X_SEN_HEAT:NTC_HEAT_W -> T
15:45:47 | WARNING | eda.router             | [root] [NTC_HEAT_W] OCCUPY_OVERLAP cell=Cell(col=201, row=26) existing_net=NRST new_net=NTC_HEAT_W existing_wire=C21:1 -> T new_wire=X_SEN_HEAT:NTC_HEAT_W -> T
15:45:47 | WARNING | eda.router             | [root] [NTC_HEAT_W] OCCUPY_OVERLAP cell=Cell(col=200, row=26) existing_net=NRST new_net=NTC_HEAT_W existing_wire=C21:1 -> T new_wire=X_SEN_HEAT:NTC_HEAT_W -> T
15:45:47 | WARNING | eda.router             | [root] [NTC_HEAT_W] OCCUPY_OVERLAP cell=Cell(col=199, row=26) existing_net=NRST new_net=NTC_HEAT_W existing_wire=C21:1 -> T new_wire=X_SEN_HEAT:NTC_HEAT_W -> T
15:45:47 | WARNING | eda.router             | [root] [NTC_HEAT_W] OCCUPY_OVERLAP cell=Cell(col=198, row=26) existing_net=NRST new_net=NTC_HEAT_W existing_wire=C21:1 -> T new_wire=X_SEN_HEAT:NTC_HEAT_W -> T
15:45:47 | WARNING | eda.router             | [root] [NTC_HEAT_W] OCCUPY_OVERLAP cell=Cell(col=197, row=26) existing_net=NRST new_net=NTC_HEAT_W existing_wire=C21:1 -> T new_wire=X_SEN_HEAT:NTC_HEAT_W -> T
15:45:47 | WARNING | eda.router             | [root] [NTC_HEAT_W] OCCUPY_OVERLAP cell=Cell(col=196, row=26) existing_net=NRST new_net=NTC_HEAT_W existing_wire=C21:1 -> T new_wire=X_SEN_HEAT:NTC_HEAT_W -> T
15:45:47 | WARNING | eda.router             | [root] [NTC_HEAT_W] OCCUPY_OVERLAP cell=Cell(col=195, row=26) existing_net=GND new_net=NTC_HEAT_W existing_wire=X_UI:GND -> T new_wire=X_SEN_HEAT:NTC_HEAT_W -> T
15:45:47 | WARNING | eda.router             | [root] [NTC_HEAT_W] OCCUPY_OVERLAP cell=Cell(col=194, row=26) existing_net=NRST new_net=NTC_HEAT_W existing_wire=C21:1 -> T new_wire=X_SEN_HEAT:NTC_HEAT_W -> T
15:45:47 | WARNING | eda.router             | [root] [NTC_HEAT_W] OCCUPY_OVERLAP cell=Cell(col=193, row=26) existing_net=BTN_DRY_GLASS new_net=NTC_HEAT_W existing_wire=U1:34 -> X_UI:BTN_DRY_GLASS new_wire=X_SEN_HEAT:NTC_HEAT_W -> T
15:45:47 | WARNING | eda.router             | [root] [NTC_HEAT_W] OCCUPY_OVERLAP cell=Cell(col=192, row=26) existing_net=BTN_DRY_GLASS new_net=NTC_HEAT_W existing_wire=U1:34 -> X_UI:BTN_DRY_GLASS new_wire=X_SEN_HEAT:NTC_HEAT_W -> T
15:45:47 | INFO    | eda.router             | [root] [NTC_HEAT_W] [X_SEN_HEAT] [NTC_HEAT_W] stub_in page=(276.86,33.02) dir=left steps=14 tip=Cell(col=189, row=26) tip_page=(240.03,33.02)
15:45:47 | INFO    | eda.router             | [root] [NTC_HEAT_W] [X_SEN_HEAT] [NTC_HEAT_W] route right ×1
15:45:47 | INFO    | eda.router             | [root] [NTC_HEAT_W] [X_SEN_HEAT] [NTC_HEAT_W] wire X_SEN_HEAT:NTC_HEAT_W -> T segments=1 cells=16
15:45:47 | INFO    | eda.router             | [root] [-] [X_SEN_HEAT] [NTC_HEAT_W] t_junction recorded net=NTC_HEAT_W target=Cell(col=190, row=26) host=X_PWR:NTC_HEAT_W -> X_SEN_HEAT:NTC_HEAT_W
15:45:47 | INFO    | eda.router             | [root] [NTC_HEAT_W] [X_SEN_HEAT] [NTC_HEAT_W] ok t_junction=?
15:45:47 | DEBUG   | eda.router             | [root] [NTC_HEAT_W] rss=121.4 net_wires=3 total_wires=89
15:45:47 | DEBUG   | eda.router             | [root] [NTC_HEAT] pins=X_SEN_HEAT:NTC_HEAT, U1:17, X_SEN_HEAT:NTC_HEAT
15:45:47 | INFO    | eda.router             | [root] [NTC_HEAT] [X_SEN_HEAT] [NTC_HEAT] connect X_SEN_HEAT:NTC_HEAT → U1:17
15:45:47 | DEBUG   | eda.router             | [root] [NTC_HEAT] bfs Cell(col=201, row=28) → Cell(col=56, row=77)
15:45:47 | WARNING | eda.router             | [root] [NTC_HEAT] [X_SEN_HEAT] [NTC_HEAT] fail X_SEN_HEAT:NTC_HEAT → U1:17
15:45:47 | WARNING | eda.router             | [root] [NTC_HEAT] [X_SEN_HEAT] [NTC_HEAT] visited=8
15:45:47 | WARNING | eda.router             | [root] [NTC_HEAT] frontier count=14
15:45:47 | INFO    | eda.router             | [root] [NTC_HEAT] [X_SEN_HEAT] [NTC_HEAT] label net=NTC_HEAT reason=route failed
15:45:47 | INFO    | eda.router             | [root] [NTC_HEAT] [U1] [17] label net=NTC_HEAT reason=route failed
15:45:47 | WARNING | eda.router             | [root] [NTC_HEAT] fallback labels_on=X_SEN_HEAT:NTC_HEAT,U1:17
15:45:47 | WARNING | eda.router             | [root] [NTC_HEAT] [X_SEN_HEAT] [NTC_HEAT] fail X_SEN_HEAT:NTC_HEAT → U1:17
15:45:47 | DEBUG   | eda.router             | [root] [NTC_HEAT] rss=121.4 net_wires=0 total_wires=89
15:45:47 | DEBUG   | eda.router             | [root] [SOLAR_RAW] pins=X_PWR:SOLAR_RAW, X_SEN_SOLAR:SOLAR_RAW, X_PWR:SOLAR_RAW, X_SEN_SOLAR:SOLAR_RAW
15:45:47 | INFO    | eda.router             | [root] [SOLAR_RAW] [X_PWR] [SOLAR_RAW] connect X_PWR:SOLAR_RAW → X_SEN_SOLAR:SOLAR_RAW
15:45:47 | DEBUG   | eda.router             | [root] [SOLAR_RAW] bfs Cell(col=20, row=87) → Cell(col=127, row=29)
15:45:47 | WARNING | eda.router             | [root] [SOLAR_RAW] [X_PWR] [SOLAR_RAW] fail X_PWR:SOLAR_RAW → X_SEN_SOLAR:SOLAR_RAW
15:45:47 | WARNING | eda.router             | [root] [SOLAR_RAW] [X_PWR] [SOLAR_RAW] visited=249
15:45:47 | WARNING | eda.router             | [root] [SOLAR_RAW] frontier count=94
15:45:47 | INFO    | eda.router             | [root] [SOLAR_RAW] [X_PWR] [SOLAR_RAW] label net=SOLAR_RAW reason=route failed
15:45:47 | INFO    | eda.router             | [root] [SOLAR_RAW] [X_SEN_SOLAR] [SOLAR_RAW] label net=SOLAR_RAW reason=route failed
15:45:47 | WARNING | eda.router             | [root] [SOLAR_RAW] fallback labels_on=X_PWR:SOLAR_RAW,X_SEN_SOLAR:SOLAR_RAW
15:45:47 | WARNING | eda.router             | [root] [SOLAR_RAW] [X_PWR] [SOLAR_RAW] fail X_PWR:SOLAR_RAW → X_SEN_SOLAR:SOLAR_RAW
15:45:47 | DEBUG   | eda.router             | [root] [SOLAR_RAW] rss=121.4 net_wires=0 total_wires=89
15:45:47 | DEBUG   | eda.router             | [root] [SOLAR_ADC] pins=U1:20, X_SEN_SOLAR:SOLAR_ADC, X_SEN_SOLAR:SOLAR_ADC
15:45:47 | INFO    | eda.router             | [root] [SOLAR_ADC] [U1] [20] connect U1:20 → X_SEN_SOLAR:SOLAR_ADC
15:45:47 | DEBUG   | eda.router             | [root] [SOLAR_ADC] bfs Cell(col=56, row=79) → Cell(col=126, row=27)
15:45:48 | DEBUG   | eda.router             | [root] [SOLAR_ADC] bfs done steps=17015 cells=127
15:45:48 | WARNING | eda.router             | [root] [SOLAR_ADC] OCCUPY_OVERLAP cell=Cell(col=60, row=79) existing_net=LED_FACE_DRV new_net=SOLAR_ADC existing_wire=X_UI:LED_FACE_DRV -> U1:55 new_wire=U1:20 -> X_SEN_SOLAR:SOLAR_ADC
15:45:48 | WARNING | eda.router             | [root] [SOLAR_ADC] OCCUPY_OVERLAP cell=Cell(col=62, row=79) existing_net=LED_DRY_GLASS_DRV new_net=SOLAR_ADC existing_wire=X_UI:LED_DRY_GLASS_DRV -> U1:3 new_wire=U1:20 -> X_SEN_SOLAR:SOLAR_ADC
15:45:48 | WARNING | eda.router             | [root] [SOLAR_ADC] OCCUPY_OVERLAP cell=Cell(col=64, row=79) existing_net=LED_AC_DRV new_net=SOLAR_ADC existing_wire=X_UI:LED_AC_DRV -> U1:4 new_wire=U1:20 -> X_SEN_SOLAR:SOLAR_ADC
15:45:48 | WARNING | eda.router             | [root] [SOLAR_ADC] OCCUPY_OVERLAP cell=Cell(col=95, row=79) existing_net=VCC_3V3 new_net=SOLAR_ADC existing_wire=U1:48 -> T new_wire=U1:20 -> X_SEN_SOLAR:SOLAR_ADC
15:45:48 | WARNING | eda.router             | [root] [SOLAR_ADC] OCCUPY_OVERLAP cell=Cell(col=128, row=75) existing_net=NTC_CABIN new_net=SOLAR_ADC existing_wire=U1:16 -> X_UI:NTC_CABIN new_wire=U1:20 -> X_SEN_SOLAR:SOLAR_ADC
15:45:48 | WARNING | eda.router             | [root] [SOLAR_ADC] OCCUPY_OVERLAP cell=Cell(col=128, row=73) existing_net=FAN_SEL_ADC new_net=SOLAR_ADC existing_wire=U1:15 -> X_UI:FAN_SEL_ADC new_wire=U1:20 -> X_SEN_SOLAR:SOLAR_ADC
15:45:48 | WARNING | eda.router             | [root] [SOLAR_ADC] OCCUPY_OVERLAP cell=Cell(col=128, row=71) existing_net=TEMP_SET_ADC new_net=SOLAR_ADC existing_wire=U1:14 -> X_UI:TEMP_SET_ADC new_wire=U1:20 -> X_SEN_SOLAR:SOLAR_ADC
15:45:48 | WARNING | eda.router             | [root] [SOLAR_ADC] OCCUPY_OVERLAP cell=Cell(col=128, row=64) existing_net=VCC_12V new_net=SOLAR_ADC existing_wire=X_PWR:VCC_12V -> X_SEN_CABIN:VCC_12V new_wire=U1:20 -> X_SEN_SOLAR:SOLAR_ADC
15:45:48 | WARNING | eda.router             | [root] [SOLAR_ADC] OCCUPY_OVERLAP cell=Cell(col=128, row=60) existing_net=VDDA_3V3 new_net=SOLAR_ADC existing_wire=U1:13 -> T new_wire=U1:20 -> X_SEN_SOLAR:SOLAR_ADC
15:45:48 | WARNING | eda.router             | [root] [SOLAR_ADC] OCCUPY_OVERLAP cell=Cell(col=128, row=44) existing_net=LED_AC_DRV new_net=SOLAR_ADC existing_wire=X_UI:LED_AC_DRV -> U1:4 new_wire=U1:20 -> X_SEN_SOLAR:SOLAR_ADC
15:45:48 | WARNING | eda.router             | [root] [SOLAR_ADC] OCCUPY_OVERLAP cell=Cell(col=128, row=42) existing_net=LED_DRY_GLASS_DRV new_net=SOLAR_ADC existing_wire=X_UI:LED_DRY_GLASS_DRV -> U1:3 new_wire=U1:20 -> X_SEN_SOLAR:SOLAR_ADC
15:45:48 | WARNING | eda.router             | [root] [SOLAR_ADC] OCCUPY_OVERLAP cell=Cell(col=128, row=40) existing_net=LED_FACE_DRV new_net=SOLAR_ADC existing_wire=X_UI:LED_FACE_DRV -> U1:55 new_wire=U1:20 -> X_SEN_SOLAR:SOLAR_ADC
15:45:48 | WARNING | eda.router             | [root] [SOLAR_ADC] OCCUPY_OVERLAP cell=Cell(col=128, row=38) existing_net=VCC_5V new_net=SOLAR_ADC existing_wire=X_CAN:VCC_5V -> X_PWR:VCC_5V new_wire=U1:20 -> X_SEN_SOLAR:SOLAR_ADC
15:45:48 | WARNING | eda.router             | [root] [SOLAR_ADC] OCCUPY_OVERLAP cell=Cell(col=128, row=27) existing_net=GND new_net=SOLAR_ADC existing_wire=X_SEN_SOLAR:GND -> T new_wire=U1:20 -> X_SEN_SOLAR:SOLAR_ADC
15:45:48 | WARNING | eda.router             | [root] [SOLAR_ADC] OCCUPY_OVERLAP cell=Cell(col=127, row=27) existing_net=GND new_net=SOLAR_ADC existing_wire=X_SEN_COND:GND -> T new_wire=U1:20 -> X_SEN_SOLAR:SOLAR_ADC
15:45:48 | INFO    | eda.router             | [root] [SOLAR_ADC] [U1] [20] stub_in page=(69.85,100.33) dir=right steps=1 tip=Cell(col=56, row=79) tip_page=(71.12,100.33)
15:45:48 | INFO    | eda.router             | [root] [SOLAR_ADC] [U1] [20] route right ×72, up ×52, left ×2
15:45:48 | INFO    | eda.router             | [root] [SOLAR_ADC] [U1] [20] wire U1:20 -> X_SEN_SOLAR:SOLAR_ADC segments=3 cells=128
15:45:48 | INFO    | eda.router             | [root] [SOLAR_ADC] [X_SEN_SOLAR] [SOLAR_ADC] route right ×72, up ×52, left ×2
15:45:48 | INFO    | eda.router             | [root] [SOLAR_ADC] [X_SEN_SOLAR] [SOLAR_ADC] wire U1:20 -> X_SEN_SOLAR:SOLAR_ADC segments=3 cells=128
15:45:48 | INFO    | eda.router             | [root] [SOLAR_ADC] [U1] [20] ok segments=3
15:45:48 | INFO    | eda.router             | [root] [SOLAR_ADC] [X_SEN_SOLAR] [SOLAR_ADC] t_connect
15:45:48 | DEBUG   | eda.router             | [root] [SOLAR_ADC] [X_SEN_SOLAR] [SOLAR_ADC] t_connect candidates=129 tries=5
15:45:48 | DEBUG   | eda.router             | [root] [SOLAR_ADC] bfs Cell(col=126, row=27) → Cell(col=126, row=27)
15:45:48 | DEBUG   | eda.router             | [root] [SOLAR_ADC] bfs start_eq_goal
15:45:48 | INFO    | eda.router             | [root] [SOLAR_ADC] [X_SEN_SOLAR] [SOLAR_ADC] t_junction target=Cell(col=126, row=27) try=1
15:45:48 | INFO    | eda.router             | [root] [SOLAR_ADC] [X_SEN_SOLAR] [SOLAR_ADC] wire X_SEN_SOLAR:SOLAR_ADC -> T segments=0 cells=1
15:45:48 | INFO    | eda.router             | [root] [-] [X_SEN_SOLAR] [SOLAR_ADC] t_junction recorded net=SOLAR_ADC target=Cell(col=126, row=27) host=U1:20 -> X_SEN_SOLAR:SOLAR_ADC
15:45:48 | INFO    | eda.router             | [root] [SOLAR_ADC] [X_SEN_SOLAR] [SOLAR_ADC] ok t_junction=?
15:45:48 | DEBUG   | eda.router             | [root] [SOLAR_ADC] rss=121.4 net_wires=2 total_wires=91
15:45:48 | DEBUG   | eda.router             | [root] [COND_RAW] pins=X_PWR:COND_RAW, X_SEN_COND:COND_RAW, X_PWR:COND_RAW, X_SEN_COND:COND_RAW
15:45:48 | INFO    | eda.router             | [root] [COND_RAW] [X_PWR] [COND_RAW] connect X_PWR:COND_RAW → X_SEN_COND:COND_RAW
15:45:48 | DEBUG   | eda.router             | [root] [COND_RAW] bfs Cell(col=20, row=89) → Cell(col=103, row=29)
15:45:48 | WARNING | eda.router             | [root] [COND_RAW] [X_PWR] [COND_RAW] fail X_PWR:COND_RAW → X_SEN_COND:COND_RAW
15:45:48 | WARNING | eda.router             | [root] [COND_RAW] [X_PWR] [COND_RAW] visited=249
15:45:48 | WARNING | eda.router             | [root] [COND_RAW] frontier count=94
15:45:48 | INFO    | eda.router             | [root] [COND_RAW] [X_PWR] [COND_RAW] label net=COND_RAW reason=route failed
15:45:48 | INFO    | eda.router             | [root] [COND_RAW] [X_SEN_COND] [COND_RAW] label net=COND_RAW reason=route failed
15:45:48 | WARNING | eda.router             | [root] [COND_RAW] fallback labels_on=X_PWR:COND_RAW,X_SEN_COND:COND_RAW
15:45:48 | WARNING | eda.router             | [root] [COND_RAW] [X_PWR] [COND_RAW] fail X_PWR:COND_RAW → X_SEN_COND:COND_RAW
15:45:48 | DEBUG   | eda.router             | [root] [COND_RAW] rss=121.4 net_wires=0 total_wires=91
15:45:48 | DEBUG   | eda.router             | [root] [COND_ADC] pins=U1:21, X_SEN_COND:COND_ADC, X_SEN_COND:COND_ADC
15:45:48 | INFO    | eda.router             | [root] [COND_ADC] [U1] [21] connect U1:21 → X_SEN_COND:COND_ADC
15:45:48 | DEBUG   | eda.router             | [root] [COND_ADC] bfs Cell(col=56, row=81) → Cell(col=85, row=27)
15:45:49 | WARNING | eda.router             | [root] [COND_ADC] [U1] [21] fail U1:21 → X_SEN_COND:COND_ADC
15:45:49 | WARNING | eda.router             | [root] [COND_ADC] [U1] [21] visited=85468
15:45:49 | WARNING | eda.router             | [root] [COND_ADC] frontier count=4090
15:45:49 | INFO    | eda.router             | [root] [COND_ADC] [U1] [21] label net=COND_ADC reason=route failed
15:45:49 | INFO    | eda.router             | [root] [COND_ADC] [X_SEN_COND] [COND_ADC] label net=COND_ADC reason=route failed
15:45:49 | WARNING | eda.router             | [root] [COND_ADC] fallback labels_on=U1:21,X_SEN_COND:COND_ADC
15:45:49 | WARNING | eda.router             | [root] [COND_ADC] [U1] [21] fail U1:21 → X_SEN_COND:COND_ADC
15:45:49 | DEBUG   | eda.router             | [root] [COND_ADC] rss=121.4 net_wires=0 total_wires=91
15:45:49 | DEBUG   | eda.router             | [root] [MOTOR_1_A] pins=X_PWR:MOTOR_1_A, X_ACT:MOTOR_1_A, X_PWR:MOTOR_1_A, X_ACT:MOTOR_1_A
15:45:49 | INFO    | eda.router             | [root] [MOTOR_1_A] [X_PWR] [MOTOR_1_A] connect X_PWR:MOTOR_1_A → X_ACT:MOTOR_1_A
15:45:49 | DEBUG   | eda.router             | [root] [MOTOR_1_A] bfs Cell(col=2, row=81) → Cell(col=31, row=5)
15:45:49 | DEBUG   | eda.router             | [root] [MOTOR_1_A] bfs done steps=16532 cells=120
15:45:49 | WARNING | eda.router             | [root] [MOTOR_1_A] OCCUPY_OVERLAP cell=Cell(col=0, row=81) existing_net=NRST new_net=MOTOR_1_A existing_wire=U1:7 -> R1:2 new_wire=X_PWR:MOTOR_1_A -> X_ACT:MOTOR_1_A
15:45:49 | WARNING | eda.router             | [root] [MOTOR_1_A] OCCUPY_OVERLAP cell=Cell(col=-3, row=79) existing_net=NTC_HEAT_W new_net=MOTOR_1_A existing_wire=X_PWR:NTC_HEAT_W -> T new_wire=X_PWR:MOTOR_1_A -> X_ACT:MOTOR_1_A
15:45:49 | WARNING | eda.router             | [root] [MOTOR_1_A] OCCUPY_OVERLAP cell=Cell(col=-2, row=77) existing_net=NTC_HEAT_W new_net=MOTOR_1_A existing_wire=X_PWR:NTC_HEAT_W -> X_SEN_HEAT:NTC_HEAT_W new_wire=X_PWR:MOTOR_1_A -> X_ACT:MOTOR_1_A
15:45:49 | WARNING | eda.router             | [root] [MOTOR_1_A] OCCUPY_OVERLAP cell=Cell(col=0, row=77) existing_net=NRST new_net=MOTOR_1_A existing_wire=U1:7 -> R1:2 new_wire=X_PWR:MOTOR_1_A -> X_ACT:MOTOR_1_A
15:45:49 | WARNING | eda.router             | [root] [MOTOR_1_A] OCCUPY_OVERLAP cell=Cell(col=2, row=77) existing_net=VCC_12V new_net=MOTOR_1_A existing_wire=X_PWR:VCC_12V -> T new_wire=X_PWR:MOTOR_1_A -> X_ACT:MOTOR_1_A
15:45:49 | WARNING | eda.router             | [root] [MOTOR_1_A] OCCUPY_OVERLAP cell=Cell(col=2, row=76) existing_net=VCC_12V new_net=MOTOR_1_A existing_wire=X_PWR:VCC_12V -> T new_wire=X_PWR:MOTOR_1_A -> X_ACT:MOTOR_1_A
15:45:49 | WARNING | eda.router             | [root] [MOTOR_1_A] OCCUPY_OVERLAP cell=Cell(col=17, row=71) existing_net=NRST new_net=MOTOR_1_A existing_wire=U1:7 -> R1:2 new_wire=X_PWR:MOTOR_1_A -> X_ACT:MOTOR_1_A
15:45:49 | WARNING | eda.router             | [root] [MOTOR_1_A] OCCUPY_OVERLAP cell=Cell(col=19, row=66) existing_net=BOOT0 new_net=MOTOR_1_A existing_wire=R2:1 -> U1:60 new_wire=X_PWR:MOTOR_1_A -> X_ACT:MOTOR_1_A
15:45:49 | WARNING | eda.router             | [root] [MOTOR_1_A] OCCUPY_OVERLAP cell=Cell(col=21, row=66) existing_net=VCC_5V new_net=MOTOR_1_A existing_wire=X_CAN:VCC_5V -> X_PWR:VCC_5V new_wire=X_PWR:MOTOR_1_A -> X_ACT:MOTOR_1_A
15:45:49 | WARNING | eda.router             | [root] [MOTOR_1_A] OCCUPY_OVERLAP cell=Cell(col=24, row=66) existing_net=VCC_3V3 new_net=MOTOR_1_A existing_wire=X_PWR:VCC_3V3 -> T new_wire=X_PWR:MOTOR_1_A -> X_ACT:MOTOR_1_A
15:45:49 | WARNING | eda.router             | [root] [MOTOR_1_A] OCCUPY_OVERLAP cell=Cell(col=24, row=65) existing_net=VCC_3V3 new_net=MOTOR_1_A existing_wire=X_PWR:VCC_3V3 -> T new_wire=X_PWR:MOTOR_1_A -> X_ACT:MOTOR_1_A
15:45:49 | WARNING | eda.router             | [root] [MOTOR_1_A] OCCUPY_OVERLAP cell=Cell(col=26, row=63) existing_net=VCC_3V3 new_net=MOTOR_1_A existing_wire=X_PWR:VCC_3V3 -> T new_wire=X_PWR:MOTOR_1_A -> X_ACT:MOTOR_1_A
15:45:49 | WARNING | eda.router             | [root] [MOTOR_1_A] OCCUPY_OVERLAP cell=Cell(col=26, row=62) existing_net=VCC_3V3 new_net=MOTOR_1_A existing_wire=X_PWR:VCC_3V3 -> T new_wire=X_PWR:MOTOR_1_A -> X_ACT:MOTOR_1_A
15:45:49 | WARNING | eda.router             | [root] [MOTOR_1_A] OCCUPY_OVERLAP cell=Cell(col=31, row=57) existing_net=VCC_5V new_net=MOTOR_1_A existing_wire=X_CAN:VCC_5V -> X_PWR:VCC_5V new_wire=X_PWR:MOTOR_1_A -> X_ACT:MOTOR_1_A
15:45:49 | WARNING | eda.router             | [root] [MOTOR_1_A] OCCUPY_OVERLAP cell=Cell(col=31, row=30) existing_net=GND new_net=MOTOR_1_A existing_wire=X_BACKLIGHT:GND -> T new_wire=X_PWR:MOTOR_1_A -> X_ACT:MOTOR_1_A
15:45:49 | WARNING | eda.router             | [root] [MOTOR_1_A] OCCUPY_OVERLAP cell=Cell(col=32, row=7) existing_net=GND new_net=MOTOR_1_A existing_wire=X_ACT:GND -> T new_wire=X_PWR:MOTOR_1_A -> X_ACT:MOTOR_1_A
15:45:49 | WARNING | eda.router             | [root] [MOTOR_1_A] OCCUPY_OVERLAP cell=Cell(col=32, row=5) existing_net=VCC_12V new_net=MOTOR_1_A existing_wire=X_ACT:VCC_12V -> T new_wire=X_PWR:MOTOR_1_A -> X_ACT:MOTOR_1_A
15:45:49 | WARNING | eda.router             | [root] [MOTOR_1_A] OCCUPY_OVERLAP cell=Cell(col=32, row=5) existing_net=VCC_12V new_net=MOTOR_1_A existing_wire=X_ACT:VCC_12V -> T new_wire=X_PWR:MOTOR_1_A -> X_ACT:MOTOR_1_A
15:45:49 | INFO    | eda.router             | [root] [MOTOR_1_A] [X_PWR] [MOTOR_1_A] stub_in page=(22.86,102.87) dir=left steps=1 tip=Cell(col=2, row=81) tip_page=(2.54,102.87)
15:45:49 | INFO    | eda.router             | [root] [MOTOR_1_A] [X_PWR] [MOTOR_1_A] route left ×5, up ×2, left ×1, up ×2, right ×6, up ×3, right ×15, up ×8, right ×7, up ×3, right ×2, up ×3, right ×5, up ×30, right ×1, up ×25, left ×1
15:45:49 | INFO    | eda.router             | [root] [MOTOR_1_A] [X_PWR] [MOTOR_1_A] wire X_PWR:MOTOR_1_A -> X_ACT:MOTOR_1_A segments=17 cells=123
15:45:49 | INFO    | eda.router             | [root] [MOTOR_1_A] [X_ACT] [MOTOR_1_A] stub_out page=(60.96,6.35) dir=left steps=2 tip=Cell(col=31, row=5) tip_page=(39.37,6.35)
15:45:49 | INFO    | eda.router             | [root] [MOTOR_1_A] [X_ACT] [MOTOR_1_A] route left ×5, up ×2, left ×1, up ×2, right ×6, up ×3, right ×15, up ×8, right ×7, up ×3, right ×2, up ×3, right ×5, up ×30, right ×1, up ×25, left ×1
15:45:49 | INFO    | eda.router             | [root] [MOTOR_1_A] [X_ACT] [MOTOR_1_A] wire X_PWR:MOTOR_1_A -> X_ACT:MOTOR_1_A segments=17 cells=123
15:45:49 | INFO    | eda.router             | [root] [MOTOR_1_A] [X_PWR] [MOTOR_1_A] ok segments=17
15:45:49 | INFO    | eda.router             | [root] [MOTOR_1_A] [X_PWR] [MOTOR_1_A] t_connect
15:45:49 | DEBUG   | eda.router             | [root] [MOTOR_1_A] [X_PWR] [MOTOR_1_A] t_connect candidates=136 tries=5
15:45:49 | DEBUG   | eda.router             | [root] [MOTOR_1_A] bfs Cell(col=-4, row=81) → Cell(col=-3, row=81)
15:45:49 | DEBUG   | eda.router             | [root] [MOTOR_1_A] bfs done steps=2 cells=2
15:45:49 | INFO    | eda.router             | [root] [MOTOR_1_A] [X_PWR] [MOTOR_1_A] t_junction target=Cell(col=-3, row=81) try=1
15:45:49 | WARNING | eda.router             | [root] [MOTOR_1_A] OCCUPY_OVERLAP cell=Cell(col=0, row=81) existing_net=NRST new_net=MOTOR_1_A existing_wire=U1:7 -> R1:2 new_wire=X_PWR:MOTOR_1_A -> T
15:45:49 | INFO    | eda.router             | [root] [MOTOR_1_A] [X_PWR] [MOTOR_1_A] stub_in page=(22.86,102.87) dir=left steps=7 tip=Cell(col=-4, row=81) tip_page=(-5.08,102.87)
15:45:49 | INFO    | eda.router             | [root] [MOTOR_1_A] [X_PWR] [MOTOR_1_A] route right ×1
15:45:49 | INFO    | eda.router             | [root] [MOTOR_1_A] [X_PWR] [MOTOR_1_A] wire X_PWR:MOTOR_1_A -> T segments=1 cells=9
15:45:49 | INFO    | eda.router             | [root] [-] [X_PWR] [MOTOR_1_A] t_junction recorded net=MOTOR_1_A target=Cell(col=-3, row=81) host=X_PWR:MOTOR_1_A -> X_ACT:MOTOR_1_A
15:45:49 | INFO    | eda.router             | [root] [MOTOR_1_A] [X_PWR] [MOTOR_1_A] ok t_junction=?
15:45:49 | INFO    | eda.router             | [root] [MOTOR_1_A] [X_ACT] [MOTOR_1_A] t_connect
15:45:49 | DEBUG   | eda.router             | [root] [MOTOR_1_A] [X_ACT] [MOTOR_1_A] t_connect candidates=138 tries=5
15:45:49 | DEBUG   | eda.router             | [root] [MOTOR_1_A] bfs Cell(col=29, row=5) → Cell(col=31, row=5)
15:45:49 | DEBUG   | eda.router             | [root] [MOTOR_1_A] bfs done steps=5 cells=3
15:45:49 | INFO    | eda.router             | [root] [MOTOR_1_A] [X_ACT] [MOTOR_1_A] t_junction target=Cell(col=31, row=5) try=1
15:45:49 | WARNING | eda.router             | [root] [MOTOR_1_A] OCCUPY_OVERLAP cell=Cell(col=32, row=5) existing_net=VCC_12V new_net=MOTOR_1_A existing_wire=X_ACT:VCC_12V -> T new_wire=X_ACT:MOTOR_1_A -> T
15:45:49 | WARNING | eda.router             | [root] [MOTOR_1_A] OCCUPY_OVERLAP cell=Cell(col=30, row=5) existing_net=GND new_net=MOTOR_1_A existing_wire=X_BACKLIGHT:GND -> T new_wire=X_ACT:MOTOR_1_A -> T
15:45:49 | WARNING | eda.router             | [root] [MOTOR_1_A] OCCUPY_OVERLAP cell=Cell(col=30, row=5) existing_net=GND new_net=MOTOR_1_A existing_wire=X_BACKLIGHT:GND -> T new_wire=X_ACT:MOTOR_1_A -> T
15:45:49 | INFO    | eda.router             | [root] [MOTOR_1_A] [X_ACT] [MOTOR_1_A] stub_in page=(60.96,6.35) dir=left steps=4 tip=Cell(col=29, row=5) tip_page=(36.83,6.35)
15:45:49 | INFO    | eda.router             | [root] [MOTOR_1_A] [X_ACT] [MOTOR_1_A] route right ×2
15:45:49 | INFO    | eda.router             | [root] [MOTOR_1_A] [X_ACT] [MOTOR_1_A] wire X_ACT:MOTOR_1_A -> T segments=1 cells=7
15:45:49 | INFO    | eda.router             | [root] [-] [X_ACT] [MOTOR_1_A] t_junction recorded net=MOTOR_1_A target=Cell(col=31, row=5) host=X_PWR:MOTOR_1_A -> X_ACT:MOTOR_1_A
15:45:49 | INFO    | eda.router             | [root] [MOTOR_1_A] [X_ACT] [MOTOR_1_A] ok t_junction=?
15:45:49 | DEBUG   | eda.router             | [root] [MOTOR_1_A] rss=121.4 net_wires=3 total_wires=94
15:45:49 | DEBUG   | eda.router             | [root] [MOTOR_1_B] pins=X_PWR:MOTOR_1_B, X_ACT:MOTOR_1_B, X_PWR:MOTOR_1_B, X_ACT:MOTOR_1_B
15:45:49 | INFO    | eda.router             | [root] [MOTOR_1_B] [X_PWR] [MOTOR_1_B] connect X_PWR:MOTOR_1_B → X_ACT:MOTOR_1_B
15:45:49 | DEBUG   | eda.router             | [root] [MOTOR_1_B] bfs Cell(col=2, row=83) → Cell(col=29, row=7)
15:45:49 | DEBUG   | eda.router             | [root] [MOTOR_1_B] bfs done steps=16172 cells=120
15:45:49 | WARNING | eda.router             | [root] [MOTOR_1_B] OCCUPY_OVERLAP cell=Cell(col=0, row=83) existing_net=NRST new_net=MOTOR_1_B existing_wire=U1:7 -> R1:2 new_wire=X_PWR:MOTOR_1_B -> X_ACT:MOTOR_1_B
15:45:49 | WARNING | eda.router             | [root] [MOTOR_1_B] OCCUPY_OVERLAP cell=Cell(col=-4, row=78) existing_net=MOTOR_1_A new_net=MOTOR_1_B existing_wire=X_PWR:MOTOR_1_A -> X_ACT:MOTOR_1_A new_wire=X_PWR:MOTOR_1_B -> X_ACT:MOTOR_1_B
15:45:49 | WARNING | eda.router             | [root] [MOTOR_1_B] OCCUPY_OVERLAP cell=Cell(col=-4, row=77) existing_net=MOTOR_1_A new_net=MOTOR_1_B existing_wire=X_PWR:MOTOR_1_A -> X_ACT:MOTOR_1_A new_wire=X_PWR:MOTOR_1_B -> X_ACT:MOTOR_1_B
15:45:49 | WARNING | eda.router             | [root] [MOTOR_1_B] OCCUPY_OVERLAP cell=Cell(col=-2, row=73) existing_net=NTC_HEAT_W new_net=MOTOR_1_B existing_wire=X_PWR:NTC_HEAT_W -> X_SEN_HEAT:NTC_HEAT_W new_wire=X_PWR:MOTOR_1_B -> X_ACT:MOTOR_1_B
15:45:49 | WARNING | eda.router             | [root] [MOTOR_1_B] OCCUPY_OVERLAP cell=Cell(col=-2, row=72) existing_net=NTC_HEAT_W new_net=MOTOR_1_B existing_wire=X_PWR:NTC_HEAT_W -> X_SEN_HEAT:NTC_HEAT_W new_wire=X_PWR:MOTOR_1_B -> X_ACT:MOTOR_1_B
15:45:49 | WARNING | eda.router             | [root] [MOTOR_1_B] OCCUPY_OVERLAP cell=Cell(col=0, row=26) existing_net=NTC_HEAT_W new_net=MOTOR_1_B existing_wire=X_PWR:NTC_HEAT_W -> X_SEN_HEAT:NTC_HEAT_W new_wire=X_PWR:MOTOR_1_B -> X_ACT:MOTOR_1_B
15:45:49 | WARNING | eda.router             | [root] [MOTOR_1_B] OCCUPY_OVERLAP cell=Cell(col=0, row=25) existing_net=NTC_HEAT_W new_net=MOTOR_1_B existing_wire=X_PWR:NTC_HEAT_W -> X_SEN_HEAT:NTC_HEAT_W new_wire=X_PWR:MOTOR_1_B -> X_ACT:MOTOR_1_B
15:45:49 | WARNING | eda.router             | [root] [MOTOR_1_B] OCCUPY_OVERLAP cell=Cell(col=2, row=23) existing_net=BOOT0 new_net=MOTOR_1_B existing_wire=R2:1 -> U1:60 new_wire=X_PWR:MOTOR_1_B -> X_ACT:MOTOR_1_B
15:45:49 | WARNING | eda.router             | [root] [MOTOR_1_B] OCCUPY_OVERLAP cell=Cell(col=28, row=7) existing_net=NTC_HEAT_W new_net=MOTOR_1_B existing_wire=X_PWR:NTC_HEAT_W -> X_SEN_HEAT:NTC_HEAT_W new_wire=X_PWR:MOTOR_1_B -> X_ACT:MOTOR_1_B
15:45:49 | WARNING | eda.router             | [root] [MOTOR_1_B] OCCUPY_OVERLAP cell=Cell(col=32, row=7) existing_net=GND new_net=MOTOR_1_B existing_wire=X_ACT:GND -> T new_wire=X_PWR:MOTOR_1_B -> X_ACT:MOTOR_1_B
15:45:49 | WARNING | eda.router             | [root] [MOTOR_1_B] OCCUPY_OVERLAP cell=Cell(col=31, row=7) existing_net=GND new_net=MOTOR_1_B existing_wire=X_ACT:GND -> T new_wire=X_PWR:MOTOR_1_B -> X_ACT:MOTOR_1_B
15:45:49 | WARNING | eda.router             | [root] [MOTOR_1_B] OCCUPY_OVERLAP cell=Cell(col=30, row=7) existing_net=GND new_net=MOTOR_1_B existing_wire=X_ACT:GND -> T new_wire=X_PWR:MOTOR_1_B -> X_ACT:MOTOR_1_B
15:45:49 | INFO    | eda.router             | [root] [MOTOR_1_B] [X_PWR] [MOTOR_1_B] stub_in page=(22.86,105.41) dir=left steps=1 tip=Cell(col=2, row=83) tip_page=(2.54,105.41)
15:45:49 | INFO    | eda.router             | [root] [MOTOR_1_B] [X_PWR] [MOTOR_1_B] route left ×8, up ×5, right ×2, up ×5, right ×2, up ×47, right ×2, up ×3, right ×26, up ×16, right ×3
15:45:49 | INFO    | eda.router             | [root] [MOTOR_1_B] [X_PWR] [MOTOR_1_B] wire X_PWR:MOTOR_1_B -> X_ACT:MOTOR_1_B segments=11 cells=125
15:45:49 | INFO    | eda.router             | [root] [MOTOR_1_B] [X_ACT] [MOTOR_1_B] stub_out page=(60.96,8.89) dir=left steps=4 tip=Cell(col=29, row=7) tip_page=(36.83,8.89)
15:45:49 | INFO    | eda.router             | [root] [MOTOR_1_B] [X_ACT] [MOTOR_1_B] route left ×8, up ×5, right ×2, up ×5, right ×2, up ×47, right ×2, up ×3, right ×26, up ×16, right ×3
15:45:49 | INFO    | eda.router             | [root] [MOTOR_1_B] [X_ACT] [MOTOR_1_B] wire X_PWR:MOTOR_1_B -> X_ACT:MOTOR_1_B segments=11 cells=125
15:45:49 | INFO    | eda.router             | [root] [MOTOR_1_B] [X_PWR] [MOTOR_1_B] ok segments=11
15:45:49 | INFO    | eda.router             | [root] [MOTOR_1_B] [X_PWR] [MOTOR_1_B] t_connect
15:45:49 | DEBUG   | eda.router             | [root] [MOTOR_1_B] [X_PWR] [MOTOR_1_B] t_connect candidates=130 tries=5
15:45:49 | DEBUG   | eda.router             | [root] [MOTOR_1_B] bfs Cell(col=-7, row=83) → Cell(col=-6, row=83)
15:45:49 | DEBUG   | eda.router             | [root] [MOTOR_1_B] bfs done steps=2 cells=2
15:45:49 | INFO    | eda.router             | [root] [MOTOR_1_B] [X_PWR] [MOTOR_1_B] t_junction target=Cell(col=-6, row=83) try=1
15:45:49 | WARNING | eda.router             | [root] [MOTOR_1_B] OCCUPY_OVERLAP cell=Cell(col=0, row=83) existing_net=NRST new_net=MOTOR_1_B existing_wire=U1:7 -> R1:2 new_wire=X_PWR:MOTOR_1_B -> T
15:45:49 | INFO    | eda.router             | [root] [MOTOR_1_B] [X_PWR] [MOTOR_1_B] stub_in page=(22.86,105.41) dir=left steps=10 tip=Cell(col=-7, row=83) tip_page=(-8.89,105.41)
15:45:49 | INFO    | eda.router             | [root] [MOTOR_1_B] [X_PWR] [MOTOR_1_B] route right ×1
15:45:49 | INFO    | eda.router             | [root] [MOTOR_1_B] [X_PWR] [MOTOR_1_B] wire X_PWR:MOTOR_1_B -> T segments=1 cells=12
15:45:49 | INFO    | eda.router             | [root] [-] [X_PWR] [MOTOR_1_B] t_junction recorded net=MOTOR_1_B target=Cell(col=-6, row=83) host=X_PWR:MOTOR_1_B -> X_ACT:MOTOR_1_B
15:45:49 | INFO    | eda.router             | [root] [MOTOR_1_B] [X_PWR] [MOTOR_1_B] ok t_junction=?
15:45:49 | INFO    | eda.router             | [root] [MOTOR_1_B] [X_ACT] [MOTOR_1_B] t_connect
15:45:49 | DEBUG   | eda.router             | [root] [MOTOR_1_B] [X_ACT] [MOTOR_1_B] t_connect candidates=132 tries=5
15:45:49 | DEBUG   | eda.router             | [root] [MOTOR_1_B] bfs Cell(col=25, row=7) → Cell(col=26, row=7)
15:45:49 | DEBUG   | eda.router             | [root] [MOTOR_1_B] bfs done steps=2 cells=2
15:45:49 | INFO    | eda.router             | [root] [MOTOR_1_B] [X_ACT] [MOTOR_1_B] t_junction target=Cell(col=26, row=7) try=1
15:45:49 | WARNING | eda.router             | [root] [MOTOR_1_B] OCCUPY_OVERLAP cell=Cell(col=32, row=7) existing_net=GND new_net=MOTOR_1_B existing_wire=X_ACT:GND -> T new_wire=X_ACT:MOTOR_1_B -> T
15:45:49 | WARNING | eda.router             | [root] [MOTOR_1_B] OCCUPY_OVERLAP cell=Cell(col=31, row=7) existing_net=GND new_net=MOTOR_1_B existing_wire=X_ACT:GND -> T new_wire=X_ACT:MOTOR_1_B -> T
15:45:49 | WARNING | eda.router             | [root] [MOTOR_1_B] OCCUPY_OVERLAP cell=Cell(col=30, row=7) existing_net=GND new_net=MOTOR_1_B existing_wire=X_ACT:GND -> T new_wire=X_ACT:MOTOR_1_B -> T
15:45:49 | WARNING | eda.router             | [root] [MOTOR_1_B] OCCUPY_OVERLAP cell=Cell(col=28, row=7) existing_net=NTC_HEAT_W new_net=MOTOR_1_B existing_wire=X_PWR:NTC_HEAT_W -> X_SEN_HEAT:NTC_HEAT_W new_wire=X_ACT:MOTOR_1_B -> T
15:45:49 | INFO    | eda.router             | [root] [MOTOR_1_B] [X_ACT] [MOTOR_1_B] stub_in page=(60.96,8.89) dir=left steps=8 tip=Cell(col=25, row=7) tip_page=(31.75,8.89)
15:45:49 | INFO    | eda.router             | [root] [MOTOR_1_B] [X_ACT] [MOTOR_1_B] route right ×1
15:45:49 | INFO    | eda.router             | [root] [MOTOR_1_B] [X_ACT] [MOTOR_1_B] wire X_ACT:MOTOR_1_B -> T segments=1 cells=10
15:45:49 | INFO    | eda.router             | [root] [-] [X_ACT] [MOTOR_1_B] t_junction recorded net=MOTOR_1_B target=Cell(col=26, row=7) host=X_PWR:MOTOR_1_B -> X_ACT:MOTOR_1_B
15:45:49 | INFO    | eda.router             | [root] [MOTOR_1_B] [X_ACT] [MOTOR_1_B] ok t_junction=?
15:45:49 | DEBUG   | eda.router             | [root] [MOTOR_1_B] rss=121.4 net_wires=3 total_wires=97
15:45:49 | DEBUG   | eda.router             | [root] [FB_M1] pins=U1:22, X_ACT:FB_M1, X_ACT:FB_M1
15:45:49 | INFO    | eda.router             | [root] [FB_M1] [U1] [22] connect U1:22 → X_ACT:FB_M1
15:45:49 | DEBUG   | eda.router             | [root] [FB_M1] bfs Cell(col=56, row=83) → Cell(col=31, row=9)
15:45:50 | DEBUG   | eda.router             | [root] [FB_M1] bfs done steps=22525 cells=144
15:45:50 | WARNING | eda.router             | [root] [FB_M1] OCCUPY_OVERLAP cell=Cell(col=56, row=79) existing_net=SOLAR_ADC new_net=FB_M1 existing_wire=U1:20 -> X_SEN_SOLAR:SOLAR_ADC new_wire=U1:22 -> X_ACT:FB_M1
15:45:50 | WARNING | eda.router             | [root] [FB_M1] OCCUPY_OVERLAP cell=Cell(col=56, row=75) existing_net=NTC_CABIN new_net=FB_M1 existing_wire=U1:16 -> X_UI:NTC_CABIN new_wire=U1:22 -> X_ACT:FB_M1
15:45:50 | WARNING | eda.router             | [root] [FB_M1] OCCUPY_OVERLAP cell=Cell(col=56, row=73) existing_net=FAN_SEL_ADC new_net=FB_M1 existing_wire=U1:15 -> X_UI:FAN_SEL_ADC new_wire=U1:22 -> X_ACT:FB_M1
15:45:50 | WARNING | eda.router             | [root] [FB_M1] OCCUPY_OVERLAP cell=Cell(col=56, row=71) existing_net=TEMP_SET_ADC new_net=FB_M1 existing_wire=U1:14 -> X_UI:TEMP_SET_ADC new_wire=U1:22 -> X_ACT:FB_M1
15:45:50 | WARNING | eda.router             | [root] [FB_M1] OCCUPY_OVERLAP cell=Cell(col=55, row=64) existing_net=VCC_12V new_net=FB_M1 existing_wire=X_PWR:VCC_12V -> X_SEN_CABIN:VCC_12V new_wire=U1:22 -> X_ACT:FB_M1
15:45:50 | WARNING | eda.router             | [root] [FB_M1] OCCUPY_OVERLAP cell=Cell(col=55, row=62) existing_net=VCC_3V3 new_net=FB_M1 existing_wire=U1:48 -> T new_wire=U1:22 -> X_ACT:FB_M1
15:45:50 | WARNING | eda.router             | [root] [FB_M1] OCCUPY_OVERLAP cell=Cell(col=55, row=60) existing_net=VDDA_3V3 new_net=FB_M1 existing_wire=U1:13 -> T new_wire=U1:22 -> X_ACT:FB_M1
15:45:50 | WARNING | eda.router             | [root] [FB_M1] OCCUPY_OVERLAP cell=Cell(col=55, row=38) existing_net=VCC_5V new_net=FB_M1 existing_wire=X_CAN:VCC_5V -> X_PWR:VCC_5V new_wire=U1:22 -> X_ACT:FB_M1
15:45:50 | WARNING | eda.router             | [root] [FB_M1] OCCUPY_OVERLAP cell=Cell(col=55, row=19) existing_net=BOOT0 new_net=FB_M1 existing_wire=R2:1 -> U1:60 new_wire=U1:22 -> X_ACT:FB_M1
15:45:50 | WARNING | eda.router             | [root] [FB_M1] OCCUPY_OVERLAP cell=Cell(col=55, row=7) existing_net=GND new_net=FB_M1 existing_wire=X_ACT:GND -> T new_wire=U1:22 -> X_ACT:FB_M1
15:45:50 | WARNING | eda.router             | [root] [FB_M1] OCCUPY_OVERLAP cell=Cell(col=55, row=5) existing_net=VCC_12V new_net=FB_M1 existing_wire=X_ACT:VCC_12V -> T new_wire=U1:22 -> X_ACT:FB_M1
15:45:50 | WARNING | eda.router             | [root] [FB_M1] OCCUPY_OVERLAP cell=Cell(col=53, row=3) existing_net=BOOT0 new_net=FB_M1 existing_wire=R2:1 -> U1:60 new_wire=U1:22 -> X_ACT:FB_M1
15:45:50 | WARNING | eda.router             | [root] [FB_M1] OCCUPY_OVERLAP cell=Cell(col=51, row=1) existing_net=GND new_net=FB_M1 existing_wire=X_BACKLIGHT:GND -> T new_wire=U1:22 -> X_ACT:FB_M1
15:45:50 | WARNING | eda.router             | [root] [FB_M1] OCCUPY_OVERLAP cell=Cell(col=51, row=0) existing_net=GND new_net=FB_M1 existing_wire=X_BACKLIGHT:GND -> T new_wire=U1:22 -> X_ACT:FB_M1
15:45:50 | WARNING | eda.router             | [root] [FB_M1] OCCUPY_OVERLAP cell=Cell(col=49, row=-2) existing_net=BOOT0 new_net=FB_M1 existing_wire=R2:1 -> U1:60 new_wire=U1:22 -> X_ACT:FB_M1
15:45:50 | WARNING | eda.router             | [root] [FB_M1] OCCUPY_OVERLAP cell=Cell(col=49, row=-4) existing_net=NTC_HEAT_W new_net=FB_M1 existing_wire=X_PWR:NTC_HEAT_W -> X_SEN_HEAT:NTC_HEAT_W new_wire=U1:22 -> X_ACT:FB_M1
15:45:50 | WARNING | eda.router             | [root] [FB_M1] OCCUPY_OVERLAP cell=Cell(col=25, row=-2) existing_net=BOOT0 new_net=FB_M1 existing_wire=R2:1 -> U1:60 new_wire=U1:22 -> X_ACT:FB_M1
15:45:50 | WARNING | eda.router             | [root] [FB_M1] OCCUPY_OVERLAP cell=Cell(col=25, row=7) existing_net=MOTOR_1_B new_net=FB_M1 existing_wire=X_ACT:MOTOR_1_B -> T new_wire=U1:22 -> X_ACT:FB_M1
15:45:50 | WARNING | eda.router             | [root] [FB_M1] OCCUPY_OVERLAP cell=Cell(col=26, row=9) existing_net=MOTOR_1_B new_net=FB_M1 existing_wire=X_PWR:MOTOR_1_B -> X_ACT:MOTOR_1_B new_wire=U1:22 -> X_ACT:FB_M1
15:45:50 | WARNING | eda.router             | [root] [FB_M1] OCCUPY_OVERLAP cell=Cell(col=28, row=9) existing_net=NTC_HEAT_W new_net=FB_M1 existing_wire=X_PWR:NTC_HEAT_W -> X_SEN_HEAT:NTC_HEAT_W new_wire=U1:22 -> X_ACT:FB_M1
15:45:50 | WARNING | eda.router             | [root] [FB_M1] OCCUPY_OVERLAP cell=Cell(col=30, row=9) existing_net=GND new_net=FB_M1 existing_wire=X_BACKLIGHT:GND -> T new_wire=U1:22 -> X_ACT:FB_M1
15:45:50 | WARNING | eda.router             | [root] [FB_M1] OCCUPY_OVERLAP cell=Cell(col=32, row=9) existing_net=MOTOR_1_A new_net=FB_M1 existing_wire=X_PWR:MOTOR_1_A -> X_ACT:MOTOR_1_A new_wire=U1:22 -> X_ACT:FB_M1
15:45:50 | INFO    | eda.router             | [root] [FB_M1] [U1] [22] stub_in page=(69.85,105.41) dir=right steps=1 tip=Cell(col=56, row=83) tip_page=(71.12,105.41)
15:45:50 | INFO    | eda.router             | [root] [FB_M1] [U1] [22] route up ×13, left ×1, up ×67, left ×2, up ×2, left ×2, up ×3, left ×2, up ×4, left ×24, down ×13, left ×1, down ×2, right ×7
15:45:50 | INFO    | eda.router             | [root] [FB_M1] [U1] [22] wire U1:22 -> X_ACT:FB_M1 segments=14 cells=147
15:45:50 | INFO    | eda.router             | [root] [FB_M1] [X_ACT] [FB_M1] stub_out page=(60.96,11.43) dir=left steps=2 tip=Cell(col=31, row=9) tip_page=(39.37,11.43)
15:45:50 | INFO    | eda.router             | [root] [FB_M1] [X_ACT] [FB_M1] route up ×13, left ×1, up ×67, left ×2, up ×2, left ×2, up ×3, left ×2, up ×4, left ×24, down ×13, left ×1, down ×2, right ×7
15:45:50 | INFO    | eda.router             | [root] [FB_M1] [X_ACT] [FB_M1] wire U1:22 -> X_ACT:FB_M1 segments=14 cells=147
15:45:50 | INFO    | eda.router             | [root] [FB_M1] [U1] [22] ok segments=14
15:45:50 | INFO    | eda.router             | [root] [FB_M1] [X_ACT] [FB_M1] t_connect
15:45:50 | DEBUG   | eda.router             | [root] [FB_M1] [X_ACT] [FB_M1] t_connect candidates=157 tries=5
15:45:50 | DEBUG   | eda.router             | [root] [FB_M1] bfs Cell(col=23, row=9) → Cell(col=24, row=9)
15:45:50 | DEBUG   | eda.router             | [root] [FB_M1] bfs done steps=2 cells=2
15:45:50 | INFO    | eda.router             | [root] [FB_M1] [X_ACT] [FB_M1] t_junction target=Cell(col=24, row=9) try=1
15:45:50 | WARNING | eda.router             | [root] [FB_M1] OCCUPY_OVERLAP cell=Cell(col=32, row=9) existing_net=MOTOR_1_A new_net=FB_M1 existing_wire=X_PWR:MOTOR_1_A -> X_ACT:MOTOR_1_A new_wire=X_ACT:FB_M1 -> T
15:45:50 | WARNING | eda.router             | [root] [FB_M1] OCCUPY_OVERLAP cell=Cell(col=30, row=9) existing_net=GND new_net=FB_M1 existing_wire=X_BACKLIGHT:GND -> T new_wire=X_ACT:FB_M1 -> T
15:45:50 | WARNING | eda.router             | [root] [FB_M1] OCCUPY_OVERLAP cell=Cell(col=28, row=9) existing_net=NTC_HEAT_W new_net=FB_M1 existing_wire=X_PWR:NTC_HEAT_W -> X_SEN_HEAT:NTC_HEAT_W new_wire=X_ACT:FB_M1 -> T
15:45:50 | WARNING | eda.router             | [root] [FB_M1] OCCUPY_OVERLAP cell=Cell(col=26, row=9) existing_net=MOTOR_1_B new_net=FB_M1 existing_wire=X_PWR:MOTOR_1_B -> X_ACT:MOTOR_1_B new_wire=X_ACT:FB_M1 -> T
15:45:50 | INFO    | eda.router             | [root] [FB_M1] [X_ACT] [FB_M1] stub_in page=(60.96,11.43) dir=left steps=10 tip=Cell(col=23, row=9) tip_page=(29.21,11.43)
15:45:50 | INFO    | eda.router             | [root] [FB_M1] [X_ACT] [FB_M1] route right ×1
15:45:50 | INFO    | eda.router             | [root] [FB_M1] [X_ACT] [FB_M1] wire X_ACT:FB_M1 -> T segments=1 cells=12
15:45:50 | INFO    | eda.router             | [root] [-] [X_ACT] [FB_M1] t_junction recorded net=FB_M1 target=Cell(col=24, row=9) host=U1:22 -> X_ACT:FB_M1
15:45:50 | INFO    | eda.router             | [root] [FB_M1] [X_ACT] [FB_M1] ok t_junction=?
15:45:50 | DEBUG   | eda.router             | [root] [FB_M1] rss=121.4 net_wires=2 total_wires=99
15:45:50 | DEBUG   | eda.router             | [root] [M1_IN1] pins=U1:42, X_ACT:M1_IN1, X_ACT:M1_IN1
15:45:50 | INFO    | eda.router             | [root] [M1_IN1] [U1] [42] connect U1:42 → X_ACT:M1_IN1
15:45:50 | DEBUG   | eda.router             | [root] [M1_IN1] bfs Cell(col=56, row=89) → Cell(col=49, row=9)
15:45:50 | DEBUG   | eda.router             | [root] [M1_IN1] bfs done steps=7962 cells=92
15:45:50 | WARNING | eda.router             | [root] [M1_IN1] OCCUPY_OVERLAP cell=Cell(col=58, row=79) existing_net=SOLAR_ADC new_net=M1_IN1 existing_wire=U1:20 -> X_SEN_SOLAR:SOLAR_ADC new_wire=U1:42 -> X_ACT:M1_IN1
15:45:50 | WARNING | eda.router             | [root] [M1_IN1] OCCUPY_OVERLAP cell=Cell(col=58, row=75) existing_net=NTC_CABIN new_net=M1_IN1 existing_wire=U1:16 -> X_UI:NTC_CABIN new_wire=U1:42 -> X_ACT:M1_IN1
15:45:50 | WARNING | eda.router             | [root] [M1_IN1] OCCUPY_OVERLAP cell=Cell(col=58, row=73) existing_net=FAN_SEL_ADC new_net=M1_IN1 existing_wire=U1:15 -> X_UI:FAN_SEL_ADC new_wire=U1:42 -> X_ACT:M1_IN1
15:45:50 | WARNING | eda.router             | [root] [M1_IN1] OCCUPY_OVERLAP cell=Cell(col=58, row=71) existing_net=TEMP_SET_ADC new_net=M1_IN1 existing_wire=U1:14 -> X_UI:TEMP_SET_ADC new_wire=U1:42 -> X_ACT:M1_IN1
15:45:50 | WARNING | eda.router             | [root] [M1_IN1] OCCUPY_OVERLAP cell=Cell(col=57, row=64) existing_net=VCC_12V new_net=M1_IN1 existing_wire=X_PWR:VCC_12V -> X_SEN_CABIN:VCC_12V new_wire=U1:42 -> X_ACT:M1_IN1
15:45:50 | WARNING | eda.router             | [root] [M1_IN1] OCCUPY_OVERLAP cell=Cell(col=57, row=62) existing_net=VCC_3V3 new_net=M1_IN1 existing_wire=U1:48 -> T new_wire=U1:42 -> X_ACT:M1_IN1
15:45:50 | WARNING | eda.router             | [root] [M1_IN1] OCCUPY_OVERLAP cell=Cell(col=57, row=60) existing_net=VDDA_3V3 new_net=M1_IN1 existing_wire=U1:13 -> T new_wire=U1:42 -> X_ACT:M1_IN1
15:45:50 | WARNING | eda.router             | [root] [M1_IN1] OCCUPY_OVERLAP cell=Cell(col=55, row=58) existing_net=FB_M1 new_net=M1_IN1 existing_wire=U1:22 -> X_ACT:FB_M1 new_wire=U1:42 -> X_ACT:M1_IN1
15:45:50 | WARNING | eda.router             | [root] [M1_IN1] OCCUPY_OVERLAP cell=Cell(col=51, row=38) existing_net=VCC_5V new_net=M1_IN1 existing_wire=X_CAN:VCC_5V -> X_PWR:VCC_5V new_wire=U1:42 -> X_ACT:M1_IN1
15:45:50 | INFO    | eda.router             | [root] [M1_IN1] [U1] [42] stub_in page=(69.85,113.03) dir=right steps=1 tip=Cell(col=56, row=89) tip_page=(71.12,113.03)
15:45:50 | INFO    | eda.router             | [root] [M1_IN1] [U1] [42] route right ×2, up ×20, left ×1, up ×11, left ×6, up ×22, left ×2, up ×27
15:45:50 | INFO    | eda.router             | [root] [M1_IN1] [U1] [42] wire U1:42 -> X_ACT:M1_IN1 segments=8 cells=94
15:45:50 | INFO    | eda.router             | [root] [M1_IN1] [X_ACT] [M1_IN1] stub_out page=(41.91,11.43) dir=right steps=1 tip=Cell(col=49, row=9) tip_page=(62.23,11.43)
15:45:50 | INFO    | eda.router             | [root] [M1_IN1] [X_ACT] [M1_IN1] route right ×2, up ×20, left ×1, up ×11, left ×6, up ×22, left ×2, up ×27
15:45:50 | INFO    | eda.router             | [root] [M1_IN1] [X_ACT] [M1_IN1] wire U1:42 -> X_ACT:M1_IN1 segments=8 cells=94
15:45:50 | INFO    | eda.router             | [root] [M1_IN1] [U1] [42] ok segments=8
15:45:50 | INFO    | eda.router             | [root] [M1_IN1] [X_ACT] [M1_IN1] t_connect
15:45:50 | DEBUG   | eda.router             | [root] [M1_IN1] [X_ACT] [M1_IN1] t_connect candidates=99 tries=5
15:45:50 | DEBUG   | eda.router             | [root] [M1_IN1] bfs Cell(col=50, row=9) → Cell(col=49, row=9)
15:45:50 | DEBUG   | eda.router             | [root] [M1_IN1] bfs done steps=3 cells=2
15:45:50 | INFO    | eda.router             | [root] [M1_IN1] [X_ACT] [M1_IN1] t_junction target=Cell(col=49, row=9) try=1
15:45:50 | INFO    | eda.router             | [root] [M1_IN1] [X_ACT] [M1_IN1] stub_in page=(41.91,11.43) dir=right steps=2 tip=Cell(col=50, row=9) tip_page=(63.50,11.43)
15:45:50 | INFO    | eda.router             | [root] [M1_IN1] [X_ACT] [M1_IN1] route left ×1
15:45:50 | INFO    | eda.router             | [root] [M1_IN1] [X_ACT] [M1_IN1] wire X_ACT:M1_IN1 -> T segments=1 cells=4
15:45:50 | INFO    | eda.router             | [root] [-] [X_ACT] [M1_IN1] t_junction recorded net=M1_IN1 target=Cell(col=49, row=9) host=U1:42 -> X_ACT:M1_IN1
15:45:50 | INFO    | eda.router             | [root] [M1_IN1] [X_ACT] [M1_IN1] ok t_junction=?
15:45:50 | DEBUG   | eda.router             | [root] [M1_IN1] rss=121.4 net_wires=2 total_wires=101
15:45:50 | DEBUG   | eda.router             | [root] [M1_IN2] pins=U1:43, X_ACT:M1_IN2, X_ACT:M1_IN2
15:45:50 | INFO    | eda.router             | [root] [M1_IN2] [U1] [43] connect U1:43 → X_ACT:M1_IN2
15:45:50 | DEBUG   | eda.router             | [root] [M1_IN2] bfs Cell(col=56, row=91) → Cell(col=50, row=11)
15:45:50 | DEBUG   | eda.router             | [root] [M1_IN2] bfs done steps=10718 cells=107
15:45:50 | WARNING | eda.router             | [root] [M1_IN2] OCCUPY_OVERLAP cell=Cell(col=60, row=91) existing_net=LED_FACE_DRV new_net=M1_IN2 existing_wire=X_UI:LED_FACE_DRV -> U1:55 new_wire=U1:43 -> X_ACT:M1_IN2
15:45:50 | WARNING | eda.router             | [root] [M1_IN2] OCCUPY_OVERLAP cell=Cell(col=62, row=91) existing_net=LED_DRY_GLASS_DRV new_net=M1_IN2 existing_wire=X_UI:LED_DRY_GLASS_DRV -> U1:3 new_wire=U1:43 -> X_ACT:M1_IN2
15:45:50 | WARNING | eda.router             | [root] [M1_IN2] OCCUPY_OVERLAP cell=Cell(col=64, row=91) existing_net=LED_AC_DRV new_net=M1_IN2 existing_wire=X_UI:LED_AC_DRV -> U1:4 new_wire=U1:43 -> X_ACT:M1_IN2
15:45:50 | WARNING | eda.router             | [root] [M1_IN2] OCCUPY_OVERLAP cell=Cell(col=66, row=79) existing_net=SOLAR_ADC new_net=M1_IN2 existing_wire=U1:20 -> X_SEN_SOLAR:SOLAR_ADC new_wire=U1:43 -> X_ACT:M1_IN2
15:45:50 | WARNING | eda.router             | [root] [M1_IN2] OCCUPY_OVERLAP cell=Cell(col=66, row=75) existing_net=NTC_CABIN new_net=M1_IN2 existing_wire=U1:16 -> X_UI:NTC_CABIN new_wire=U1:43 -> X_ACT:M1_IN2
15:45:50 | WARNING | eda.router             | [root] [M1_IN2] OCCUPY_OVERLAP cell=Cell(col=66, row=73) existing_net=FAN_SEL_ADC new_net=M1_IN2 existing_wire=U1:15 -> X_UI:FAN_SEL_ADC new_wire=U1:43 -> X_ACT:M1_IN2
15:45:50 | WARNING | eda.router             | [root] [M1_IN2] OCCUPY_OVERLAP cell=Cell(col=66, row=71) existing_net=TEMP_SET_ADC new_net=M1_IN2 existing_wire=U1:14 -> X_UI:TEMP_SET_ADC new_wire=U1:43 -> X_ACT:M1_IN2
15:45:50 | WARNING | eda.router             | [root] [M1_IN2] OCCUPY_OVERLAP cell=Cell(col=66, row=64) existing_net=VCC_12V new_net=M1_IN2 existing_wire=X_PWR:VCC_12V -> X_SEN_CABIN:VCC_12V new_wire=U1:43 -> X_ACT:M1_IN2
15:45:50 | WARNING | eda.router             | [root] [M1_IN2] OCCUPY_OVERLAP cell=Cell(col=66, row=62) existing_net=VCC_3V3 new_net=M1_IN2 existing_wire=U1:48 -> T new_wire=U1:43 -> X_ACT:M1_IN2
15:45:50 | WARNING | eda.router             | [root] [M1_IN2] OCCUPY_OVERLAP cell=Cell(col=66, row=60) existing_net=VDDA_3V3 new_net=M1_IN2 existing_wire=U1:13 -> T new_wire=U1:43 -> X_ACT:M1_IN2
15:45:50 | WARNING | eda.router             | [root] [M1_IN2] OCCUPY_OVERLAP cell=Cell(col=64, row=58) existing_net=LED_AC_DRV new_net=M1_IN2 existing_wire=X_UI:LED_AC_DRV -> U1:4 new_wire=U1:43 -> X_ACT:M1_IN2
15:45:50 | WARNING | eda.router             | [root] [M1_IN2] OCCUPY_OVERLAP cell=Cell(col=62, row=58) existing_net=LED_DRY_GLASS_DRV new_net=M1_IN2 existing_wire=X_UI:LED_DRY_GLASS_DRV -> U1:3 new_wire=U1:43 -> X_ACT:M1_IN2
15:45:50 | WARNING | eda.router             | [root] [M1_IN2] OCCUPY_OVERLAP cell=Cell(col=60, row=58) existing_net=LED_FACE_DRV new_net=M1_IN2 existing_wire=X_UI:LED_FACE_DRV -> U1:55 new_wire=U1:43 -> X_ACT:M1_IN2
15:45:50 | WARNING | eda.router             | [root] [M1_IN2] OCCUPY_OVERLAP cell=Cell(col=57, row=58) existing_net=M1_IN1 new_net=M1_IN2 existing_wire=U1:42 -> X_ACT:M1_IN1 new_wire=U1:43 -> X_ACT:M1_IN2
15:45:50 | WARNING | eda.router             | [root] [M1_IN2] OCCUPY_OVERLAP cell=Cell(col=55, row=56) existing_net=FB_M1 new_net=M1_IN2 existing_wire=U1:22 -> X_ACT:FB_M1 new_wire=U1:43 -> X_ACT:M1_IN2
15:45:50 | WARNING | eda.router             | [root] [M1_IN2] OCCUPY_OVERLAP cell=Cell(col=53, row=38) existing_net=VCC_5V new_net=M1_IN2 existing_wire=X_CAN:VCC_5V -> X_PWR:VCC_5V new_wire=U1:43 -> X_ACT:M1_IN2
15:45:50 | WARNING | eda.router             | [root] [M1_IN2] OCCUPY_OVERLAP cell=Cell(col=51, row=36) existing_net=M1_IN1 new_net=M1_IN2 existing_wire=U1:42 -> X_ACT:M1_IN1 new_wire=U1:43 -> X_ACT:M1_IN2
15:45:50 | WARNING | eda.router             | [root] [M1_IN2] OCCUPY_OVERLAP cell=Cell(col=49, row=11) existing_net=M1_IN1 new_net=M1_IN2 existing_wire=U1:42 -> X_ACT:M1_IN1 new_wire=U1:43 -> X_ACT:M1_IN2
15:45:50 | INFO    | eda.router             | [root] [M1_IN2] [U1] [43] stub_in page=(69.85,115.57) dir=right steps=1 tip=Cell(col=56, row=91) tip_page=(71.12,115.57)
15:45:50 | INFO    | eda.router             | [root] [M1_IN2] [U1] [43] route right ×10, up ×33, left ×9, up ×2, left ×4, up ×20, left ×2, up ×25, left ×1
15:45:50 | INFO    | eda.router             | [root] [M1_IN2] [U1] [43] wire U1:43 -> X_ACT:M1_IN2 segments=9 cells=110
15:45:50 | INFO    | eda.router             | [root] [M1_IN2] [X_ACT] [M1_IN2] stub_out page=(41.91,13.97) dir=right steps=2 tip=Cell(col=50, row=11) tip_page=(63.50,13.97)
15:45:50 | INFO    | eda.router             | [root] [M1_IN2] [X_ACT] [M1_IN2] route right ×10, up ×33, left ×9, up ×2, left ×4, up ×20, left ×2, up ×25, left ×1
15:45:50 | INFO    | eda.router             | [root] [M1_IN2] [X_ACT] [M1_IN2] wire U1:43 -> X_ACT:M1_IN2 segments=9 cells=110
15:45:50 | INFO    | eda.router             | [root] [M1_IN2] [U1] [43] ok segments=9
15:45:50 | INFO    | eda.router             | [root] [M1_IN2] [X_ACT] [M1_IN2] t_connect
15:45:50 | DEBUG   | eda.router             | [root] [M1_IN2] [X_ACT] [M1_IN2] t_connect candidates=115 tries=5
15:45:50 | DEBUG   | eda.router             | [root] [M1_IN2] bfs Cell(col=52, row=11) → Cell(col=51, row=11)
15:45:50 | DEBUG   | eda.router             | [root] [M1_IN2] bfs done steps=3 cells=2
15:45:50 | INFO    | eda.router             | [root] [M1_IN2] [X_ACT] [M1_IN2] t_junction target=Cell(col=51, row=11) try=1
15:45:50 | WARNING | eda.router             | [root] [M1_IN2] OCCUPY_OVERLAP cell=Cell(col=49, row=11) existing_net=M1_IN1 new_net=M1_IN2 existing_wire=U1:42 -> X_ACT:M1_IN1 new_wire=X_ACT:M1_IN2 -> T
15:45:50 | INFO    | eda.router             | [root] [M1_IN2] [X_ACT] [M1_IN2] stub_in page=(41.91,13.97) dir=right steps=4 tip=Cell(col=52, row=11) tip_page=(66.04,13.97)
15:45:50 | INFO    | eda.router             | [root] [M1_IN2] [X_ACT] [M1_IN2] route left ×1
15:45:50 | INFO    | eda.router             | [root] [M1_IN2] [X_ACT] [M1_IN2] wire X_ACT:M1_IN2 -> T segments=1 cells=6
15:45:50 | INFO    | eda.router             | [root] [-] [X_ACT] [M1_IN2] t_junction recorded net=M1_IN2 target=Cell(col=51, row=11) host=U1:43 -> X_ACT:M1_IN2
15:45:50 | INFO    | eda.router             | [root] [M1_IN2] [X_ACT] [M1_IN2] ok t_junction=?
15:45:50 | DEBUG   | eda.router             | [root] [M1_IN2] rss=121.4 net_wires=2 total_wires=103
15:45:50 | DEBUG   | eda.router             | [root] [MOTOR_2_A] pins=X_PWR:MOTOR_2_A, X_ACT:MOTOR_2_A, X_PWR:MOTOR_2_A, X_ACT:MOTOR_2_A
15:45:50 | INFO    | eda.router             | [root] [MOTOR_2_A] [X_PWR] [MOTOR_2_A] connect X_PWR:MOTOR_2_A → X_ACT:MOTOR_2_A
15:45:50 | DEBUG   | eda.router             | [root] [MOTOR_2_A] bfs Cell(col=1, row=85) → Cell(col=31, row=11)
15:45:50 | DEBUG   | eda.router             | [root] [MOTOR_2_A] bfs done steps=16796 cells=123
15:45:50 | WARNING | eda.router             | [root] [MOTOR_2_A] OCCUPY_OVERLAP cell=Cell(col=2, row=85) existing_net=GND new_net=MOTOR_2_A existing_wire=X_PWR:GND -> T new_wire=X_PWR:MOTOR_2_A -> X_ACT:MOTOR_2_A
15:45:50 | WARNING | eda.router             | [root] [MOTOR_2_A] OCCUPY_OVERLAP cell=Cell(col=0, row=85) existing_net=NRST new_net=MOTOR_2_A existing_wire=U1:7 -> R1:2 new_wire=X_PWR:MOTOR_2_A -> X_ACT:MOTOR_2_A
15:45:50 | WARNING | eda.router             | [root] [MOTOR_2_A] OCCUPY_OVERLAP cell=Cell(col=-7, row=83) existing_net=MOTOR_1_B new_net=MOTOR_2_A existing_wire=X_PWR:MOTOR_1_B -> T new_wire=X_PWR:MOTOR_2_A -> X_ACT:MOTOR_2_A
15:45:50 | WARNING | eda.router             | [root] [MOTOR_2_A] OCCUPY_OVERLAP cell=Cell(col=-6, row=79) existing_net=MOTOR_1_B new_net=MOTOR_2_A existing_wire=X_PWR:MOTOR_1_B -> X_ACT:MOTOR_1_B new_wire=X_PWR:MOTOR_2_A -> X_ACT:MOTOR_2_A
15:45:50 | WARNING | eda.router             | [root] [MOTOR_2_A] OCCUPY_OVERLAP cell=Cell(col=-6, row=78) existing_net=MOTOR_1_B new_net=MOTOR_2_A existing_wire=X_PWR:MOTOR_1_B -> X_ACT:MOTOR_1_B new_wire=X_PWR:MOTOR_2_A -> X_ACT:MOTOR_2_A
15:45:50 | WARNING | eda.router             | [root] [MOTOR_2_A] OCCUPY_OVERLAP cell=Cell(col=-4, row=74) existing_net=MOTOR_1_B new_net=MOTOR_2_A existing_wire=X_PWR:MOTOR_1_B -> X_ACT:MOTOR_1_B new_wire=X_PWR:MOTOR_2_A -> X_ACT:MOTOR_2_A
15:45:50 | WARNING | eda.router             | [root] [MOTOR_2_A] OCCUPY_OVERLAP cell=Cell(col=-4, row=73) existing_net=MOTOR_1_B new_net=MOTOR_2_A existing_wire=X_PWR:MOTOR_1_B -> X_ACT:MOTOR_1_B new_wire=X_PWR:MOTOR_2_A -> X_ACT:MOTOR_2_A
15:45:50 | WARNING | eda.router             | [root] [MOTOR_2_A] OCCUPY_OVERLAP cell=Cell(col=-2, row=27) existing_net=MOTOR_1_B new_net=MOTOR_2_A existing_wire=X_PWR:MOTOR_1_B -> X_ACT:MOTOR_1_B new_wire=X_PWR:MOTOR_2_A -> X_ACT:MOTOR_2_A
15:45:50 | WARNING | eda.router             | [root] [MOTOR_2_A] OCCUPY_OVERLAP cell=Cell(col=-2, row=26) existing_net=MOTOR_1_B new_net=MOTOR_2_A existing_wire=X_PWR:MOTOR_1_B -> X_ACT:MOTOR_1_B new_wire=X_PWR:MOTOR_2_A -> X_ACT:MOTOR_2_A
15:45:50 | WARNING | eda.router             | [root] [MOTOR_2_A] OCCUPY_OVERLAP cell=Cell(col=0, row=24) existing_net=MOTOR_1_B new_net=MOTOR_2_A existing_wire=X_PWR:MOTOR_1_B -> X_ACT:MOTOR_1_B new_wire=X_PWR:MOTOR_2_A -> X_ACT:MOTOR_2_A
15:45:50 | WARNING | eda.router             | [root] [MOTOR_2_A] OCCUPY_OVERLAP cell=Cell(col=0, row=23) existing_net=MOTOR_1_B new_net=MOTOR_2_A existing_wire=X_PWR:MOTOR_1_B -> X_ACT:MOTOR_1_B new_wire=X_PWR:MOTOR_2_A -> X_ACT:MOTOR_2_A
15:45:50 | WARNING | eda.router             | [root] [MOTOR_2_A] OCCUPY_OVERLAP cell=Cell(col=2, row=21) existing_net=BOOT0 new_net=MOTOR_2_A existing_wire=R2:1 -> U1:60 new_wire=X_PWR:MOTOR_2_A -> X_ACT:MOTOR_2_A
15:45:50 | WARNING | eda.router             | [root] [MOTOR_2_A] OCCUPY_OVERLAP cell=Cell(col=26, row=11) existing_net=MOTOR_1_B new_net=MOTOR_2_A existing_wire=X_PWR:MOTOR_1_B -> X_ACT:MOTOR_1_B new_wire=X_PWR:MOTOR_2_A -> X_ACT:MOTOR_2_A
15:45:50 | WARNING | eda.router             | [root] [MOTOR_2_A] OCCUPY_OVERLAP cell=Cell(col=28, row=11) existing_net=NTC_HEAT_W new_net=MOTOR_2_A existing_wire=X_PWR:NTC_HEAT_W -> X_SEN_HEAT:NTC_HEAT_W new_wire=X_PWR:MOTOR_2_A -> X_ACT:MOTOR_2_A
15:45:50 | WARNING | eda.router             | [root] [MOTOR_2_A] OCCUPY_OVERLAP cell=Cell(col=30, row=11) existing_net=GND new_net=MOTOR_2_A existing_wire=X_BACKLIGHT:GND -> T new_wire=X_PWR:MOTOR_2_A -> X_ACT:MOTOR_2_A
15:45:50 | WARNING | eda.router             | [root] [MOTOR_2_A] OCCUPY_OVERLAP cell=Cell(col=32, row=11) existing_net=MOTOR_1_A new_net=MOTOR_2_A existing_wire=X_PWR:MOTOR_1_A -> X_ACT:MOTOR_1_A new_wire=X_PWR:MOTOR_2_A -> X_ACT:MOTOR_2_A
15:45:50 | INFO    | eda.router             | [root] [MOTOR_2_A] [X_PWR] [MOTOR_2_A] stub_in page=(22.86,107.95) dir=left steps=2 tip=Cell(col=1, row=85) tip_page=(1.27,107.95)
15:45:50 | INFO    | eda.router             | [root] [MOTOR_2_A] [X_PWR] [MOTOR_2_A] route left ×8, up ×2, left ×1, up ×4, right ×2, up ×5, right ×2, up ×47, right ×2, up ×3, right ×2, up ×3, right ×24, up ×10, right ×7
15:45:50 | INFO    | eda.router             | [root] [MOTOR_2_A] [X_PWR] [MOTOR_2_A] wire X_PWR:MOTOR_2_A -> X_ACT:MOTOR_2_A segments=15 cells=127
15:45:50 | INFO    | eda.router             | [root] [MOTOR_2_A] [X_ACT] [MOTOR_2_A] stub_out page=(60.96,13.97) dir=left steps=2 tip=Cell(col=31, row=11) tip_page=(39.37,13.97)
15:45:50 | INFO    | eda.router             | [root] [MOTOR_2_A] [X_ACT] [MOTOR_2_A] route left ×8, up ×2, left ×1, up ×4, right ×2, up ×5, right ×2, up ×47, right ×2, up ×3, right ×2, up ×3, right ×24, up ×10, right ×7
15:45:50 | INFO    | eda.router             | [root] [MOTOR_2_A] [X_ACT] [MOTOR_2_A] wire X_PWR:MOTOR_2_A -> X_ACT:MOTOR_2_A segments=15 cells=127
15:45:50 | INFO    | eda.router             | [root] [MOTOR_2_A] [X_PWR] [MOTOR_2_A] ok segments=15
15:45:50 | INFO    | eda.router             | [root] [MOTOR_2_A] [X_PWR] [MOTOR_2_A] t_connect
15:45:50 | DEBUG   | eda.router             | [root] [MOTOR_2_A] [X_PWR] [MOTOR_2_A] t_connect candidates=137 tries=5
15:45:50 | DEBUG   | eda.router             | [root] [MOTOR_2_A] bfs Cell(col=-8, row=85) → Cell(col=-7, row=85)
15:45:50 | DEBUG   | eda.router             | [root] [MOTOR_2_A] bfs done steps=2 cells=2
15:45:50 | INFO    | eda.router             | [root] [MOTOR_2_A] [X_PWR] [MOTOR_2_A] t_junction target=Cell(col=-7, row=85) try=1
15:45:50 | WARNING | eda.router             | [root] [MOTOR_2_A] OCCUPY_OVERLAP cell=Cell(col=2, row=85) existing_net=GND new_net=MOTOR_2_A existing_wire=X_PWR:GND -> T new_wire=X_PWR:MOTOR_2_A -> T
15:45:50 | WARNING | eda.router             | [root] [MOTOR_2_A] OCCUPY_OVERLAP cell=Cell(col=0, row=85) existing_net=NRST new_net=MOTOR_2_A existing_wire=U1:7 -> R1:2 new_wire=X_PWR:MOTOR_2_A -> T
15:45:50 | INFO    | eda.router             | [root] [MOTOR_2_A] [X_PWR] [MOTOR_2_A] stub_in page=(22.86,107.95) dir=left steps=11 tip=Cell(col=-8, row=85) tip_page=(-10.16,107.95)
15:45:50 | INFO    | eda.router             | [root] [MOTOR_2_A] [X_PWR] [MOTOR_2_A] route right ×1
15:45:50 | INFO    | eda.router             | [root] [MOTOR_2_A] [X_PWR] [MOTOR_2_A] wire X_PWR:MOTOR_2_A -> T segments=1 cells=13
15:45:50 | INFO    | eda.router             | [root] [-] [X_PWR] [MOTOR_2_A] t_junction recorded net=MOTOR_2_A target=Cell(col=-7, row=85) host=X_PWR:MOTOR_2_A -> X_ACT:MOTOR_2_A
15:45:50 | INFO    | eda.router             | [root] [MOTOR_2_A] [X_PWR] [MOTOR_2_A] ok t_junction=?
15:45:50 | INFO    | eda.router             | [root] [MOTOR_2_A] [X_ACT] [MOTOR_2_A] t_connect
15:45:50 | DEBUG   | eda.router             | [root] [MOTOR_2_A] [X_ACT] [MOTOR_2_A] t_connect candidates=139 tries=5
15:45:50 | DEBUG   | eda.router             | [root] [MOTOR_2_A] bfs Cell(col=23, row=11) → Cell(col=24, row=11)
15:45:50 | DEBUG   | eda.router             | [root] [MOTOR_2_A] bfs done steps=2 cells=2
15:45:50 | INFO    | eda.router             | [root] [MOTOR_2_A] [X_ACT] [MOTOR_2_A] t_junction target=Cell(col=24, row=11) try=1
15:45:50 | WARNING | eda.router             | [root] [MOTOR_2_A] OCCUPY_OVERLAP cell=Cell(col=32, row=11) existing_net=MOTOR_1_A new_net=MOTOR_2_A existing_wire=X_PWR:MOTOR_1_A -> X_ACT:MOTOR_1_A new_wire=X_ACT:MOTOR_2_A -> T
15:45:50 | WARNING | eda.router             | [root] [MOTOR_2_A] OCCUPY_OVERLAP cell=Cell(col=30, row=11) existing_net=GND new_net=MOTOR_2_A existing_wire=X_BACKLIGHT:GND -> T new_wire=X_ACT:MOTOR_2_A -> T
15:45:50 | WARNING | eda.router             | [root] [MOTOR_2_A] OCCUPY_OVERLAP cell=Cell(col=28, row=11) existing_net=NTC_HEAT_W new_net=MOTOR_2_A existing_wire=X_PWR:NTC_HEAT_W -> X_SEN_HEAT:NTC_HEAT_W new_wire=X_ACT:MOTOR_2_A -> T
15:45:50 | WARNING | eda.router             | [root] [MOTOR_2_A] OCCUPY_OVERLAP cell=Cell(col=26, row=11) existing_net=MOTOR_1_B new_net=MOTOR_2_A existing_wire=X_PWR:MOTOR_1_B -> X_ACT:MOTOR_1_B new_wire=X_ACT:MOTOR_2_A -> T
15:45:50 | INFO    | eda.router             | [root] [MOTOR_2_A] [X_ACT] [MOTOR_2_A] stub_in page=(60.96,13.97) dir=left steps=10 tip=Cell(col=23, row=11) tip_page=(29.21,13.97)
15:45:50 | INFO    | eda.router             | [root] [MOTOR_2_A] [X_ACT] [MOTOR_2_A] route right ×1
15:45:50 | INFO    | eda.router             | [root] [MOTOR_2_A] [X_ACT] [MOTOR_2_A] wire X_ACT:MOTOR_2_A -> T segments=1 cells=12
15:45:50 | INFO    | eda.router             | [root] [-] [X_ACT] [MOTOR_2_A] t_junction recorded net=MOTOR_2_A target=Cell(col=24, row=11) host=X_PWR:MOTOR_2_A -> X_ACT:MOTOR_2_A
15:45:50 | INFO    | eda.router             | [root] [MOTOR_2_A] [X_ACT] [MOTOR_2_A] ok t_junction=?
15:45:50 | DEBUG   | eda.router             | [root] [MOTOR_2_A] rss=121.4 net_wires=3 total_wires=106
15:45:50 | DEBUG   | eda.router             | [root] [MOTOR_2_B] pins=X_PWR:MOTOR_2_B, X_ACT:MOTOR_2_B, X_PWR:MOTOR_2_B, X_ACT:MOTOR_2_B
15:45:50 | INFO    | eda.router             | [root] [MOTOR_2_B] [X_PWR] [MOTOR_2_B] connect X_PWR:MOTOR_2_B → X_ACT:MOTOR_2_B
15:45:50 | DEBUG   | eda.router             | [root] [MOTOR_2_B] bfs Cell(col=1, row=87) → Cell(col=31, row=13)
15:45:51 | DEBUG   | eda.router             | [root] [MOTOR_2_B] bfs done steps=17345 cells=127
15:45:51 | WARNING | eda.router             | [root] [MOTOR_2_B] OCCUPY_OVERLAP cell=Cell(col=2, row=87) existing_net=GND new_net=MOTOR_2_B existing_wire=X_PWR:GND -> T new_wire=X_PWR:MOTOR_2_B -> X_ACT:MOTOR_2_B
15:45:51 | WARNING | eda.router             | [root] [MOTOR_2_B] OCCUPY_OVERLAP cell=Cell(col=0, row=87) existing_net=NRST new_net=MOTOR_2_B existing_wire=U1:7 -> R1:2 new_wire=X_PWR:MOTOR_2_B -> X_ACT:MOTOR_2_B
15:45:51 | WARNING | eda.router             | [root] [MOTOR_2_B] OCCUPY_OVERLAP cell=Cell(col=-8, row=80) existing_net=MOTOR_2_A new_net=MOTOR_2_B existing_wire=X_PWR:MOTOR_2_A -> X_ACT:MOTOR_2_A new_wire=X_PWR:MOTOR_2_B -> X_ACT:MOTOR_2_B
15:45:51 | WARNING | eda.router             | [root] [MOTOR_2_B] OCCUPY_OVERLAP cell=Cell(col=-8, row=79) existing_net=MOTOR_2_A new_net=MOTOR_2_B existing_wire=X_PWR:MOTOR_2_A -> X_ACT:MOTOR_2_A new_wire=X_PWR:MOTOR_2_B -> X_ACT:MOTOR_2_B
15:45:51 | WARNING | eda.router             | [root] [MOTOR_2_B] OCCUPY_OVERLAP cell=Cell(col=-6, row=75) existing_net=MOTOR_2_A new_net=MOTOR_2_B existing_wire=X_PWR:MOTOR_2_A -> X_ACT:MOTOR_2_A new_wire=X_PWR:MOTOR_2_B -> X_ACT:MOTOR_2_B
15:45:51 | WARNING | eda.router             | [root] [MOTOR_2_B] OCCUPY_OVERLAP cell=Cell(col=-6, row=74) existing_net=MOTOR_2_A new_net=MOTOR_2_B existing_wire=X_PWR:MOTOR_2_A -> X_ACT:MOTOR_2_A new_wire=X_PWR:MOTOR_2_B -> X_ACT:MOTOR_2_B
15:45:51 | WARNING | eda.router             | [root] [MOTOR_2_B] OCCUPY_OVERLAP cell=Cell(col=-4, row=28) existing_net=MOTOR_2_A new_net=MOTOR_2_B existing_wire=X_PWR:MOTOR_2_A -> X_ACT:MOTOR_2_A new_wire=X_PWR:MOTOR_2_B -> X_ACT:MOTOR_2_B
15:45:51 | WARNING | eda.router             | [root] [MOTOR_2_B] OCCUPY_OVERLAP cell=Cell(col=-4, row=27) existing_net=MOTOR_2_A new_net=MOTOR_2_B existing_wire=X_PWR:MOTOR_2_A -> X_ACT:MOTOR_2_A new_wire=X_PWR:MOTOR_2_B -> X_ACT:MOTOR_2_B
15:45:51 | WARNING | eda.router             | [root] [MOTOR_2_B] OCCUPY_OVERLAP cell=Cell(col=-2, row=25) existing_net=MOTOR_2_A new_net=MOTOR_2_B existing_wire=X_PWR:MOTOR_2_A -> X_ACT:MOTOR_2_A new_wire=X_PWR:MOTOR_2_B -> X_ACT:MOTOR_2_B
15:45:51 | WARNING | eda.router             | [root] [MOTOR_2_B] OCCUPY_OVERLAP cell=Cell(col=-2, row=24) existing_net=MOTOR_2_A new_net=MOTOR_2_B existing_wire=X_PWR:MOTOR_2_A -> X_ACT:MOTOR_2_A new_wire=X_PWR:MOTOR_2_B -> X_ACT:MOTOR_2_B
15:45:51 | WARNING | eda.router             | [root] [MOTOR_2_B] OCCUPY_OVERLAP cell=Cell(col=0, row=22) existing_net=MOTOR_2_A new_net=MOTOR_2_B existing_wire=X_PWR:MOTOR_2_A -> X_ACT:MOTOR_2_A new_wire=X_PWR:MOTOR_2_B -> X_ACT:MOTOR_2_B
15:45:51 | WARNING | eda.router             | [root] [MOTOR_2_B] OCCUPY_OVERLAP cell=Cell(col=0, row=21) existing_net=MOTOR_2_A new_net=MOTOR_2_B existing_wire=X_PWR:MOTOR_2_A -> X_ACT:MOTOR_2_A new_wire=X_PWR:MOTOR_2_B -> X_ACT:MOTOR_2_B
15:45:51 | WARNING | eda.router             | [root] [MOTOR_2_B] OCCUPY_OVERLAP cell=Cell(col=2, row=19) existing_net=BOOT0 new_net=MOTOR_2_B existing_wire=R2:1 -> U1:60 new_wire=X_PWR:MOTOR_2_B -> X_ACT:MOTOR_2_B
15:45:51 | WARNING | eda.router             | [root] [MOTOR_2_B] OCCUPY_OVERLAP cell=Cell(col=24, row=13) existing_net=MOTOR_2_A new_net=MOTOR_2_B existing_wire=X_PWR:MOTOR_2_A -> X_ACT:MOTOR_2_A new_wire=X_PWR:MOTOR_2_B -> X_ACT:MOTOR_2_B
15:45:51 | WARNING | eda.router             | [root] [MOTOR_2_B] OCCUPY_OVERLAP cell=Cell(col=26, row=13) existing_net=MOTOR_1_B new_net=MOTOR_2_B existing_wire=X_PWR:MOTOR_1_B -> X_ACT:MOTOR_1_B new_wire=X_PWR:MOTOR_2_B -> X_ACT:MOTOR_2_B
15:45:51 | WARNING | eda.router             | [root] [MOTOR_2_B] OCCUPY_OVERLAP cell=Cell(col=28, row=13) existing_net=NTC_HEAT_W new_net=MOTOR_2_B existing_wire=X_PWR:NTC_HEAT_W -> X_SEN_HEAT:NTC_HEAT_W new_wire=X_PWR:MOTOR_2_B -> X_ACT:MOTOR_2_B
15:45:51 | WARNING | eda.router             | [root] [MOTOR_2_B] OCCUPY_OVERLAP cell=Cell(col=30, row=13) existing_net=GND new_net=MOTOR_2_B existing_wire=X_BACKLIGHT:GND -> T new_wire=X_PWR:MOTOR_2_B -> X_ACT:MOTOR_2_B
15:45:51 | WARNING | eda.router             | [root] [MOTOR_2_B] OCCUPY_OVERLAP cell=Cell(col=32, row=13) existing_net=MOTOR_1_A new_net=MOTOR_2_B existing_wire=X_PWR:MOTOR_1_A -> X_ACT:MOTOR_1_A new_wire=X_PWR:MOTOR_2_B -> X_ACT:MOTOR_2_B
15:45:51 | INFO    | eda.router             | [root] [MOTOR_2_B] [X_PWR] [MOTOR_2_B] stub_in page=(22.86,110.49) dir=left steps=2 tip=Cell(col=1, row=87) tip_page=(1.27,110.49)
15:45:51 | INFO    | eda.router             | [root] [MOTOR_2_B] [X_PWR] [MOTOR_2_B] route left ×11, up ×7, right ×2, up ×5, right ×2, up ×47, right ×2, up ×3, right ×2, up ×3, right ×2, up ×3, right ×22, up ×6, right ×9
15:45:51 | INFO    | eda.router             | [root] [MOTOR_2_B] [X_PWR] [MOTOR_2_B] wire X_PWR:MOTOR_2_B -> X_ACT:MOTOR_2_B segments=15 cells=131
15:45:51 | INFO    | eda.router             | [root] [MOTOR_2_B] [X_ACT] [MOTOR_2_B] stub_out page=(60.96,16.51) dir=left steps=2 tip=Cell(col=31, row=13) tip_page=(39.37,16.51)
15:45:51 | INFO    | eda.router             | [root] [MOTOR_2_B] [X_ACT] [MOTOR_2_B] route left ×11, up ×7, right ×2, up ×5, right ×2, up ×47, right ×2, up ×3, right ×2, up ×3, right ×2, up ×3, right ×22, up ×6, right ×9
15:45:51 | INFO    | eda.router             | [root] [MOTOR_2_B] [X_ACT] [MOTOR_2_B] wire X_PWR:MOTOR_2_B -> X_ACT:MOTOR_2_B segments=15 cells=131
15:45:51 | INFO    | eda.router             | [root] [MOTOR_2_B] [X_PWR] [MOTOR_2_B] ok segments=15
15:45:51 | INFO    | eda.router             | [root] [MOTOR_2_B] [X_PWR] [MOTOR_2_B] t_connect
15:45:51 | DEBUG   | eda.router             | [root] [MOTOR_2_B] [X_PWR] [MOTOR_2_B] t_connect candidates=141 tries=5
15:45:51 | DEBUG   | eda.router             | [root] [MOTOR_2_B] bfs Cell(col=-11, row=87) → Cell(col=-10, row=87)
15:45:51 | DEBUG   | eda.router             | [root] [MOTOR_2_B] bfs done steps=2 cells=2
15:45:51 | INFO    | eda.router             | [root] [MOTOR_2_B] [X_PWR] [MOTOR_2_B] t_junction target=Cell(col=-10, row=87) try=1
15:45:51 | WARNING | eda.router             | [root] [MOTOR_2_B] OCCUPY_OVERLAP cell=Cell(col=2, row=87) existing_net=GND new_net=MOTOR_2_B existing_wire=X_PWR:GND -> T new_wire=X_PWR:MOTOR_2_B -> T
15:45:51 | WARNING | eda.router             | [root] [MOTOR_2_B] OCCUPY_OVERLAP cell=Cell(col=0, row=87) existing_net=NRST new_net=MOTOR_2_B existing_wire=U1:7 -> R1:2 new_wire=X_PWR:MOTOR_2_B -> T
15:45:51 | INFO    | eda.router             | [root] [MOTOR_2_B] [X_PWR] [MOTOR_2_B] stub_in page=(22.86,110.49) dir=left steps=14 tip=Cell(col=-11, row=87) tip_page=(-13.97,110.49)
15:45:51 | INFO    | eda.router             | [root] [MOTOR_2_B] [X_PWR] [MOTOR_2_B] route right ×1
15:45:51 | INFO    | eda.router             | [root] [MOTOR_2_B] [X_PWR] [MOTOR_2_B] wire X_PWR:MOTOR_2_B -> T segments=1 cells=16
15:45:51 | INFO    | eda.router             | [root] [-] [X_PWR] [MOTOR_2_B] t_junction recorded net=MOTOR_2_B target=Cell(col=-10, row=87) host=X_PWR:MOTOR_2_B -> X_ACT:MOTOR_2_B
15:45:51 | INFO    | eda.router             | [root] [MOTOR_2_B] [X_PWR] [MOTOR_2_B] ok t_junction=?
15:45:51 | INFO    | eda.router             | [root] [MOTOR_2_B] [X_ACT] [MOTOR_2_B] t_connect
15:45:51 | DEBUG   | eda.router             | [root] [MOTOR_2_B] [X_ACT] [MOTOR_2_B] t_connect candidates=143 tries=5
15:45:51 | DEBUG   | eda.router             | [root] [MOTOR_2_B] bfs Cell(col=21, row=13) → Cell(col=22, row=13)
15:45:51 | DEBUG   | eda.router             | [root] [MOTOR_2_B] bfs done steps=2 cells=2
15:45:51 | INFO    | eda.router             | [root] [MOTOR_2_B] [X_ACT] [MOTOR_2_B] t_junction target=Cell(col=22, row=13) try=1
15:45:51 | WARNING | eda.router             | [root] [MOTOR_2_B] OCCUPY_OVERLAP cell=Cell(col=32, row=13) existing_net=MOTOR_1_A new_net=MOTOR_2_B existing_wire=X_PWR:MOTOR_1_A -> X_ACT:MOTOR_1_A new_wire=X_ACT:MOTOR_2_B -> T
15:45:51 | WARNING | eda.router             | [root] [MOTOR_2_B] OCCUPY_OVERLAP cell=Cell(col=30, row=13) existing_net=GND new_net=MOTOR_2_B existing_wire=X_BACKLIGHT:GND -> T new_wire=X_ACT:MOTOR_2_B -> T
15:45:51 | WARNING | eda.router             | [root] [MOTOR_2_B] OCCUPY_OVERLAP cell=Cell(col=28, row=13) existing_net=NTC_HEAT_W new_net=MOTOR_2_B existing_wire=X_PWR:NTC_HEAT_W -> X_SEN_HEAT:NTC_HEAT_W new_wire=X_ACT:MOTOR_2_B -> T
15:45:51 | WARNING | eda.router             | [root] [MOTOR_2_B] OCCUPY_OVERLAP cell=Cell(col=26, row=13) existing_net=MOTOR_1_B new_net=MOTOR_2_B existing_wire=X_PWR:MOTOR_1_B -> X_ACT:MOTOR_1_B new_wire=X_ACT:MOTOR_2_B -> T
15:45:51 | WARNING | eda.router             | [root] [MOTOR_2_B] OCCUPY_OVERLAP cell=Cell(col=24, row=13) existing_net=MOTOR_2_A new_net=MOTOR_2_B existing_wire=X_PWR:MOTOR_2_A -> X_ACT:MOTOR_2_A new_wire=X_ACT:MOTOR_2_B -> T
15:45:51 | INFO    | eda.router             | [root] [MOTOR_2_B] [X_ACT] [MOTOR_2_B] stub_in page=(60.96,16.51) dir=left steps=12 tip=Cell(col=21, row=13) tip_page=(26.67,16.51)
15:45:51 | INFO    | eda.router             | [root] [MOTOR_2_B] [X_ACT] [MOTOR_2_B] route right ×1
15:45:51 | INFO    | eda.router             | [root] [MOTOR_2_B] [X_ACT] [MOTOR_2_B] wire X_ACT:MOTOR_2_B -> T segments=1 cells=14
15:45:51 | INFO    | eda.router             | [root] [-] [X_ACT] [MOTOR_2_B] t_junction recorded net=MOTOR_2_B target=Cell(col=22, row=13) host=X_PWR:MOTOR_2_B -> X_ACT:MOTOR_2_B
15:45:51 | INFO    | eda.router             | [root] [MOTOR_2_B] [X_ACT] [MOTOR_2_B] ok t_junction=?
15:45:51 | DEBUG   | eda.router             | [root] [MOTOR_2_B] rss=121.4 net_wires=3 total_wires=109
15:45:51 | DEBUG   | eda.router             | [root] [FB_M2_RAW] pins=X_PWR:FB_M2_RAW, X_ACT:FB_M2_RAW, X_PWR:FB_M2_RAW, X_ACT:FB_M2_RAW
15:45:51 | INFO    | eda.router             | [root] [FB_M2_RAW] [X_PWR] [FB_M2_RAW] connect X_PWR:FB_M2_RAW → X_ACT:FB_M2_RAW
15:45:51 | DEBUG   | eda.router             | [root] [FB_M2_RAW] bfs Cell(col=20, row=91) → Cell(col=50, row=13)
15:45:51 | WARNING | eda.router             | [root] [FB_M2_RAW] [X_PWR] [FB_M2_RAW] fail X_PWR:FB_M2_RAW → X_ACT:FB_M2_RAW
15:45:51 | WARNING | eda.router             | [root] [FB_M2_RAW] [X_PWR] [FB_M2_RAW] visited=249
15:45:51 | WARNING | eda.router             | [root] [FB_M2_RAW] frontier count=94
15:45:51 | INFO    | eda.router             | [root] [FB_M2_RAW] [X_PWR] [FB_M2_RAW] label net=FB_M2_RAW reason=route failed
15:45:51 | INFO    | eda.router             | [root] [FB_M2_RAW] [X_ACT] [FB_M2_RAW] label net=FB_M2_RAW reason=route failed
15:45:51 | WARNING | eda.router             | [root] [FB_M2_RAW] fallback labels_on=X_PWR:FB_M2_RAW,X_ACT:FB_M2_RAW
15:45:51 | WARNING | eda.router             | [root] [FB_M2_RAW] [X_PWR] [FB_M2_RAW] fail X_PWR:FB_M2_RAW → X_ACT:FB_M2_RAW
15:45:51 | DEBUG   | eda.router             | [root] [FB_M2_RAW] rss=121.4 net_wires=0 total_wires=109
15:45:51 | DEBUG   | eda.router             | [root] [FB_M2] pins=U1:23, X_ACT:FB_M2, X_ACT:FB_M2
15:45:51 | INFO    | eda.router             | [root] [FB_M2] [U1] [23] connect U1:23 → X_ACT:FB_M2
15:45:51 | DEBUG   | eda.router             | [root] [FB_M2] bfs Cell(col=56, row=85) → Cell(col=31, row=15)
15:45:51 | DEBUG   | eda.router             | [root] [FB_M2] bfs done steps=35469 cells=188
15:45:51 | WARNING | eda.router             | [root] [FB_M2] OCCUPY_OVERLAP cell=Cell(col=58, row=85) existing_net=M1_IN1 new_net=FB_M2 existing_wire=U1:42 -> X_ACT:M1_IN1 new_wire=U1:23 -> X_ACT:FB_M2
15:45:51 | WARNING | eda.router             | [root] [FB_M2] OCCUPY_OVERLAP cell=Cell(col=60, row=85) existing_net=LED_FACE_DRV new_net=FB_M2 existing_wire=X_UI:LED_FACE_DRV -> U1:55 new_wire=U1:23 -> X_ACT:FB_M2
15:45:51 | WARNING | eda.router             | [root] [FB_M2] OCCUPY_OVERLAP cell=Cell(col=62, row=85) existing_net=LED_DRY_GLASS_DRV new_net=FB_M2 existing_wire=X_UI:LED_DRY_GLASS_DRV -> U1:3 new_wire=U1:23 -> X_ACT:FB_M2
15:45:51 | WARNING | eda.router             | [root] [FB_M2] OCCUPY_OVERLAP cell=Cell(col=64, row=85) existing_net=LED_AC_DRV new_net=FB_M2 existing_wire=X_UI:LED_AC_DRV -> U1:4 new_wire=U1:23 -> X_ACT:FB_M2
15:45:51 | WARNING | eda.router             | [root] [FB_M2] OCCUPY_OVERLAP cell=Cell(col=66, row=85) existing_net=M1_IN2 new_net=FB_M2 existing_wire=U1:43 -> X_ACT:M1_IN2 new_wire=U1:23 -> X_ACT:FB_M2
15:45:51 | WARNING | eda.router             | [root] [FB_M2] OCCUPY_OVERLAP cell=Cell(col=68, row=79) existing_net=SOLAR_ADC new_net=FB_M2 existing_wire=U1:20 -> X_SEN_SOLAR:SOLAR_ADC new_wire=U1:23 -> X_ACT:FB_M2
15:45:51 | WARNING | eda.router             | [root] [FB_M2] OCCUPY_OVERLAP cell=Cell(col=68, row=75) existing_net=NTC_CABIN new_net=FB_M2 existing_wire=U1:16 -> X_UI:NTC_CABIN new_wire=U1:23 -> X_ACT:FB_M2
15:45:51 | WARNING | eda.router             | [root] [FB_M2] OCCUPY_OVERLAP cell=Cell(col=68, row=73) existing_net=FAN_SEL_ADC new_net=FB_M2 existing_wire=U1:15 -> X_UI:FAN_SEL_ADC new_wire=U1:23 -> X_ACT:FB_M2
15:45:51 | WARNING | eda.router             | [root] [FB_M2] OCCUPY_OVERLAP cell=Cell(col=68, row=71) existing_net=TEMP_SET_ADC new_net=FB_M2 existing_wire=U1:14 -> X_UI:TEMP_SET_ADC new_wire=U1:23 -> X_ACT:FB_M2
15:45:51 | WARNING | eda.router             | [root] [FB_M2] OCCUPY_OVERLAP cell=Cell(col=68, row=64) existing_net=VCC_12V new_net=FB_M2 existing_wire=X_PWR:VCC_12V -> X_SEN_CABIN:VCC_12V new_wire=U1:23 -> X_ACT:FB_M2
15:45:51 | WARNING | eda.router             | [root] [FB_M2] OCCUPY_OVERLAP cell=Cell(col=68, row=62) existing_net=VCC_3V3 new_net=FB_M2 existing_wire=U1:48 -> T new_wire=U1:23 -> X_ACT:FB_M2
15:45:51 | WARNING | eda.router             | [root] [FB_M2] OCCUPY_OVERLAP cell=Cell(col=68, row=60) existing_net=VDDA_3V3 new_net=FB_M2 existing_wire=U1:13 -> T new_wire=U1:23 -> X_ACT:FB_M2
15:45:51 | WARNING | eda.router             | [root] [FB_M2] OCCUPY_OVERLAP cell=Cell(col=66, row=58) existing_net=M1_IN2 new_net=FB_M2 existing_wire=U1:43 -> X_ACT:M1_IN2 new_wire=U1:23 -> X_ACT:FB_M2
15:45:51 | WARNING | eda.router             | [root] [FB_M2] OCCUPY_OVERLAP cell=Cell(col=64, row=56) existing_net=LED_AC_DRV new_net=FB_M2 existing_wire=X_UI:LED_AC_DRV -> U1:4 new_wire=U1:23 -> X_ACT:FB_M2
15:45:51 | WARNING | eda.router             | [root] [FB_M2] OCCUPY_OVERLAP cell=Cell(col=62, row=56) existing_net=LED_DRY_GLASS_DRV new_net=FB_M2 existing_wire=X_UI:LED_DRY_GLASS_DRV -> U1:3 new_wire=U1:23 -> X_ACT:FB_M2
15:45:51 | WARNING | eda.router             | [root] [FB_M2] OCCUPY_OVERLAP cell=Cell(col=60, row=56) existing_net=LED_FACE_DRV new_net=FB_M2 existing_wire=X_UI:LED_FACE_DRV -> U1:55 new_wire=U1:23 -> X_ACT:FB_M2
15:45:51 | WARNING | eda.router             | [root] [FB_M2] OCCUPY_OVERLAP cell=Cell(col=57, row=56) existing_net=M1_IN2 new_net=FB_M2 existing_wire=U1:43 -> X_ACT:M1_IN2 new_wire=U1:23 -> X_ACT:FB_M2
15:45:51 | WARNING | eda.router             | [root] [FB_M2] OCCUPY_OVERLAP cell=Cell(col=57, row=38) existing_net=VCC_5V new_net=FB_M2 existing_wire=X_CAN:VCC_5V -> X_PWR:VCC_5V new_wire=U1:23 -> X_ACT:FB_M2
15:45:51 | WARNING | eda.router             | [root] [FB_M2] OCCUPY_OVERLAP cell=Cell(col=57, row=19) existing_net=BOOT0 new_net=FB_M2 existing_wire=R2:1 -> U1:60 new_wire=U1:23 -> X_ACT:FB_M2
15:45:51 | WARNING | eda.router             | [root] [FB_M2] OCCUPY_OVERLAP cell=Cell(col=57, row=7) existing_net=GND new_net=FB_M2 existing_wire=X_ACT:GND -> T new_wire=U1:23 -> X_ACT:FB_M2
15:45:51 | WARNING | eda.router             | [root] [FB_M2] OCCUPY_OVERLAP cell=Cell(col=57, row=5) existing_net=VCC_12V new_net=FB_M2 existing_wire=X_ACT:VCC_12V -> T new_wire=U1:23 -> X_ACT:FB_M2
15:45:51 | WARNING | eda.router             | [root] [FB_M2] OCCUPY_OVERLAP cell=Cell(col=55, row=3) existing_net=FB_M1 new_net=FB_M2 existing_wire=U1:22 -> X_ACT:FB_M1 new_wire=U1:23 -> X_ACT:FB_M2
15:45:51 | WARNING | eda.router             | [root] [FB_M2] OCCUPY_OVERLAP cell=Cell(col=53, row=1) existing_net=FB_M1 new_net=FB_M2 existing_wire=U1:22 -> X_ACT:FB_M1 new_wire=U1:23 -> X_ACT:FB_M2
15:45:51 | WARNING | eda.router             | [root] [FB_M2] OCCUPY_OVERLAP cell=Cell(col=51, row=-1) existing_net=FB_M1 new_net=FB_M2 existing_wire=U1:22 -> X_ACT:FB_M1 new_wire=U1:23 -> X_ACT:FB_M2
15:45:51 | WARNING | eda.router             | [root] [FB_M2] OCCUPY_OVERLAP cell=Cell(col=51, row=-2) existing_net=FB_M1 new_net=FB_M2 existing_wire=U1:22 -> X_ACT:FB_M1 new_wire=U1:23 -> X_ACT:FB_M2
15:45:51 | WARNING | eda.router             | [root] [FB_M2] OCCUPY_OVERLAP cell=Cell(col=51, row=-4) existing_net=NTC_HEAT_W new_net=FB_M2 existing_wire=X_PWR:NTC_HEAT_W -> X_SEN_HEAT:NTC_HEAT_W new_wire=U1:23 -> X_ACT:FB_M2
15:45:51 | WARNING | eda.router             | [root] [FB_M2] OCCUPY_OVERLAP cell=Cell(col=49, row=-6) existing_net=FB_M1 new_net=FB_M2 existing_wire=U1:22 -> X_ACT:FB_M1 new_wire=U1:23 -> X_ACT:FB_M2
15:45:51 | WARNING | eda.router             | [root] [FB_M2] OCCUPY_OVERLAP cell=Cell(col=21, row=-2) existing_net=BOOT0 new_net=FB_M2 existing_wire=R2:1 -> U1:60 new_wire=U1:23 -> X_ACT:FB_M2
15:45:51 | WARNING | eda.router             | [root] [FB_M2] OCCUPY_OVERLAP cell=Cell(col=21, row=13) existing_net=MOTOR_2_B new_net=FB_M2 existing_wire=X_ACT:MOTOR_2_B -> T new_wire=U1:23 -> X_ACT:FB_M2
15:45:51 | WARNING | eda.router             | [root] [FB_M2] OCCUPY_OVERLAP cell=Cell(col=22, row=15) existing_net=MOTOR_2_B new_net=FB_M2 existing_wire=X_PWR:MOTOR_2_B -> X_ACT:MOTOR_2_B new_wire=U1:23 -> X_ACT:FB_M2
15:45:51 | WARNING | eda.router             | [root] [FB_M2] OCCUPY_OVERLAP cell=Cell(col=24, row=15) existing_net=MOTOR_2_A new_net=FB_M2 existing_wire=X_PWR:MOTOR_2_A -> X_ACT:MOTOR_2_A new_wire=U1:23 -> X_ACT:FB_M2
15:45:51 | WARNING | eda.router             | [root] [FB_M2] OCCUPY_OVERLAP cell=Cell(col=26, row=15) existing_net=MOTOR_1_B new_net=FB_M2 existing_wire=X_PWR:MOTOR_1_B -> X_ACT:MOTOR_1_B new_wire=U1:23 -> X_ACT:FB_M2
15:45:51 | WARNING | eda.router             | [root] [FB_M2] OCCUPY_OVERLAP cell=Cell(col=28, row=15) existing_net=NTC_HEAT_W new_net=FB_M2 existing_wire=X_PWR:NTC_HEAT_W -> X_SEN_HEAT:NTC_HEAT_W new_wire=U1:23 -> X_ACT:FB_M2
15:45:51 | WARNING | eda.router             | [root] [FB_M2] OCCUPY_OVERLAP cell=Cell(col=30, row=15) existing_net=GND new_net=FB_M2 existing_wire=X_BACKLIGHT:GND -> T new_wire=U1:23 -> X_ACT:FB_M2
15:45:51 | WARNING | eda.router             | [root] [FB_M2] OCCUPY_OVERLAP cell=Cell(col=32, row=15) existing_net=MOTOR_1_A new_net=FB_M2 existing_wire=X_PWR:MOTOR_1_A -> X_ACT:MOTOR_1_A new_wire=U1:23 -> X_ACT:FB_M2
15:45:51 | INFO    | eda.router             | [root] [FB_M2] [U1] [23] stub_in page=(69.85,107.95) dir=right steps=1 tip=Cell(col=56, row=85) tip_page=(71.12,107.95)
15:45:51 | INFO    | eda.router             | [root] [FB_M2] [U1] [23] route right ×12, up ×27, left ×2, up ×2, left ×9, up ×53, left ×2, up ×2, left ×2, up ×2, left ×2, up ×5, left ×2, up ×2, left ×28, down ×21, left ×1, down ×2, right ×11
15:45:51 | INFO    | eda.router             | [root] [FB_M2] [U1] [23] wire U1:23 -> X_ACT:FB_M2 segments=19 cells=191
15:45:51 | INFO    | eda.router             | [root] [FB_M2] [X_ACT] [FB_M2] stub_out page=(60.96,19.05) dir=left steps=2 tip=Cell(col=31, row=15) tip_page=(39.37,19.05)
15:45:51 | INFO    | eda.router             | [root] [FB_M2] [X_ACT] [FB_M2] route right ×12, up ×27, left ×2, up ×2, left ×9, up ×53, left ×2, up ×2, left ×2, up ×2, left ×2, up ×5, left ×2, up ×2, left ×28, down ×21, left ×1, down ×2, right ×11
15:45:51 | INFO    | eda.router             | [root] [FB_M2] [X_ACT] [FB_M2] wire U1:23 -> X_ACT:FB_M2 segments=19 cells=191
15:45:51 | INFO    | eda.router             | [root] [FB_M2] [U1] [23] ok segments=19
15:45:51 | INFO    | eda.router             | [root] [FB_M2] [X_ACT] [FB_M2] t_connect
15:45:51 | DEBUG   | eda.router             | [root] [FB_M2] [X_ACT] [FB_M2] t_connect candidates=206 tries=5
15:45:51 | DEBUG   | eda.router             | [root] [FB_M2] bfs Cell(col=19, row=15) → Cell(col=20, row=15)
15:45:51 | DEBUG   | eda.router             | [root] [FB_M2] bfs done steps=2 cells=2
15:45:51 | INFO    | eda.router             | [root] [FB_M2] [X_ACT] [FB_M2] t_junction target=Cell(col=20, row=15) try=1
15:45:51 | WARNING | eda.router             | [root] [FB_M2] OCCUPY_OVERLAP cell=Cell(col=32, row=15) existing_net=MOTOR_1_A new_net=FB_M2 existing_wire=X_PWR:MOTOR_1_A -> X_ACT:MOTOR_1_A new_wire=X_ACT:FB_M2 -> T
15:45:51 | WARNING | eda.router             | [root] [FB_M2] OCCUPY_OVERLAP cell=Cell(col=30, row=15) existing_net=GND new_net=FB_M2 existing_wire=X_BACKLIGHT:GND -> T new_wire=X_ACT:FB_M2 -> T
15:45:51 | WARNING | eda.router             | [root] [FB_M2] OCCUPY_OVERLAP cell=Cell(col=28, row=15) existing_net=NTC_HEAT_W new_net=FB_M2 existing_wire=X_PWR:NTC_HEAT_W -> X_SEN_HEAT:NTC_HEAT_W new_wire=X_ACT:FB_M2 -> T
15:45:51 | WARNING | eda.router             | [root] [FB_M2] OCCUPY_OVERLAP cell=Cell(col=26, row=15) existing_net=MOTOR_1_B new_net=FB_M2 existing_wire=X_PWR:MOTOR_1_B -> X_ACT:MOTOR_1_B new_wire=X_ACT:FB_M2 -> T
15:45:51 | WARNING | eda.router             | [root] [FB_M2] OCCUPY_OVERLAP cell=Cell(col=24, row=15) existing_net=MOTOR_2_A new_net=FB_M2 existing_wire=X_PWR:MOTOR_2_A -> X_ACT:MOTOR_2_A new_wire=X_ACT:FB_M2 -> T
15:45:51 | WARNING | eda.router             | [root] [FB_M2] OCCUPY_OVERLAP cell=Cell(col=22, row=15) existing_net=MOTOR_2_B new_net=FB_M2 existing_wire=X_PWR:MOTOR_2_B -> X_ACT:MOTOR_2_B new_wire=X_ACT:FB_M2 -> T
15:45:51 | INFO    | eda.router             | [root] [FB_M2] [X_ACT] [FB_M2] stub_in page=(60.96,19.05) dir=left steps=14 tip=Cell(col=19, row=15) tip_page=(24.13,19.05)
15:45:51 | INFO    | eda.router             | [root] [FB_M2] [X_ACT] [FB_M2] route right ×1
15:45:51 | INFO    | eda.router             | [root] [FB_M2] [X_ACT] [FB_M2] wire X_ACT:FB_M2 -> T segments=1 cells=16
15:45:51 | INFO    | eda.router             | [root] [-] [X_ACT] [FB_M2] t_junction recorded net=FB_M2 target=Cell(col=20, row=15) host=U1:23 -> X_ACT:FB_M2
15:45:51 | INFO    | eda.router             | [root] [FB_M2] [X_ACT] [FB_M2] ok t_junction=?
15:45:51 | DEBUG   | eda.router             | [root] [FB_M2] rss=121.4 net_wires=2 total_wires=111
15:45:51 | DEBUG   | eda.router             | [root] [M2_IN1] pins=U1:44, X_ACT:M2_IN1, X_ACT:M2_IN1
15:45:51 | INFO    | eda.router             | [root] [M2_IN1] [U1] [44] connect U1:44 → X_ACT:M2_IN1
15:45:51 | DEBUG   | eda.router             | [root] [M2_IN1] bfs Cell(col=56, row=93) → Cell(col=50, row=15)
15:45:52 | DEBUG   | eda.router             | [root] [M2_IN1] bfs done steps=18689 cells=141
15:45:52 | WARNING | eda.router             | [root] [M2_IN1] OCCUPY_OVERLAP cell=Cell(col=60, row=93) existing_net=LED_FACE_DRV new_net=M2_IN1 existing_wire=X_UI:LED_FACE_DRV -> U1:55 new_wire=U1:44 -> X_ACT:M2_IN1
15:45:52 | WARNING | eda.router             | [root] [M2_IN1] OCCUPY_OVERLAP cell=Cell(col=62, row=93) existing_net=LED_DRY_GLASS_DRV new_net=M2_IN1 existing_wire=X_UI:LED_DRY_GLASS_DRV -> U1:3 new_wire=U1:44 -> X_ACT:M2_IN1
15:45:52 | WARNING | eda.router             | [root] [M2_IN1] OCCUPY_OVERLAP cell=Cell(col=64, row=93) existing_net=LED_AC_DRV new_net=M2_IN1 existing_wire=X_UI:LED_AC_DRV -> U1:4 new_wire=U1:44 -> X_ACT:M2_IN1
15:45:52 | WARNING | eda.router             | [root] [M2_IN1] OCCUPY_OVERLAP cell=Cell(col=84, row=79) existing_net=SOLAR_ADC new_net=M2_IN1 existing_wire=U1:20 -> X_SEN_SOLAR:SOLAR_ADC new_wire=U1:44 -> X_ACT:M2_IN1
15:45:52 | WARNING | eda.router             | [root] [M2_IN1] OCCUPY_OVERLAP cell=Cell(col=84, row=75) existing_net=NTC_CABIN new_net=M2_IN1 existing_wire=U1:16 -> X_UI:NTC_CABIN new_wire=U1:44 -> X_ACT:M2_IN1
15:45:52 | WARNING | eda.router             | [root] [M2_IN1] OCCUPY_OVERLAP cell=Cell(col=84, row=73) existing_net=FAN_SEL_ADC new_net=M2_IN1 existing_wire=U1:15 -> X_UI:FAN_SEL_ADC new_wire=U1:44 -> X_ACT:M2_IN1
15:45:52 | WARNING | eda.router             | [root] [M2_IN1] OCCUPY_OVERLAP cell=Cell(col=84, row=71) existing_net=TEMP_SET_ADC new_net=M2_IN1 existing_wire=U1:14 -> X_UI:TEMP_SET_ADC new_wire=U1:44 -> X_ACT:M2_IN1
15:45:52 | WARNING | eda.router             | [root] [M2_IN1] OCCUPY_OVERLAP cell=Cell(col=84, row=64) existing_net=VCC_12V new_net=M2_IN1 existing_wire=X_PWR:VCC_12V -> X_SEN_CABIN:VCC_12V new_wire=U1:44 -> X_ACT:M2_IN1
15:45:52 | WARNING | eda.router             | [root] [M2_IN1] OCCUPY_OVERLAP cell=Cell(col=84, row=62) existing_net=VCC_3V3 new_net=M2_IN1 existing_wire=U1:48 -> T new_wire=U1:44 -> X_ACT:M2_IN1
15:45:52 | WARNING | eda.router             | [root] [M2_IN1] OCCUPY_OVERLAP cell=Cell(col=84, row=60) existing_net=VDDA_3V3 new_net=M2_IN1 existing_wire=U1:13 -> T new_wire=U1:44 -> X_ACT:M2_IN1
15:45:52 | WARNING | eda.router             | [root] [M2_IN1] OCCUPY_OVERLAP cell=Cell(col=84, row=44) existing_net=LED_AC_DRV new_net=M2_IN1 existing_wire=X_UI:LED_AC_DRV -> U1:4 new_wire=U1:44 -> X_ACT:M2_IN1
15:45:52 | WARNING | eda.router             | [root] [M2_IN1] OCCUPY_OVERLAP cell=Cell(col=84, row=42) existing_net=LED_DRY_GLASS_DRV new_net=M2_IN1 existing_wire=X_UI:LED_DRY_GLASS_DRV -> U1:3 new_wire=U1:44 -> X_ACT:M2_IN1
15:45:52 | WARNING | eda.router             | [root] [M2_IN1] OCCUPY_OVERLAP cell=Cell(col=84, row=40) existing_net=LED_FACE_DRV new_net=M2_IN1 existing_wire=X_UI:LED_FACE_DRV -> U1:55 new_wire=U1:44 -> X_ACT:M2_IN1
15:45:52 | WARNING | eda.router             | [root] [M2_IN1] OCCUPY_OVERLAP cell=Cell(col=84, row=38) existing_net=VCC_5V new_net=M2_IN1 existing_wire=X_CAN:VCC_5V -> X_PWR:VCC_5V new_wire=U1:44 -> X_ACT:M2_IN1
15:45:52 | WARNING | eda.router             | [root] [M2_IN1] OCCUPY_OVERLAP cell=Cell(col=84, row=26) existing_net=GND new_net=M2_IN1 existing_wire=X_OUT:GND -> T new_wire=U1:44 -> X_ACT:M2_IN1
15:45:52 | WARNING | eda.router             | [root] [M2_IN1] OCCUPY_OVERLAP cell=Cell(col=84, row=19) existing_net=BOOT0 new_net=M2_IN1 existing_wire=R2:1 -> U1:60 new_wire=U1:44 -> X_ACT:M2_IN1
15:45:52 | WARNING | eda.router             | [root] [M2_IN1] OCCUPY_OVERLAP cell=Cell(col=82, row=17) existing_net=GND new_net=M2_IN1 existing_wire=X_ACT:GND -> T new_wire=U1:44 -> X_ACT:M2_IN1
15:45:52 | WARNING | eda.router             | [root] [M2_IN1] OCCUPY_OVERLAP cell=Cell(col=79, row=17) existing_net=VCC_12V new_net=M2_IN1 existing_wire=X_ACT:VCC_12V -> T new_wire=U1:44 -> X_ACT:M2_IN1
15:45:52 | WARNING | eda.router             | [root] [M2_IN1] OCCUPY_OVERLAP cell=Cell(col=57, row=15) existing_net=FB_M2 new_net=M2_IN1 existing_wire=U1:23 -> X_ACT:FB_M2 new_wire=U1:44 -> X_ACT:M2_IN1
15:45:52 | WARNING | eda.router             | [root] [M2_IN1] OCCUPY_OVERLAP cell=Cell(col=55, row=15) existing_net=FB_M1 new_net=M2_IN1 existing_wire=U1:22 -> X_ACT:FB_M1 new_wire=U1:44 -> X_ACT:M2_IN1
15:45:52 | WARNING | eda.router             | [root] [M2_IN1] OCCUPY_OVERLAP cell=Cell(col=53, row=15) existing_net=BOOT0 new_net=M2_IN1 existing_wire=R2:1 -> U1:60 new_wire=U1:44 -> X_ACT:M2_IN1
15:45:52 | WARNING | eda.router             | [root] [M2_IN1] OCCUPY_OVERLAP cell=Cell(col=51, row=15) existing_net=M1_IN2 new_net=M2_IN1 existing_wire=U1:43 -> X_ACT:M1_IN2 new_wire=U1:44 -> X_ACT:M2_IN1
15:45:52 | WARNING | eda.router             | [root] [M2_IN1] OCCUPY_OVERLAP cell=Cell(col=49, row=15) existing_net=M1_IN1 new_net=M2_IN1 existing_wire=U1:42 -> X_ACT:M1_IN1 new_wire=U1:44 -> X_ACT:M2_IN1
15:45:52 | INFO    | eda.router             | [root] [M2_IN1] [U1] [44] stub_in page=(69.85,118.11) dir=right steps=1 tip=Cell(col=56, row=93) tip_page=(71.12,118.11)
15:45:52 | INFO    | eda.router             | [root] [M2_IN1] [U1] [44] route right ×28, up ×76, left ×25, up ×2, left ×9
15:45:52 | INFO    | eda.router             | [root] [M2_IN1] [U1] [44] wire U1:44 -> X_ACT:M2_IN1 segments=5 cells=144
15:45:52 | INFO    | eda.router             | [root] [M2_IN1] [X_ACT] [M2_IN1] stub_out page=(41.91,19.05) dir=right steps=2 tip=Cell(col=50, row=15) tip_page=(63.50,19.05)
15:45:52 | INFO    | eda.router             | [root] [M2_IN1] [X_ACT] [M2_IN1] route right ×28, up ×76, left ×25, up ×2, left ×9
15:45:52 | INFO    | eda.router             | [root] [M2_IN1] [X_ACT] [M2_IN1] wire U1:44 -> X_ACT:M2_IN1 segments=5 cells=144
15:45:52 | INFO    | eda.router             | [root] [M2_IN1] [U1] [44] ok segments=5
15:45:52 | INFO    | eda.router             | [root] [M2_IN1] [X_ACT] [M2_IN1] t_connect
15:45:52 | DEBUG   | eda.router             | [root] [M2_IN1] [X_ACT] [M2_IN1] t_connect candidates=145 tries=5
15:45:52 | DEBUG   | eda.router             | [root] [M2_IN1] bfs Cell(col=60, row=15) → Cell(col=59, row=15)
15:45:52 | DEBUG   | eda.router             | [root] [M2_IN1] bfs done steps=3 cells=2
15:45:52 | INFO    | eda.router             | [root] [M2_IN1] [X_ACT] [M2_IN1] t_junction target=Cell(col=59, row=15) try=1
15:45:52 | WARNING | eda.router             | [root] [M2_IN1] OCCUPY_OVERLAP cell=Cell(col=49, row=15) existing_net=M1_IN1 new_net=M2_IN1 existing_wire=U1:42 -> X_ACT:M1_IN1 new_wire=X_ACT:M2_IN1 -> T
15:45:52 | WARNING | eda.router             | [root] [M2_IN1] OCCUPY_OVERLAP cell=Cell(col=51, row=15) existing_net=M1_IN2 new_net=M2_IN1 existing_wire=U1:43 -> X_ACT:M1_IN2 new_wire=X_ACT:M2_IN1 -> T
15:45:52 | WARNING | eda.router             | [root] [M2_IN1] OCCUPY_OVERLAP cell=Cell(col=53, row=15) existing_net=BOOT0 new_net=M2_IN1 existing_wire=R2:1 -> U1:60 new_wire=X_ACT:M2_IN1 -> T
15:45:52 | WARNING | eda.router             | [root] [M2_IN1] OCCUPY_OVERLAP cell=Cell(col=55, row=15) existing_net=FB_M1 new_net=M2_IN1 existing_wire=U1:22 -> X_ACT:FB_M1 new_wire=X_ACT:M2_IN1 -> T
15:45:52 | WARNING | eda.router             | [root] [M2_IN1] OCCUPY_OVERLAP cell=Cell(col=57, row=15) existing_net=FB_M2 new_net=M2_IN1 existing_wire=U1:23 -> X_ACT:FB_M2 new_wire=X_ACT:M2_IN1 -> T
15:45:52 | INFO    | eda.router             | [root] [M2_IN1] [X_ACT] [M2_IN1] stub_in page=(41.91,19.05) dir=right steps=12 tip=Cell(col=60, row=15) tip_page=(76.20,19.05)
15:45:52 | INFO    | eda.router             | [root] [M2_IN1] [X_ACT] [M2_IN1] route left ×1
15:45:52 | INFO    | eda.router             | [root] [M2_IN1] [X_ACT] [M2_IN1] wire X_ACT:M2_IN1 -> T segments=1 cells=14
15:45:52 | INFO    | eda.router             | [root] [-] [X_ACT] [M2_IN1] t_junction recorded net=M2_IN1 target=Cell(col=59, row=15) host=U1:44 -> X_ACT:M2_IN1
15:45:52 | INFO    | eda.router             | [root] [M2_IN1] [X_ACT] [M2_IN1] ok t_junction=?
15:45:52 | DEBUG   | eda.router             | [root] [M2_IN1] rss=121.4 net_wires=2 total_wires=113
15:45:52 | DEBUG   | eda.router             | [root] [M2_IN2] pins=U1:45, X_ACT:M2_IN2, X_ACT:M2_IN2
15:45:52 | INFO    | eda.router             | [root] [M2_IN2] [U1] [45] connect U1:45 → X_ACT:M2_IN2
15:45:52 | DEBUG   | eda.router             | [root] [M2_IN2] bfs Cell(col=56, row=95) → Cell(col=50, row=17)
15:45:52 | DEBUG   | eda.router             | [root] [M2_IN2] bfs done steps=34073 cells=195
15:45:52 | WARNING | eda.router             | [root] [M2_IN2] OCCUPY_OVERLAP cell=Cell(col=60, row=95) existing_net=LED_FACE_DRV new_net=M2_IN2 existing_wire=X_UI:LED_FACE_DRV -> U1:55 new_wire=U1:45 -> X_ACT:M2_IN2
15:45:52 | WARNING | eda.router             | [root] [M2_IN2] OCCUPY_OVERLAP cell=Cell(col=62, row=95) existing_net=LED_DRY_GLASS_DRV new_net=M2_IN2 existing_wire=X_UI:LED_DRY_GLASS_DRV -> U1:3 new_wire=U1:45 -> X_ACT:M2_IN2
15:45:52 | WARNING | eda.router             | [root] [M2_IN2] OCCUPY_OVERLAP cell=Cell(col=64, row=95) existing_net=LED_AC_DRV new_net=M2_IN2 existing_wire=X_UI:LED_AC_DRV -> U1:4 new_wire=U1:45 -> X_ACT:M2_IN2
15:45:52 | WARNING | eda.router             | [root] [M2_IN2] OCCUPY_OVERLAP cell=Cell(col=95, row=95) existing_net=VCC_3V3 new_net=M2_IN2 existing_wire=U1:48 -> T new_wire=U1:45 -> X_ACT:M2_IN2
15:45:52 | WARNING | eda.router             | [root] [M2_IN2] OCCUPY_OVERLAP cell=Cell(col=105, row=79) existing_net=SOLAR_ADC new_net=M2_IN2 existing_wire=U1:20 -> X_SEN_SOLAR:SOLAR_ADC new_wire=U1:45 -> X_ACT:M2_IN2
15:45:52 | WARNING | eda.router             | [root] [M2_IN2] OCCUPY_OVERLAP cell=Cell(col=105, row=75) existing_net=NTC_CABIN new_net=M2_IN2 existing_wire=U1:16 -> X_UI:NTC_CABIN new_wire=U1:45 -> X_ACT:M2_IN2
15:45:52 | WARNING | eda.router             | [root] [M2_IN2] OCCUPY_OVERLAP cell=Cell(col=105, row=73) existing_net=FAN_SEL_ADC new_net=M2_IN2 existing_wire=U1:15 -> X_UI:FAN_SEL_ADC new_wire=U1:45 -> X_ACT:M2_IN2
15:45:52 | WARNING | eda.router             | [root] [M2_IN2] OCCUPY_OVERLAP cell=Cell(col=105, row=71) existing_net=TEMP_SET_ADC new_net=M2_IN2 existing_wire=U1:14 -> X_UI:TEMP_SET_ADC new_wire=U1:45 -> X_ACT:M2_IN2
15:45:52 | WARNING | eda.router             | [root] [M2_IN2] OCCUPY_OVERLAP cell=Cell(col=105, row=64) existing_net=VCC_12V new_net=M2_IN2 existing_wire=X_PWR:VCC_12V -> X_SEN_CABIN:VCC_12V new_wire=U1:45 -> X_ACT:M2_IN2
15:45:52 | WARNING | eda.router             | [root] [M2_IN2] OCCUPY_OVERLAP cell=Cell(col=105, row=60) existing_net=VDDA_3V3 new_net=M2_IN2 existing_wire=U1:13 -> T new_wire=U1:45 -> X_ACT:M2_IN2
15:45:52 | WARNING | eda.router             | [root] [M2_IN2] OCCUPY_OVERLAP cell=Cell(col=105, row=44) existing_net=LED_AC_DRV new_net=M2_IN2 existing_wire=X_UI:LED_AC_DRV -> U1:4 new_wire=U1:45 -> X_ACT:M2_IN2
15:45:52 | WARNING | eda.router             | [root] [M2_IN2] OCCUPY_OVERLAP cell=Cell(col=105, row=42) existing_net=LED_DRY_GLASS_DRV new_net=M2_IN2 existing_wire=X_UI:LED_DRY_GLASS_DRV -> U1:3 new_wire=U1:45 -> X_ACT:M2_IN2
15:45:52 | WARNING | eda.router             | [root] [M2_IN2] OCCUPY_OVERLAP cell=Cell(col=105, row=40) existing_net=LED_FACE_DRV new_net=M2_IN2 existing_wire=X_UI:LED_FACE_DRV -> U1:55 new_wire=U1:45 -> X_ACT:M2_IN2
15:45:52 | WARNING | eda.router             | [root] [M2_IN2] OCCUPY_OVERLAP cell=Cell(col=105, row=38) existing_net=VCC_5V new_net=M2_IN2 existing_wire=X_CAN:VCC_5V -> X_PWR:VCC_5V new_wire=U1:45 -> X_ACT:M2_IN2
15:45:52 | WARNING | eda.router             | [root] [M2_IN2] OCCUPY_OVERLAP cell=Cell(col=105, row=27) existing_net=GND new_net=M2_IN2 existing_wire=X_SEN_COND:GND -> T new_wire=U1:45 -> X_ACT:M2_IN2
15:45:52 | WARNING | eda.router             | [root] [M2_IN2] OCCUPY_OVERLAP cell=Cell(col=103, row=25) existing_net=GND new_net=M2_IN2 existing_wire=X_OUT:GND -> T new_wire=U1:45 -> X_ACT:M2_IN2
15:45:52 | WARNING | eda.router             | [root] [M2_IN2] OCCUPY_OVERLAP cell=Cell(col=103, row=24) existing_net=GND new_net=M2_IN2 existing_wire=X_OUT:GND -> T new_wire=U1:45 -> X_ACT:M2_IN2
15:45:52 | WARNING | eda.router             | [root] [M2_IN2] OCCUPY_OVERLAP cell=Cell(col=86, row=19) existing_net=BOOT0 new_net=M2_IN2 existing_wire=R2:1 -> U1:60 new_wire=U1:45 -> X_ACT:M2_IN2
15:45:52 | WARNING | eda.router             | [root] [M2_IN2] OCCUPY_OVERLAP cell=Cell(col=84, row=17) existing_net=M2_IN1 new_net=M2_IN2 existing_wire=U1:44 -> X_ACT:M2_IN1 new_wire=U1:45 -> X_ACT:M2_IN2
15:45:52 | WARNING | eda.router             | [root] [M2_IN2] OCCUPY_OVERLAP cell=Cell(col=82, row=15) existing_net=GND new_net=M2_IN2 existing_wire=X_ACT:GND -> T new_wire=U1:45 -> X_ACT:M2_IN2
15:45:52 | WARNING | eda.router             | [root] [M2_IN2] OCCUPY_OVERLAP cell=Cell(col=79, row=15) existing_net=VCC_12V new_net=M2_IN2 existing_wire=X_ACT:VCC_12V -> T new_wire=U1:45 -> X_ACT:M2_IN2
15:45:52 | WARNING | eda.router             | [root] [M2_IN2] OCCUPY_OVERLAP cell=Cell(col=62, row=17) existing_net=M2_IN1 new_net=M2_IN2 existing_wire=U1:44 -> X_ACT:M2_IN1 new_wire=U1:45 -> X_ACT:M2_IN2
15:45:52 | WARNING | eda.router             | [root] [M2_IN2] OCCUPY_OVERLAP cell=Cell(col=62, row=19) existing_net=BOOT0 new_net=M2_IN2 existing_wire=R2:1 -> U1:60 new_wire=U1:45 -> X_ACT:M2_IN2
15:45:52 | WARNING | eda.router             | [root] [M2_IN2] OCCUPY_OVERLAP cell=Cell(col=62, row=21) existing_net=GND new_net=M2_IN2 existing_wire=X_OUT:GND -> T new_wire=U1:45 -> X_ACT:M2_IN2
15:45:52 | WARNING | eda.router             | [root] [M2_IN2] OCCUPY_OVERLAP cell=Cell(col=59, row=19) existing_net=BOOT0 new_net=M2_IN2 existing_wire=R2:1 -> U1:60 new_wire=U1:45 -> X_ACT:M2_IN2
15:45:52 | WARNING | eda.router             | [root] [M2_IN2] OCCUPY_OVERLAP cell=Cell(col=59, row=17) existing_net=M2_IN1 new_net=M2_IN2 existing_wire=U1:44 -> X_ACT:M2_IN1 new_wire=U1:45 -> X_ACT:M2_IN2
15:45:52 | WARNING | eda.router             | [root] [M2_IN2] OCCUPY_OVERLAP cell=Cell(col=57, row=17) existing_net=FB_M2 new_net=M2_IN2 existing_wire=U1:23 -> X_ACT:FB_M2 new_wire=U1:45 -> X_ACT:M2_IN2
15:45:52 | WARNING | eda.router             | [root] [M2_IN2] OCCUPY_OVERLAP cell=Cell(col=55, row=17) existing_net=FB_M1 new_net=M2_IN2 existing_wire=U1:22 -> X_ACT:FB_M1 new_wire=U1:45 -> X_ACT:M2_IN2
15:45:52 | WARNING | eda.router             | [root] [M2_IN2] OCCUPY_OVERLAP cell=Cell(col=53, row=17) existing_net=BOOT0 new_net=M2_IN2 existing_wire=R2:1 -> U1:60 new_wire=U1:45 -> X_ACT:M2_IN2
15:45:52 | WARNING | eda.router             | [root] [M2_IN2] OCCUPY_OVERLAP cell=Cell(col=51, row=17) existing_net=M1_IN2 new_net=M2_IN2 existing_wire=U1:43 -> X_ACT:M1_IN2 new_wire=U1:45 -> X_ACT:M2_IN2
15:45:52 | WARNING | eda.router             | [root] [M2_IN2] OCCUPY_OVERLAP cell=Cell(col=49, row=17) existing_net=M1_IN1 new_net=M2_IN2 existing_wire=U1:42 -> X_ACT:M1_IN1 new_wire=U1:45 -> X_ACT:M2_IN2
15:45:52 | INFO    | eda.router             | [root] [M2_IN2] [U1] [45] stub_in page=(69.85,120.65) dir=right steps=1 tip=Cell(col=56, row=95) tip_page=(71.12,120.65)
15:45:52 | INFO    | eda.router             | [root] [M2_IN2] [U1] [45] route right ×49, up ×70, left ×2, up ×3, left ×17, up ×5, left ×2, up ×2, left ×22, down ×6, left ×3, up ×4, left ×9
15:45:52 | INFO    | eda.router             | [root] [M2_IN2] [U1] [45] wire U1:45 -> X_ACT:M2_IN2 segments=13 cells=198
15:45:52 | INFO    | eda.router             | [root] [M2_IN2] [X_ACT] [M2_IN2] stub_out page=(41.91,21.59) dir=right steps=2 tip=Cell(col=50, row=17) tip_page=(63.50,21.59)
15:45:52 | INFO    | eda.router             | [root] [M2_IN2] [X_ACT] [M2_IN2] route right ×49, up ×70, left ×2, up ×3, left ×17, up ×5, left ×2, up ×2, left ×22, down ×6, left ×3, up ×4, left ×9
15:45:52 | INFO    | eda.router             | [root] [M2_IN2] [X_ACT] [M2_IN2] wire U1:45 -> X_ACT:M2_IN2 segments=13 cells=198
15:45:52 | INFO    | eda.router             | [root] [M2_IN2] [U1] [45] ok segments=13
15:45:52 | INFO    | eda.router             | [root] [M2_IN2] [X_ACT] [M2_IN2] t_connect
15:45:52 | DEBUG   | eda.router             | [root] [M2_IN2] [X_ACT] [M2_IN2] t_connect candidates=207 tries=5
15:45:52 | DEBUG   | eda.router             | [root] [M2_IN2] bfs Cell(col=33, row=17) → Cell(col=50, row=17)
15:45:53 | DEBUG   | eda.router             | [root] [M2_IN2] bfs done steps=14985 cells=132
15:45:53 | INFO    | eda.router             | [root] [M2_IN2] [X_ACT] [M2_IN2] t_junction target=Cell(col=50, row=17) try=1
15:45:53 | WARNING | eda.router             | [root] [M2_IN2] OCCUPY_OVERLAP cell=Cell(col=32, row=17) existing_net=MOTOR_1_A new_net=M2_IN2 existing_wire=X_PWR:MOTOR_1_A -> X_ACT:MOTOR_1_A new_wire=X_ACT:M2_IN2 -> T
15:45:53 | WARNING | eda.router             | [root] [M2_IN2] OCCUPY_OVERLAP cell=Cell(col=30, row=17) existing_net=GND new_net=M2_IN2 existing_wire=X_BACKLIGHT:GND -> T new_wire=X_ACT:M2_IN2 -> T
15:45:53 | WARNING | eda.router             | [root] [M2_IN2] OCCUPY_OVERLAP cell=Cell(col=28, row=17) existing_net=NTC_HEAT_W new_net=M2_IN2 existing_wire=X_PWR:NTC_HEAT_W -> X_SEN_HEAT:NTC_HEAT_W new_wire=X_ACT:M2_IN2 -> T
15:45:53 | WARNING | eda.router             | [root] [M2_IN2] OCCUPY_OVERLAP cell=Cell(col=26, row=17) existing_net=MOTOR_1_B new_net=M2_IN2 existing_wire=X_PWR:MOTOR_1_B -> X_ACT:MOTOR_1_B new_wire=X_ACT:M2_IN2 -> T
15:45:53 | WARNING | eda.router             | [root] [M2_IN2] OCCUPY_OVERLAP cell=Cell(col=24, row=17) existing_net=MOTOR_2_A new_net=M2_IN2 existing_wire=X_PWR:MOTOR_2_A -> X_ACT:MOTOR_2_A new_wire=X_ACT:M2_IN2 -> T
15:45:53 | WARNING | eda.router             | [root] [M2_IN2] OCCUPY_OVERLAP cell=Cell(col=22, row=17) existing_net=MOTOR_2_B new_net=M2_IN2 existing_wire=X_PWR:MOTOR_2_B -> X_ACT:MOTOR_2_B new_wire=X_ACT:M2_IN2 -> T
15:45:53 | WARNING | eda.router             | [root] [M2_IN2] OCCUPY_OVERLAP cell=Cell(col=19, row=15) existing_net=FB_M2 new_net=M2_IN2 existing_wire=X_ACT:FB_M2 -> T new_wire=X_ACT:M2_IN2 -> T
15:45:53 | WARNING | eda.router             | [root] [M2_IN2] OCCUPY_OVERLAP cell=Cell(col=21, row=7) existing_net=FB_M2 new_net=M2_IN2 existing_wire=U1:23 -> X_ACT:FB_M2 new_wire=X_ACT:M2_IN2 -> T
15:45:53 | WARNING | eda.router             | [root] [M2_IN2] OCCUPY_OVERLAP cell=Cell(col=25, row=5) existing_net=FB_M1 new_net=M2_IN2 existing_wire=U1:22 -> X_ACT:FB_M1 new_wire=X_ACT:M2_IN2 -> T
15:45:53 | WARNING | eda.router             | [root] [M2_IN2] OCCUPY_OVERLAP cell=Cell(col=28, row=5) existing_net=NTC_HEAT_W new_net=M2_IN2 existing_wire=X_PWR:NTC_HEAT_W -> X_SEN_HEAT:NTC_HEAT_W new_wire=X_ACT:M2_IN2 -> T
15:45:53 | WARNING | eda.router             | [root] [M2_IN2] OCCUPY_OVERLAP cell=Cell(col=28, row=4) existing_net=NTC_HEAT_W new_net=M2_IN2 existing_wire=X_PWR:NTC_HEAT_W -> X_SEN_HEAT:NTC_HEAT_W new_wire=X_ACT:M2_IN2 -> T
15:45:53 | WARNING | eda.router             | [root] [M2_IN2] OCCUPY_OVERLAP cell=Cell(col=30, row=2) existing_net=NTC_HEAT_W new_net=M2_IN2 existing_wire=X_PWR:NTC_HEAT_W -> X_SEN_HEAT:NTC_HEAT_W new_wire=X_ACT:M2_IN2 -> T
15:45:53 | WARNING | eda.router             | [root] [M2_IN2] OCCUPY_OVERLAP cell=Cell(col=30, row=1) existing_net=NTC_HEAT_W new_net=M2_IN2 existing_wire=X_PWR:NTC_HEAT_W -> X_SEN_HEAT:NTC_HEAT_W new_wire=X_ACT:M2_IN2 -> T
15:45:53 | WARNING | eda.router             | [root] [M2_IN2] OCCUPY_OVERLAP cell=Cell(col=30, row=-2) existing_net=BOOT0 new_net=M2_IN2 existing_wire=R2:1 -> U1:60 new_wire=X_ACT:M2_IN2 -> T
15:45:53 | WARNING | eda.router             | [root] [M2_IN2] OCCUPY_OVERLAP cell=Cell(col=32, row=-4) existing_net=NTC_HEAT_W new_net=M2_IN2 existing_wire=X_PWR:NTC_HEAT_W -> X_SEN_HEAT:NTC_HEAT_W new_wire=X_ACT:M2_IN2 -> T
15:45:53 | WARNING | eda.router             | [root] [M2_IN2] OCCUPY_OVERLAP cell=Cell(col=32, row=-6) existing_net=FB_M1 new_net=M2_IN2 existing_wire=U1:22 -> X_ACT:FB_M1 new_wire=X_ACT:M2_IN2 -> T
15:45:53 | WARNING | eda.router             | [root] [M2_IN2] OCCUPY_OVERLAP cell=Cell(col=32, row=-8) existing_net=FB_M2 new_net=M2_IN2 existing_wire=U1:23 -> X_ACT:FB_M2 new_wire=X_ACT:M2_IN2 -> T
15:45:53 | WARNING | eda.router             | [root] [M2_IN2] OCCUPY_OVERLAP cell=Cell(col=60, row=-4) existing_net=NTC_HEAT_W new_net=M2_IN2 existing_wire=X_PWR:NTC_HEAT_W -> X_SEN_HEAT:NTC_HEAT_W new_wire=X_ACT:M2_IN2 -> T
15:45:53 | WARNING | eda.router             | [root] [M2_IN2] OCCUPY_OVERLAP cell=Cell(col=60, row=5) existing_net=VCC_12V new_net=M2_IN2 existing_wire=X_ACT:VCC_12V -> T new_wire=X_ACT:M2_IN2 -> T
15:45:53 | WARNING | eda.router             | [root] [M2_IN2] OCCUPY_OVERLAP cell=Cell(col=60, row=7) existing_net=GND new_net=M2_IN2 existing_wire=X_ACT:GND -> T new_wire=X_ACT:M2_IN2 -> T
15:45:53 | WARNING | eda.router             | [root] [M2_IN2] OCCUPY_OVERLAP cell=Cell(col=60, row=15) existing_net=M2_IN1 new_net=M2_IN2 existing_wire=X_ACT:M2_IN1 -> T new_wire=X_ACT:M2_IN2 -> T
15:45:53 | WARNING | eda.router             | [root] [M2_IN2] OCCUPY_OVERLAP cell=Cell(col=61, row=17) existing_net=M2_IN1 new_net=M2_IN2 existing_wire=U1:44 -> X_ACT:M2_IN1 new_wire=X_ACT:M2_IN2 -> T
15:45:53 | WARNING | eda.router             | [root] [M2_IN2] OCCUPY_OVERLAP cell=Cell(col=61, row=19) existing_net=BOOT0 new_net=M2_IN2 existing_wire=R2:1 -> U1:60 new_wire=X_ACT:M2_IN2 -> T
15:45:53 | WARNING | eda.router             | [root] [M2_IN2] OCCUPY_OVERLAP cell=Cell(col=59, row=19) existing_net=BOOT0 new_net=M2_IN2 existing_wire=R2:1 -> U1:60 new_wire=X_ACT:M2_IN2 -> T
15:45:53 | WARNING | eda.router             | [root] [M2_IN2] OCCUPY_OVERLAP cell=Cell(col=59, row=17) existing_net=M2_IN1 new_net=M2_IN2 existing_wire=U1:44 -> X_ACT:M2_IN1 new_wire=X_ACT:M2_IN2 -> T
15:45:53 | WARNING | eda.router             | [root] [M2_IN2] OCCUPY_OVERLAP cell=Cell(col=57, row=17) existing_net=FB_M2 new_net=M2_IN2 existing_wire=U1:23 -> X_ACT:FB_M2 new_wire=X_ACT:M2_IN2 -> T
15:45:53 | WARNING | eda.router             | [root] [M2_IN2] OCCUPY_OVERLAP cell=Cell(col=55, row=17) existing_net=FB_M1 new_net=M2_IN2 existing_wire=U1:22 -> X_ACT:FB_M1 new_wire=X_ACT:M2_IN2 -> T
15:45:53 | WARNING | eda.router             | [root] [M2_IN2] OCCUPY_OVERLAP cell=Cell(col=53, row=17) existing_net=BOOT0 new_net=M2_IN2 existing_wire=R2:1 -> U1:60 new_wire=X_ACT:M2_IN2 -> T
15:45:53 | WARNING | eda.router             | [root] [M2_IN2] OCCUPY_OVERLAP cell=Cell(col=51, row=17) existing_net=M1_IN2 new_net=M2_IN2 existing_wire=U1:43 -> X_ACT:M1_IN2 new_wire=X_ACT:M2_IN2 -> T
15:45:53 | INFO    | eda.router             | [root] [M2_IN2] [X_ACT] [M2_IN2] route left ×14, up ×2, left ×1, up ×2, right ×1, up ×6, right ×4, up ×2, right ×5, up ×3, right ×2, up ×6, right ×2, up ×6, right ×28, down ×25, right ×1, down ×6, left ×2, up ×4, left ×9
15:45:53 | INFO    | eda.router             | [root] [M2_IN2] [X_ACT] [M2_IN2] wire X_ACT:M2_IN2 -> T segments=21 cells=132
15:45:53 | INFO    | eda.router             | [root] [-] [X_ACT] [M2_IN2] t_junction recorded net=M2_IN2 target=Cell(col=50, row=17) host=U1:45 -> X_ACT:M2_IN2
15:45:53 | INFO    | eda.router             | [root] [M2_IN2] [X_ACT] [M2_IN2] ok t_junction=?
15:45:53 | DEBUG   | eda.router             | [root] [M2_IN2] rss=121.4 net_wires=2 total_wires=115
15:45:53 | DEBUG   | eda.router             | [root] [MOTOR_3_A] pins=X_PWR:MOTOR_3_A, X_ACT:MOTOR_3_A, X_PWR:MOTOR_3_A, X_ACT:MOTOR_3_A
15:45:53 | INFO    | eda.router             | [root] [MOTOR_3_A] [X_PWR] [MOTOR_3_A] connect X_PWR:MOTOR_3_A → X_ACT:MOTOR_3_A
15:45:53 | DEBUG   | eda.router             | [root] [MOTOR_3_A] bfs Cell(col=1, row=89) → Cell(col=18, row=17)
15:45:53 | DEBUG   | eda.router             | [root] [MOTOR_3_A] bfs done steps=14719 cells=116
15:45:53 | WARNING | eda.router             | [root] [MOTOR_3_A] OCCUPY_OVERLAP cell=Cell(col=2, row=89) existing_net=GND new_net=MOTOR_3_A existing_wire=X_PWR:GND -> T new_wire=X_PWR:MOTOR_3_A -> X_ACT:MOTOR_3_A
15:45:53 | WARNING | eda.router             | [root] [MOTOR_3_A] OCCUPY_OVERLAP cell=Cell(col=0, row=89) existing_net=NRST new_net=MOTOR_3_A existing_wire=U1:7 -> R1:2 new_wire=X_PWR:MOTOR_3_A -> X_ACT:MOTOR_3_A
15:45:53 | WARNING | eda.router             | [root] [MOTOR_3_A] OCCUPY_OVERLAP cell=Cell(col=-11, row=87) existing_net=MOTOR_2_B new_net=MOTOR_3_A existing_wire=X_PWR:MOTOR_2_B -> T new_wire=X_PWR:MOTOR_3_A -> X_ACT:MOTOR_3_A
15:45:53 | WARNING | eda.router             | [root] [MOTOR_3_A] OCCUPY_OVERLAP cell=Cell(col=-10, row=81) existing_net=MOTOR_2_B new_net=MOTOR_3_A existing_wire=X_PWR:MOTOR_2_B -> X_ACT:MOTOR_2_B new_wire=X_PWR:MOTOR_3_A -> X_ACT:MOTOR_3_A
15:45:53 | WARNING | eda.router             | [root] [MOTOR_3_A] OCCUPY_OVERLAP cell=Cell(col=-10, row=80) existing_net=MOTOR_2_B new_net=MOTOR_3_A existing_wire=X_PWR:MOTOR_2_B -> X_ACT:MOTOR_2_B new_wire=X_PWR:MOTOR_3_A -> X_ACT:MOTOR_3_A
15:45:53 | WARNING | eda.router             | [root] [MOTOR_3_A] OCCUPY_OVERLAP cell=Cell(col=-8, row=76) existing_net=MOTOR_2_B new_net=MOTOR_3_A existing_wire=X_PWR:MOTOR_2_B -> X_ACT:MOTOR_2_B new_wire=X_PWR:MOTOR_3_A -> X_ACT:MOTOR_3_A
15:45:53 | WARNING | eda.router             | [root] [MOTOR_3_A] OCCUPY_OVERLAP cell=Cell(col=-8, row=75) existing_net=MOTOR_2_B new_net=MOTOR_3_A existing_wire=X_PWR:MOTOR_2_B -> X_ACT:MOTOR_2_B new_wire=X_PWR:MOTOR_3_A -> X_ACT:MOTOR_3_A
15:45:53 | WARNING | eda.router             | [root] [MOTOR_3_A] OCCUPY_OVERLAP cell=Cell(col=-6, row=29) existing_net=MOTOR_2_B new_net=MOTOR_3_A existing_wire=X_PWR:MOTOR_2_B -> X_ACT:MOTOR_2_B new_wire=X_PWR:MOTOR_3_A -> X_ACT:MOTOR_3_A
15:45:53 | WARNING | eda.router             | [root] [MOTOR_3_A] OCCUPY_OVERLAP cell=Cell(col=-6, row=28) existing_net=MOTOR_2_B new_net=MOTOR_3_A existing_wire=X_PWR:MOTOR_2_B -> X_ACT:MOTOR_2_B new_wire=X_PWR:MOTOR_3_A -> X_ACT:MOTOR_3_A
15:45:53 | WARNING | eda.router             | [root] [MOTOR_3_A] OCCUPY_OVERLAP cell=Cell(col=-4, row=26) existing_net=MOTOR_2_B new_net=MOTOR_3_A existing_wire=X_PWR:MOTOR_2_B -> X_ACT:MOTOR_2_B new_wire=X_PWR:MOTOR_3_A -> X_ACT:MOTOR_3_A
15:45:53 | WARNING | eda.router             | [root] [MOTOR_3_A] OCCUPY_OVERLAP cell=Cell(col=-4, row=25) existing_net=MOTOR_2_B new_net=MOTOR_3_A existing_wire=X_PWR:MOTOR_2_B -> X_ACT:MOTOR_2_B new_wire=X_PWR:MOTOR_3_A -> X_ACT:MOTOR_3_A
15:45:53 | WARNING | eda.router             | [root] [MOTOR_3_A] OCCUPY_OVERLAP cell=Cell(col=-2, row=23) existing_net=MOTOR_2_B new_net=MOTOR_3_A existing_wire=X_PWR:MOTOR_2_B -> X_ACT:MOTOR_2_B new_wire=X_PWR:MOTOR_3_A -> X_ACT:MOTOR_3_A
15:45:53 | WARNING | eda.router             | [root] [MOTOR_3_A] OCCUPY_OVERLAP cell=Cell(col=-2, row=22) existing_net=MOTOR_2_B new_net=MOTOR_3_A existing_wire=X_PWR:MOTOR_2_B -> X_ACT:MOTOR_2_B new_wire=X_PWR:MOTOR_3_A -> X_ACT:MOTOR_3_A
15:45:53 | WARNING | eda.router             | [root] [MOTOR_3_A] OCCUPY_OVERLAP cell=Cell(col=0, row=20) existing_net=MOTOR_2_B new_net=MOTOR_3_A existing_wire=X_PWR:MOTOR_2_B -> X_ACT:MOTOR_2_B new_wire=X_PWR:MOTOR_3_A -> X_ACT:MOTOR_3_A
15:45:53 | WARNING | eda.router             | [root] [MOTOR_3_A] OCCUPY_OVERLAP cell=Cell(col=0, row=19) existing_net=MOTOR_2_B new_net=MOTOR_3_A existing_wire=X_PWR:MOTOR_2_B -> X_ACT:MOTOR_2_B new_wire=X_PWR:MOTOR_3_A -> X_ACT:MOTOR_3_A
15:45:53 | WARNING | eda.router             | [root] [MOTOR_3_A] OCCUPY_OVERLAP cell=Cell(col=2, row=17) existing_net=BOOT0 new_net=MOTOR_3_A existing_wire=R2:1 -> U1:60 new_wire=X_PWR:MOTOR_3_A -> X_ACT:MOTOR_3_A
15:45:53 | WARNING | eda.router             | [root] [MOTOR_3_A] OCCUPY_OVERLAP cell=Cell(col=32, row=17) existing_net=MOTOR_1_A new_net=MOTOR_3_A existing_wire=X_PWR:MOTOR_1_A -> X_ACT:MOTOR_1_A new_wire=X_PWR:MOTOR_3_A -> X_ACT:MOTOR_3_A
15:45:53 | WARNING | eda.router             | [root] [MOTOR_3_A] OCCUPY_OVERLAP cell=Cell(col=31, row=17) existing_net=M2_IN2 new_net=MOTOR_3_A existing_wire=X_ACT:M2_IN2 -> T new_wire=X_PWR:MOTOR_3_A -> X_ACT:MOTOR_3_A
15:45:53 | WARNING | eda.router             | [root] [MOTOR_3_A] OCCUPY_OVERLAP cell=Cell(col=30, row=17) existing_net=GND new_net=MOTOR_3_A existing_wire=X_BACKLIGHT:GND -> T new_wire=X_PWR:MOTOR_3_A -> X_ACT:MOTOR_3_A
15:45:53 | WARNING | eda.router             | [root] [MOTOR_3_A] OCCUPY_OVERLAP cell=Cell(col=29, row=17) existing_net=M2_IN2 new_net=MOTOR_3_A existing_wire=X_ACT:M2_IN2 -> T new_wire=X_PWR:MOTOR_3_A -> X_ACT:MOTOR_3_A
15:45:53 | WARNING | eda.router             | [root] [MOTOR_3_A] OCCUPY_OVERLAP cell=Cell(col=28, row=17) existing_net=NTC_HEAT_W new_net=MOTOR_3_A existing_wire=X_PWR:NTC_HEAT_W -> X_SEN_HEAT:NTC_HEAT_W new_wire=X_PWR:MOTOR_3_A -> X_ACT:MOTOR_3_A
15:45:53 | WARNING | eda.router             | [root] [MOTOR_3_A] OCCUPY_OVERLAP cell=Cell(col=27, row=17) existing_net=M2_IN2 new_net=MOTOR_3_A existing_wire=X_ACT:M2_IN2 -> T new_wire=X_PWR:MOTOR_3_A -> X_ACT:MOTOR_3_A
15:45:53 | WARNING | eda.router             | [root] [MOTOR_3_A] OCCUPY_OVERLAP cell=Cell(col=26, row=17) existing_net=MOTOR_1_B new_net=MOTOR_3_A existing_wire=X_PWR:MOTOR_1_B -> X_ACT:MOTOR_1_B new_wire=X_PWR:MOTOR_3_A -> X_ACT:MOTOR_3_A
15:45:53 | WARNING | eda.router             | [root] [MOTOR_3_A] OCCUPY_OVERLAP cell=Cell(col=25, row=17) existing_net=M2_IN2 new_net=MOTOR_3_A existing_wire=X_ACT:M2_IN2 -> T new_wire=X_PWR:MOTOR_3_A -> X_ACT:MOTOR_3_A
15:45:53 | WARNING | eda.router             | [root] [MOTOR_3_A] OCCUPY_OVERLAP cell=Cell(col=24, row=17) existing_net=MOTOR_2_A new_net=MOTOR_3_A existing_wire=X_PWR:MOTOR_2_A -> X_ACT:MOTOR_2_A new_wire=X_PWR:MOTOR_3_A -> X_ACT:MOTOR_3_A
15:45:53 | WARNING | eda.router             | [root] [MOTOR_3_A] OCCUPY_OVERLAP cell=Cell(col=23, row=17) existing_net=M2_IN2 new_net=MOTOR_3_A existing_wire=X_ACT:M2_IN2 -> T new_wire=X_PWR:MOTOR_3_A -> X_ACT:MOTOR_3_A
15:45:53 | WARNING | eda.router             | [root] [MOTOR_3_A] OCCUPY_OVERLAP cell=Cell(col=22, row=17) existing_net=MOTOR_2_B new_net=MOTOR_3_A existing_wire=X_PWR:MOTOR_2_B -> X_ACT:MOTOR_2_B new_wire=X_PWR:MOTOR_3_A -> X_ACT:MOTOR_3_A
15:45:53 | WARNING | eda.router             | [root] [MOTOR_3_A] OCCUPY_OVERLAP cell=Cell(col=21, row=17) existing_net=M2_IN2 new_net=MOTOR_3_A existing_wire=X_ACT:M2_IN2 -> T new_wire=X_PWR:MOTOR_3_A -> X_ACT:MOTOR_3_A
15:45:53 | WARNING | eda.router             | [root] [MOTOR_3_A] OCCUPY_OVERLAP cell=Cell(col=20, row=17) existing_net=M2_IN2 new_net=MOTOR_3_A existing_wire=X_ACT:M2_IN2 -> T new_wire=X_PWR:MOTOR_3_A -> X_ACT:MOTOR_3_A
15:45:53 | WARNING | eda.router             | [root] [MOTOR_3_A] OCCUPY_OVERLAP cell=Cell(col=19, row=17) existing_net=M2_IN2 new_net=MOTOR_3_A existing_wire=X_ACT:M2_IN2 -> T new_wire=X_PWR:MOTOR_3_A -> X_ACT:MOTOR_3_A
15:45:53 | INFO    | eda.router             | [root] [MOTOR_3_A] [X_PWR] [MOTOR_3_A] stub_in page=(22.86,113.03) dir=left steps=2 tip=Cell(col=1, row=89) tip_page=(1.27,113.03)
15:45:53 | INFO    | eda.router             | [root] [MOTOR_3_A] [X_PWR] [MOTOR_3_A] route left ×12, up ×2, left ×1, up ×6, right ×2, up ×5, right ×2, up ×47, right ×2, up ×3, right ×2, up ×3, right ×2, up ×3, right ×2, up ×3, right ×18
15:45:53 | INFO    | eda.router             | [root] [MOTOR_3_A] [X_PWR] [MOTOR_3_A] wire X_PWR:MOTOR_3_A -> X_ACT:MOTOR_3_A segments=17 cells=133
15:45:53 | INFO    | eda.router             | [root] [MOTOR_3_A] [X_ACT] [MOTOR_3_A] stub_out page=(60.96,21.59) dir=left steps=15 tip=Cell(col=18, row=17) tip_page=(22.86,21.59)
15:45:53 | INFO    | eda.router             | [root] [MOTOR_3_A] [X_ACT] [MOTOR_3_A] route left ×12, up ×2, left ×1, up ×6, right ×2, up ×5, right ×2, up ×47, right ×2, up ×3, right ×2, up ×3, right ×2, up ×3, right ×2, up ×3, right ×18
15:45:53 | INFO    | eda.router             | [root] [MOTOR_3_A] [X_ACT] [MOTOR_3_A] wire X_PWR:MOTOR_3_A -> X_ACT:MOTOR_3_A segments=17 cells=133
15:45:53 | INFO    | eda.router             | [root] [MOTOR_3_A] [X_PWR] [MOTOR_3_A] ok segments=17
15:45:53 | INFO    | eda.router             | [root] [MOTOR_3_A] [X_PWR] [MOTOR_3_A] t_connect
15:45:53 | DEBUG   | eda.router             | [root] [MOTOR_3_A] [X_PWR] [MOTOR_3_A] t_connect candidates=132 tries=5
15:45:53 | DEBUG   | eda.router             | [root] [MOTOR_3_A] bfs Cell(col=-12, row=89) → Cell(col=-11, row=89)
15:45:53 | DEBUG   | eda.router             | [root] [MOTOR_3_A] bfs done steps=2 cells=2
15:45:53 | INFO    | eda.router             | [root] [MOTOR_3_A] [X_PWR] [MOTOR_3_A] t_junction target=Cell(col=-11, row=89) try=1
15:45:53 | WARNING | eda.router             | [root] [MOTOR_3_A] OCCUPY_OVERLAP cell=Cell(col=2, row=89) existing_net=GND new_net=MOTOR_3_A existing_wire=X_PWR:GND -> T new_wire=X_PWR:MOTOR_3_A -> T
15:45:53 | WARNING | eda.router             | [root] [MOTOR_3_A] OCCUPY_OVERLAP cell=Cell(col=0, row=89) existing_net=NRST new_net=MOTOR_3_A existing_wire=U1:7 -> R1:2 new_wire=X_PWR:MOTOR_3_A -> T
15:45:53 | INFO    | eda.router             | [root] [MOTOR_3_A] [X_PWR] [MOTOR_3_A] stub_in page=(22.86,113.03) dir=left steps=15 tip=Cell(col=-12, row=89) tip_page=(-15.24,113.03)
15:45:53 | INFO    | eda.router             | [root] [MOTOR_3_A] [X_PWR] [MOTOR_3_A] route right ×1
15:45:53 | INFO    | eda.router             | [root] [MOTOR_3_A] [X_PWR] [MOTOR_3_A] wire X_PWR:MOTOR_3_A -> T segments=1 cells=17
15:45:53 | INFO    | eda.router             | [root] [-] [X_PWR] [MOTOR_3_A] t_junction recorded net=MOTOR_3_A target=Cell(col=-11, row=89) host=X_PWR:MOTOR_3_A -> X_ACT:MOTOR_3_A
15:45:53 | INFO    | eda.router             | [root] [MOTOR_3_A] [X_PWR] [MOTOR_3_A] ok t_junction=?
15:45:53 | INFO    | eda.router             | [root] [MOTOR_3_A] [X_ACT] [MOTOR_3_A] t_connect
15:45:53 | DEBUG   | eda.router             | [root] [MOTOR_3_A] [X_ACT] [MOTOR_3_A] t_connect candidates=134 tries=5
15:45:53 | DEBUG   | eda.router             | [root] [MOTOR_3_A] bfs Cell(col=48, row=17) → Cell(col=18, row=17)
15:45:53 | DEBUG   | eda.router             | [root] [MOTOR_3_A] bfs Cell(col=48, row=17) → Cell(col=17, row=17)
15:45:53 | DEBUG   | eda.router             | [root] [MOTOR_3_A] bfs Cell(col=48, row=17) → Cell(col=16, row=17)
15:45:53 | DEBUG   | eda.router             | [root] [MOTOR_3_A] bfs Cell(col=48, row=17) → Cell(col=15, row=17)
15:45:53 | DEBUG   | eda.router             | [root] [MOTOR_3_A] bfs Cell(col=48, row=17) → Cell(col=14, row=17)
15:45:53 | WARNING | eda.router             | [root] [MOTOR_3_A] [X_ACT] [MOTOR_3_A] fail X_ACT:MOTOR_3_A → net tries=5
15:45:53 | INFO    | eda.router             | [root] [MOTOR_3_A] [X_ACT] [MOTOR_3_A] label net=MOTOR_3_A reason=T-junction failed
15:45:53 | WARNING | eda.router             | [root] [MOTOR_3_A] fallback label_on=X_ACT:MOTOR_3_A
15:45:53 | WARNING | eda.router             | [root] [MOTOR_3_A] [X_ACT] [MOTOR_3_A] fail X_ACT:MOTOR_3_A → net
15:45:53 | DEBUG   | eda.router             | [root] [MOTOR_3_A] rss=121.4 net_wires=2 total_wires=117
15:45:53 | DEBUG   | eda.router             | [root] [MOTOR_3_B] pins=X_PWR:MOTOR_3_B, X_ACT:MOTOR_3_B, X_PWR:MOTOR_3_B, X_ACT:MOTOR_3_B
15:45:53 | INFO    | eda.router             | [root] [MOTOR_3_B] [X_PWR] [MOTOR_3_B] connect X_PWR:MOTOR_3_B → X_ACT:MOTOR_3_B
15:45:53 | DEBUG   | eda.router             | [root] [MOTOR_3_B] bfs Cell(col=1, row=91) → Cell(col=31, row=19)
15:45:54 | WARNING | eda.router             | [root] [MOTOR_3_B] [X_PWR] [MOTOR_3_B] fail X_PWR:MOTOR_3_B → X_ACT:MOTOR_3_B
15:45:54 | WARNING | eda.router             | [root] [MOTOR_3_B] [X_PWR] [MOTOR_3_B] visited=83484
15:45:54 | WARNING | eda.router             | [root] [MOTOR_3_B] frontier count=4487
15:45:54 | INFO    | eda.router             | [root] [MOTOR_3_B] [X_PWR] [MOTOR_3_B] label net=MOTOR_3_B reason=route failed
15:45:54 | INFO    | eda.router             | [root] [MOTOR_3_B] [X_ACT] [MOTOR_3_B] label net=MOTOR_3_B reason=route failed
15:45:54 | WARNING | eda.router             | [root] [MOTOR_3_B] fallback labels_on=X_PWR:MOTOR_3_B,X_ACT:MOTOR_3_B
15:45:54 | WARNING | eda.router             | [root] [MOTOR_3_B] [X_PWR] [MOTOR_3_B] fail X_PWR:MOTOR_3_B → X_ACT:MOTOR_3_B
15:45:54 | DEBUG   | eda.router             | [root] [MOTOR_3_B] rss=121.4 net_wires=0 total_wires=117
15:45:54 | DEBUG   | eda.router             | [root] [FB_M3_RAW] pins=X_PWR:FB_M3_RAW, X_ACT:FB_M3_RAW, X_PWR:FB_M3_RAW, X_ACT:FB_M3_RAW
15:45:54 | INFO    | eda.router             | [root] [FB_M3_RAW] [X_PWR] [FB_M3_RAW] connect X_PWR:FB_M3_RAW → X_ACT:FB_M3_RAW
15:45:54 | DEBUG   | eda.router             | [root] [FB_M3_RAW] bfs Cell(col=20, row=93) → Cell(col=50, row=19)
15:45:54 | WARNING | eda.router             | [root] [FB_M3_RAW] [X_PWR] [FB_M3_RAW] fail X_PWR:FB_M3_RAW → X_ACT:FB_M3_RAW
15:45:54 | WARNING | eda.router             | [root] [FB_M3_RAW] [X_PWR] [FB_M3_RAW] visited=249
15:45:54 | WARNING | eda.router             | [root] [FB_M3_RAW] frontier count=94
15:45:54 | INFO    | eda.router             | [root] [FB_M3_RAW] [X_PWR] [FB_M3_RAW] label net=FB_M3_RAW reason=route failed
15:45:54 | INFO    | eda.router             | [root] [FB_M3_RAW] [X_ACT] [FB_M3_RAW] label net=FB_M3_RAW reason=route failed
15:45:54 | WARNING | eda.router             | [root] [FB_M3_RAW] fallback labels_on=X_PWR:FB_M3_RAW,X_ACT:FB_M3_RAW
15:45:54 | WARNING | eda.router             | [root] [FB_M3_RAW] [X_PWR] [FB_M3_RAW] fail X_PWR:FB_M3_RAW → X_ACT:FB_M3_RAW
15:45:54 | DEBUG   | eda.router             | [root] [FB_M3_RAW] rss=121.4 net_wires=0 total_wires=117
15:45:54 | DEBUG   | eda.router             | [root] [FB_M3] pins=U1:26, X_ACT:FB_M3, X_ACT:FB_M3
15:45:54 | INFO    | eda.router             | [root] [FB_M3] [U1] [26] connect U1:26 → X_ACT:FB_M3
15:45:54 | DEBUG   | eda.router             | [root] [FB_M3] bfs Cell(col=56, row=105) → Cell(col=31, row=21)
15:45:54 | WARNING | eda.router             | [root] [FB_M3] [U1] [26] fail U1:26 → X_ACT:FB_M3
15:45:54 | WARNING | eda.router             | [root] [FB_M3] [U1] [26] visited=21
15:45:54 | WARNING | eda.router             | [root] [FB_M3] frontier count=16
15:45:54 | INFO    | eda.router             | [root] [FB_M3] [U1] [26] label net=FB_M3 reason=route failed
15:45:54 | INFO    | eda.router             | [root] [FB_M3] [X_ACT] [FB_M3] label net=FB_M3 reason=route failed
15:45:54 | WARNING | eda.router             | [root] [FB_M3] fallback labels_on=U1:26,X_ACT:FB_M3
15:45:54 | WARNING | eda.router             | [root] [FB_M3] [U1] [26] fail U1:26 → X_ACT:FB_M3
15:45:54 | DEBUG   | eda.router             | [root] [FB_M3] rss=121.4 net_wires=0 total_wires=117
15:45:54 | DEBUG   | eda.router             | [root] [M3_IN1] pins=U1:57, X_ACT:M3_IN1, X_ACT:M3_IN1
15:45:54 | INFO    | eda.router             | [root] [M3_IN1] [U1] [57] connect U1:57 → X_ACT:M3_IN1
15:45:54 | DEBUG   | eda.router             | [root] [M3_IN1] bfs Cell(col=57, row=115) → Cell(col=50, row=21)
15:45:55 | WARNING | eda.router             | [root] [M3_IN1] [U1] [57] fail U1:57 → X_ACT:M3_IN1
15:45:55 | WARNING | eda.router             | [root] [M3_IN1] [U1] [57] visited=83485
15:45:55 | WARNING | eda.router             | [root] [M3_IN1] frontier count=4490
15:45:55 | INFO    | eda.router             | [root] [M3_IN1] [U1] [57] label net=M3_IN1 reason=route failed
15:45:55 | INFO    | eda.router             | [root] [M3_IN1] [X_ACT] [M3_IN1] label net=M3_IN1 reason=route failed
15:45:55 | WARNING | eda.router             | [root] [M3_IN1] fallback labels_on=U1:57,X_ACT:M3_IN1
15:45:55 | WARNING | eda.router             | [root] [M3_IN1] [U1] [57] fail U1:57 → X_ACT:M3_IN1
15:45:55 | DEBUG   | eda.router             | [root] [M3_IN1] rss=121.4 net_wires=0 total_wires=117
15:45:55 | DEBUG   | eda.router             | [root] [M3_IN2] pins=U1:58, X_ACT:M3_IN2, X_ACT:M3_IN2
15:45:55 | INFO    | eda.router             | [root] [M3_IN2] [U1] [58] connect U1:58 → X_ACT:M3_IN2
15:45:55 | DEBUG   | eda.router             | [root] [M3_IN2] bfs Cell(col=57, row=117) → Cell(col=50, row=23)
15:45:56 | WARNING | eda.router             | [root] [M3_IN2] [U1] [58] fail U1:58 → X_ACT:M3_IN2
15:45:56 | WARNING | eda.router             | [root] [M3_IN2] [U1] [58] visited=83485
15:45:56 | WARNING | eda.router             | [root] [M3_IN2] frontier count=4490
15:45:56 | INFO    | eda.router             | [root] [M3_IN2] [U1] [58] label net=M3_IN2 reason=route failed
15:45:56 | INFO    | eda.router             | [root] [M3_IN2] [X_ACT] [M3_IN2] label net=M3_IN2 reason=route failed
15:45:56 | WARNING | eda.router             | [root] [M3_IN2] fallback labels_on=U1:58,X_ACT:M3_IN2
15:45:56 | WARNING | eda.router             | [root] [M3_IN2] [U1] [58] fail U1:58 → X_ACT:M3_IN2
15:45:56 | DEBUG   | eda.router             | [root] [M3_IN2] rss=121.4 net_wires=0 total_wires=117
15:45:56 | DEBUG   | eda.router             | [root] [MOTOR_4_A] pins=X_PWR:MOTOR_4_A, X_ACT:MOTOR_4_A, X_PWR:MOTOR_4_A, X_ACT:MOTOR_4_A
15:45:56 | INFO    | eda.router             | [root] [MOTOR_4_A] [X_PWR] [MOTOR_4_A] connect X_PWR:MOTOR_4_A → X_ACT:MOTOR_4_A
15:45:56 | DEBUG   | eda.router             | [root] [MOTOR_4_A] bfs Cell(col=1, row=93) → Cell(col=31, row=23)
15:45:57 | WARNING | eda.router             | [root] [MOTOR_4_A] [X_PWR] [MOTOR_4_A] fail X_PWR:MOTOR_4_A → X_ACT:MOTOR_4_A
15:45:57 | WARNING | eda.router             | [root] [MOTOR_4_A] [X_PWR] [MOTOR_4_A] visited=83484
15:45:57 | WARNING | eda.router             | [root] [MOTOR_4_A] frontier count=4486
15:45:58 | INFO    | eda.router             | [root] [MOTOR_4_A] [X_PWR] [MOTOR_4_A] label net=MOTOR_4_A reason=route failed
15:45:58 | INFO    | eda.router             | [root] [MOTOR_4_A] [X_ACT] [MOTOR_4_A] label net=MOTOR_4_A reason=route failed
15:45:58 | WARNING | eda.router             | [root] [MOTOR_4_A] fallback labels_on=X_PWR:MOTOR_4_A,X_ACT:MOTOR_4_A
15:45:58 | WARNING | eda.router             | [root] [MOTOR_4_A] [X_PWR] [MOTOR_4_A] fail X_PWR:MOTOR_4_A → X_ACT:MOTOR_4_A
15:45:58 | DEBUG   | eda.router             | [root] [MOTOR_4_A] rss=121.4 net_wires=0 total_wires=117
15:45:58 | DEBUG   | eda.router             | [root] [MOTOR_4_B] pins=X_PWR:MOTOR_4_B, X_ACT:MOTOR_4_B, X_PWR:MOTOR_4_B, X_ACT:MOTOR_4_B
15:45:58 | INFO    | eda.router             | [root] [MOTOR_4_B] [X_PWR] [MOTOR_4_B] connect X_PWR:MOTOR_4_B → X_ACT:MOTOR_4_B
15:45:58 | DEBUG   | eda.router             | [root] [MOTOR_4_B] bfs Cell(col=1, row=95) → Cell(col=31, row=25)
15:45:59 | WARNING | eda.router             | [root] [MOTOR_4_B] [X_PWR] [MOTOR_4_B] fail X_PWR:MOTOR_4_B → X_ACT:MOTOR_4_B
15:45:59 | WARNING | eda.router             | [root] [MOTOR_4_B] [X_PWR] [MOTOR_4_B] visited=83484
15:45:59 | WARNING | eda.router             | [root] [MOTOR_4_B] frontier count=4488
15:45:59 | INFO    | eda.router             | [root] [MOTOR_4_B] [X_PWR] [MOTOR_4_B] label net=MOTOR_4_B reason=route failed
15:45:59 | INFO    | eda.router             | [root] [MOTOR_4_B] [X_ACT] [MOTOR_4_B] label net=MOTOR_4_B reason=route failed
15:45:59 | WARNING | eda.router             | [root] [MOTOR_4_B] fallback labels_on=X_PWR:MOTOR_4_B,X_ACT:MOTOR_4_B
15:45:59 | WARNING | eda.router             | [root] [MOTOR_4_B] [X_PWR] [MOTOR_4_B] fail X_PWR:MOTOR_4_B → X_ACT:MOTOR_4_B
15:45:59 | DEBUG   | eda.router             | [root] [MOTOR_4_B] rss=121.4 net_wires=0 total_wires=117
15:45:59 | DEBUG   | eda.router             | [root] [FB_M4_RAW] pins=X_PWR:FB_M4_RAW, X_ACT:FB_M4_RAW, X_PWR:FB_M4_RAW, X_ACT:FB_M4_RAW
15:45:59 | INFO    | eda.router             | [root] [FB_M4_RAW] [X_PWR] [FB_M4_RAW] connect X_PWR:FB_M4_RAW → X_ACT:FB_M4_RAW
15:45:59 | DEBUG   | eda.router             | [root] [FB_M4_RAW] bfs Cell(col=20, row=95) → Cell(col=50, row=25)
15:45:59 | WARNING | eda.router             | [root] [FB_M4_RAW] [X_PWR] [FB_M4_RAW] fail X_PWR:FB_M4_RAW → X_ACT:FB_M4_RAW
15:45:59 | WARNING | eda.router             | [root] [FB_M4_RAW] [X_PWR] [FB_M4_RAW] visited=249
15:45:59 | WARNING | eda.router             | [root] [FB_M4_RAW] frontier count=94
15:45:59 | INFO    | eda.router             | [root] [FB_M4_RAW] [X_PWR] [FB_M4_RAW] label net=FB_M4_RAW reason=route failed
15:45:59 | INFO    | eda.router             | [root] [FB_M4_RAW] [X_ACT] [FB_M4_RAW] label net=FB_M4_RAW reason=route failed
15:45:59 | WARNING | eda.router             | [root] [FB_M4_RAW] fallback labels_on=X_PWR:FB_M4_RAW,X_ACT:FB_M4_RAW
15:45:59 | WARNING | eda.router             | [root] [FB_M4_RAW] [X_PWR] [FB_M4_RAW] fail X_PWR:FB_M4_RAW → X_ACT:FB_M4_RAW
15:45:59 | DEBUG   | eda.router             | [root] [FB_M4_RAW] rss=121.4 net_wires=0 total_wires=117
15:45:59 | DEBUG   | eda.router             | [root] [FB_M4] pins=U1:27, X_ACT:FB_M4, X_ACT:FB_M4
15:45:59 | INFO    | eda.router             | [root] [FB_M4] [U1] [27] connect U1:27 → X_ACT:FB_M4
15:45:59 | DEBUG   | eda.router             | [root] [FB_M4] bfs Cell(col=57, row=107) → Cell(col=31, row=27)
15:45:59 | WARNING | eda.router             | [root] [FB_M4] [U1] [27] fail U1:27 → X_ACT:FB_M4
15:45:59 | WARNING | eda.router             | [root] [FB_M4] [U1] [27] visited=23
15:45:59 | WARNING | eda.router             | [root] [FB_M4] frontier count=19
15:45:59 | INFO    | eda.router             | [root] [FB_M4] [U1] [27] label net=FB_M4 reason=route failed
15:45:59 | INFO    | eda.router             | [root] [FB_M4] [X_ACT] [FB_M4] label net=FB_M4 reason=route failed
15:45:59 | WARNING | eda.router             | [root] [FB_M4] fallback labels_on=U1:27,X_ACT:FB_M4
15:45:59 | WARNING | eda.router             | [root] [FB_M4] [U1] [27] fail U1:27 → X_ACT:FB_M4
15:45:59 | DEBUG   | eda.router             | [root] [FB_M4] rss=121.4 net_wires=0 total_wires=117
15:45:59 | DEBUG   | eda.router             | [root] [M4_IN1] pins=U1:59, X_ACT:M4_IN1, X_ACT:M4_IN1
15:45:59 | INFO    | eda.router             | [root] [M4_IN1] [U1] [59] connect U1:59 → X_ACT:M4_IN1
15:45:59 | DEBUG   | eda.router             | [root] [M4_IN1] bfs Cell(col=57, row=119) → Cell(col=50, row=27)
15:46:00 | WARNING | eda.router             | [root] [M4_IN1] [U1] [59] fail U1:59 → X_ACT:M4_IN1
15:46:00 | WARNING | eda.router             | [root] [M4_IN1] [U1] [59] visited=83485
15:46:00 | WARNING | eda.router             | [root] [M4_IN1] frontier count=4490
15:46:00 | INFO    | eda.router             | [root] [M4_IN1] [U1] [59] label net=M4_IN1 reason=route failed
15:46:00 | INFO    | eda.router             | [root] [M4_IN1] [X_ACT] [M4_IN1] label net=M4_IN1 reason=route failed
15:46:00 | WARNING | eda.router             | [root] [M4_IN1] fallback labels_on=U1:59,X_ACT:M4_IN1
15:46:00 | WARNING | eda.router             | [root] [M4_IN1] [U1] [59] fail U1:59 → X_ACT:M4_IN1
15:46:00 | DEBUG   | eda.router             | [root] [M4_IN1] rss=121.4 net_wires=0 total_wires=117
15:46:00 | DEBUG   | eda.router             | [root] [M4_IN2] pins=U1:2, X_ACT:M4_IN2, X_ACT:M4_IN2
15:46:00 | INFO    | eda.router             | [root] [M4_IN2] [U1] [2] connect U1:2 → X_ACT:M4_IN2
15:46:00 | DEBUG   | eda.router             | [root] [M4_IN2] bfs Cell(col=25, row=113) → Cell(col=50, row=29)
15:46:00 | WARNING | eda.router             | [root] [M4_IN2] [U1] [2] fail U1:2 → X_ACT:M4_IN2
15:46:00 | WARNING | eda.router             | [root] [M4_IN2] [U1] [2] visited=250
15:46:00 | WARNING | eda.router             | [root] [M4_IN2] frontier count=93
15:46:00 | INFO    | eda.router             | [root] [M4_IN2] [U1] [2] label net=M4_IN2 reason=route failed
15:46:00 | INFO    | eda.router             | [root] [M4_IN2] [X_ACT] [M4_IN2] label net=M4_IN2 reason=route failed
15:46:00 | WARNING | eda.router             | [root] [M4_IN2] fallback labels_on=U1:2,X_ACT:M4_IN2
15:46:00 | WARNING | eda.router             | [root] [M4_IN2] [U1] [2] fail U1:2 → X_ACT:M4_IN2
15:46:00 | DEBUG   | eda.router             | [root] [M4_IN2] rss=121.4 net_wires=0 total_wires=117
15:46:00 | DEBUG   | eda.router             | [root] [FAN_PWM_CTL] pins=U1:41, X_OUT:FAN_PWM_CTL, X_OUT:FAN_PWM_CTL
15:46:00 | INFO    | eda.router             | [root] [FAN_PWM_CTL] [U1] [41] connect U1:41 → X_OUT:FAN_PWM_CTL
15:46:00 | DEBUG   | eda.router             | [root] [FAN_PWM_CTL] bfs Cell(col=56, row=87) → Cell(col=80, row=28)
15:46:00 | DEBUG   | eda.router             | [root] [FAN_PWM_CTL] bfs done steps=5802 cells=86
15:46:00 | WARNING | eda.router             | [root] [FAN_PWM_CTL] OCCUPY_OVERLAP cell=Cell(col=58, row=87) existing_net=M1_IN1 new_net=FAN_PWM_CTL existing_wire=U1:42 -> X_ACT:M1_IN1 new_wire=U1:41 -> X_OUT:FAN_PWM_CTL
15:46:00 | WARNING | eda.router             | [root] [FAN_PWM_CTL] OCCUPY_OVERLAP cell=Cell(col=60, row=87) existing_net=LED_FACE_DRV new_net=FAN_PWM_CTL existing_wire=X_UI:LED_FACE_DRV -> U1:55 new_wire=U1:41 -> X_OUT:FAN_PWM_CTL
15:46:00 | WARNING | eda.router             | [root] [FAN_PWM_CTL] OCCUPY_OVERLAP cell=Cell(col=62, row=87) existing_net=LED_DRY_GLASS_DRV new_net=FAN_PWM_CTL existing_wire=X_UI:LED_DRY_GLASS_DRV -> U1:3 new_wire=U1:41 -> X_OUT:FAN_PWM_CTL
15:46:00 | WARNING | eda.router             | [root] [FAN_PWM_CTL] OCCUPY_OVERLAP cell=Cell(col=64, row=87) existing_net=LED_AC_DRV new_net=FAN_PWM_CTL existing_wire=X_UI:LED_AC_DRV -> U1:4 new_wire=U1:41 -> X_OUT:FAN_PWM_CTL
15:46:00 | WARNING | eda.router             | [root] [FAN_PWM_CTL] OCCUPY_OVERLAP cell=Cell(col=66, row=87) existing_net=M1_IN2 new_net=FAN_PWM_CTL existing_wire=U1:43 -> X_ACT:M1_IN2 new_wire=U1:41 -> X_OUT:FAN_PWM_CTL
15:46:00 | WARNING | eda.router             | [root] [FAN_PWM_CTL] OCCUPY_OVERLAP cell=Cell(col=81, row=79) existing_net=SOLAR_ADC new_net=FAN_PWM_CTL existing_wire=U1:20 -> X_SEN_SOLAR:SOLAR_ADC new_wire=U1:41 -> X_OUT:FAN_PWM_CTL
15:46:00 | WARNING | eda.router             | [root] [FAN_PWM_CTL] OCCUPY_OVERLAP cell=Cell(col=81, row=75) existing_net=NTC_CABIN new_net=FAN_PWM_CTL existing_wire=U1:16 -> X_UI:NTC_CABIN new_wire=U1:41 -> X_OUT:FAN_PWM_CTL
15:46:00 | WARNING | eda.router             | [root] [FAN_PWM_CTL] OCCUPY_OVERLAP cell=Cell(col=81, row=73) existing_net=FAN_SEL_ADC new_net=FAN_PWM_CTL existing_wire=U1:15 -> X_UI:FAN_SEL_ADC new_wire=U1:41 -> X_OUT:FAN_PWM_CTL
15:46:00 | WARNING | eda.router             | [root] [FAN_PWM_CTL] OCCUPY_OVERLAP cell=Cell(col=81, row=71) existing_net=TEMP_SET_ADC new_net=FAN_PWM_CTL existing_wire=U1:14 -> X_UI:TEMP_SET_ADC new_wire=U1:41 -> X_OUT:FAN_PWM_CTL
15:46:00 | WARNING | eda.router             | [root] [FAN_PWM_CTL] OCCUPY_OVERLAP cell=Cell(col=81, row=64) existing_net=VCC_12V new_net=FAN_PWM_CTL existing_wire=X_PWR:VCC_12V -> X_SEN_CABIN:VCC_12V new_wire=U1:41 -> X_OUT:FAN_PWM_CTL
15:46:00 | WARNING | eda.router             | [root] [FAN_PWM_CTL] OCCUPY_OVERLAP cell=Cell(col=81, row=62) existing_net=VCC_3V3 new_net=FAN_PWM_CTL existing_wire=U1:48 -> T new_wire=U1:41 -> X_OUT:FAN_PWM_CTL
15:46:00 | WARNING | eda.router             | [root] [FAN_PWM_CTL] OCCUPY_OVERLAP cell=Cell(col=81, row=60) existing_net=VDDA_3V3 new_net=FAN_PWM_CTL existing_wire=U1:13 -> T new_wire=U1:41 -> X_OUT:FAN_PWM_CTL
15:46:00 | WARNING | eda.router             | [root] [FAN_PWM_CTL] OCCUPY_OVERLAP cell=Cell(col=81, row=44) existing_net=LED_AC_DRV new_net=FAN_PWM_CTL existing_wire=X_UI:LED_AC_DRV -> U1:4 new_wire=U1:41 -> X_OUT:FAN_PWM_CTL
15:46:00 | WARNING | eda.router             | [root] [FAN_PWM_CTL] OCCUPY_OVERLAP cell=Cell(col=81, row=42) existing_net=LED_DRY_GLASS_DRV new_net=FAN_PWM_CTL existing_wire=X_UI:LED_DRY_GLASS_DRV -> U1:3 new_wire=U1:41 -> X_OUT:FAN_PWM_CTL
15:46:00 | WARNING | eda.router             | [root] [FAN_PWM_CTL] OCCUPY_OVERLAP cell=Cell(col=81, row=40) existing_net=LED_FACE_DRV new_net=FAN_PWM_CTL existing_wire=X_UI:LED_FACE_DRV -> U1:55 new_wire=U1:41 -> X_OUT:FAN_PWM_CTL
15:46:00 | WARNING | eda.router             | [root] [FAN_PWM_CTL] OCCUPY_OVERLAP cell=Cell(col=81, row=38) existing_net=VCC_5V new_net=FAN_PWM_CTL existing_wire=X_CAN:VCC_5V -> X_PWR:VCC_5V new_wire=U1:41 -> X_OUT:FAN_PWM_CTL
15:46:00 | WARNING | eda.router             | [root] [FAN_PWM_CTL] OCCUPY_OVERLAP cell=Cell(col=79, row=28) existing_net=VCC_12V new_net=FAN_PWM_CTL existing_wire=X_OUT:VCC_12V -> T new_wire=U1:41 -> X_OUT:FAN_PWM_CTL
15:46:00 | INFO    | eda.router             | [root] [FAN_PWM_CTL] [U1] [41] stub_in page=(69.85,110.49) dir=right steps=1 tip=Cell(col=56, row=87) tip_page=(71.12,110.49)
15:46:00 | INFO    | eda.router             | [root] [FAN_PWM_CTL] [U1] [41] route right ×25, up ×59, left ×1
15:46:00 | INFO    | eda.router             | [root] [FAN_PWM_CTL] [U1] [41] wire U1:41 -> X_OUT:FAN_PWM_CTL segments=3 cells=89
15:46:00 | INFO    | eda.router             | [root] [FAN_PWM_CTL] [X_OUT] [FAN_PWM_CTL] stub_out page=(80.01,35.56) dir=right steps=2 tip=Cell(col=80, row=28) tip_page=(101.60,35.56)
15:46:00 | INFO    | eda.router             | [root] [FAN_PWM_CTL] [X_OUT] [FAN_PWM_CTL] route right ×25, up ×59, left ×1
15:46:00 | INFO    | eda.router             | [root] [FAN_PWM_CTL] [X_OUT] [FAN_PWM_CTL] wire U1:41 -> X_OUT:FAN_PWM_CTL segments=3 cells=89
15:46:00 | INFO    | eda.router             | [root] [FAN_PWM_CTL] [U1] [41] ok segments=3
15:46:00 | INFO    | eda.router             | [root] [FAN_PWM_CTL] [X_OUT] [FAN_PWM_CTL] t_connect
15:46:00 | DEBUG   | eda.router             | [root] [FAN_PWM_CTL] [X_OUT] [FAN_PWM_CTL] t_connect candidates=88 tries=5
15:46:00 | DEBUG   | eda.router             | [root] [FAN_PWM_CTL] bfs Cell(col=82, row=28) → Cell(col=81, row=28)
15:46:00 | DEBUG   | eda.router             | [root] [FAN_PWM_CTL] bfs done steps=3 cells=2
15:46:00 | INFO    | eda.router             | [root] [FAN_PWM_CTL] [X_OUT] [FAN_PWM_CTL] t_junction target=Cell(col=81, row=28) try=1
15:46:00 | WARNING | eda.router             | [root] [FAN_PWM_CTL] OCCUPY_OVERLAP cell=Cell(col=79, row=28) existing_net=VCC_12V new_net=FAN_PWM_CTL existing_wire=X_OUT:VCC_12V -> T new_wire=X_OUT:FAN_PWM_CTL -> T
15:46:00 | INFO    | eda.router             | [root] [FAN_PWM_CTL] [X_OUT] [FAN_PWM_CTL] stub_in page=(80.01,35.56) dir=right steps=4 tip=Cell(col=82, row=28) tip_page=(104.14,35.56)
15:46:00 | INFO    | eda.router             | [root] [FAN_PWM_CTL] [X_OUT] [FAN_PWM_CTL] route left ×1
15:46:00 | INFO    | eda.router             | [root] [FAN_PWM_CTL] [X_OUT] [FAN_PWM_CTL] wire X_OUT:FAN_PWM_CTL -> T segments=1 cells=6
15:46:00 | INFO    | eda.router             | [root] [-] [X_OUT] [FAN_PWM_CTL] t_junction recorded net=FAN_PWM_CTL target=Cell(col=81, row=28) host=U1:41 -> X_OUT:FAN_PWM_CTL
15:46:00 | INFO    | eda.router             | [root] [FAN_PWM_CTL] [X_OUT] [FAN_PWM_CTL] ok t_junction=?
15:46:00 | DEBUG   | eda.router             | [root] [FAN_PWM_CTL] rss=121.4 net_wires=2 total_wires=119
15:46:00 | DEBUG   | eda.router             | [root] [HEAT_FAN_PWM_CTL] pins=X_PWR:HEAT_FAN_PWM_CTL, X_OUT:HEAT_FAN_PWM_CTL, X_PWR:HEAT_FAN_PWM_CTL, X_OUT:HEAT_FAN_PWM_CTL
15:46:00 | INFO    | eda.router             | [root] [HEAT_FAN_PWM_CTL] [X_PWR] [HEAT_FAN_PWM_CTL] connect X_PWR:HEAT_FAN_PWM_CTL → X_OUT:HEAT_FAN_PWM_CTL
15:46:00 | DEBUG   | eda.router             | [root] [HEAT_FAN_PWM_CTL] bfs Cell(col=1, row=101) → Cell(col=61, row=24)
15:46:01 | WARNING | eda.router             | [root] [HEAT_FAN_PWM_CTL] [X_PWR] [HEAT_FAN_PWM_CTL] fail X_PWR:HEAT_FAN_PWM_CTL → X_OUT:HEAT_FAN_PWM_CTL
15:46:01 | WARNING | eda.router             | [root] [HEAT_FAN_PWM_CTL] [X_PWR] [HEAT_FAN_PWM_CTL] visited=83386
15:46:01 | WARNING | eda.router             | [root] [HEAT_FAN_PWM_CTL] frontier count=4513
15:46:01 | INFO    | eda.router             | [root] [HEAT_FAN_PWM_CTL] [X_PWR] [HEAT_FAN_PWM_CTL] label net=HEAT_FAN_PWM_CTL reason=route failed
15:46:01 | INFO    | eda.router             | [root] [HEAT_FAN_PWM_CTL] [X_OUT] [HEAT_FAN_PWM_CTL] label net=HEAT_FAN_PWM_CTL reason=route failed
15:46:01 | WARNING | eda.router             | [root] [HEAT_FAN_PWM_CTL] fallback labels_on=X_PWR:HEAT_FAN_PWM_CTL,X_OUT:HEAT_FAN_PWM_CTL
15:46:01 | WARNING | eda.router             | [root] [HEAT_FAN_PWM_CTL] [X_PWR] [HEAT_FAN_PWM_CTL] fail X_PWR:HEAT_FAN_PWM_CTL → X_OUT:HEAT_FAN_PWM_CTL
15:46:01 | DEBUG   | eda.router             | [root] [HEAT_FAN_PWM_CTL] rss=121.4 net_wires=0 total_wires=119
15:46:01 | DEBUG   | eda.router             | [root] [M_FAN_CTL] pins=U1:11, X_SEN_CABIN:M_FAN_CTL, X_SEN_CABIN:M_FAN_CTL
15:46:01 | INFO    | eda.router             | [root] [M_FAN_CTL] [U1] [11] connect U1:11 → X_SEN_CABIN:M_FAN_CTL
15:46:01 | DEBUG   | eda.router             | [root] [M_FAN_CTL] bfs Cell(col=25, row=93) → Cell(col=152, row=32)
15:46:01 | WARNING | eda.router             | [root] [M_FAN_CTL] [U1] [11] fail U1:11 → X_SEN_CABIN:M_FAN_CTL
15:46:01 | WARNING | eda.router             | [root] [M_FAN_CTL] [U1] [11] visited=250
15:46:01 | WARNING | eda.router             | [root] [M_FAN_CTL] frontier count=93
15:46:01 | INFO    | eda.router             | [root] [M_FAN_CTL] [U1] [11] label net=M_FAN_CTL reason=route failed
15:46:01 | INFO    | eda.router             | [root] [M_FAN_CTL] [X_SEN_CABIN] [M_FAN_CTL] label net=M_FAN_CTL reason=route failed
15:46:01 | WARNING | eda.router             | [root] [M_FAN_CTL] fallback labels_on=U1:11,X_SEN_CABIN:M_FAN_CTL
15:46:01 | WARNING | eda.router             | [root] [M_FAN_CTL] [U1] [11] fail U1:11 → X_SEN_CABIN:M_FAN_CTL
15:46:01 | DEBUG   | eda.router             | [root] [M_FAN_CTL] rss=121.4 net_wires=0 total_wires=119
15:46:01 | DEBUG   | eda.router             | [root] [AC_CTL] pins=U1:28, X_OUT:AC_CTL, X_OUT:AC_CTL
15:46:01 | INFO    | eda.router             | [root] [AC_CTL] [U1] [28] connect U1:28 → X_OUT:AC_CTL
15:46:01 | DEBUG   | eda.router             | [root] [AC_CTL] bfs Cell(col=57, row=109) → Cell(col=80, row=30)
15:46:01 | WARNING | eda.router             | [root] [AC_CTL] [U1] [28] fail U1:28 → X_OUT:AC_CTL
15:46:01 | WARNING | eda.router             | [root] [AC_CTL] [U1] [28] visited=24
15:46:01 | WARNING | eda.router             | [root] [AC_CTL] frontier count=19
15:46:01 | INFO    | eda.router             | [root] [AC_CTL] [U1] [28] label net=AC_CTL reason=route failed
15:46:01 | INFO    | eda.router             | [root] [AC_CTL] [X_OUT] [AC_CTL] label net=AC_CTL reason=route failed
15:46:01 | WARNING | eda.router             | [root] [AC_CTL] fallback labels_on=U1:28,X_OUT:AC_CTL
15:46:01 | WARNING | eda.router             | [root] [AC_CTL] [U1] [28] fail U1:28 → X_OUT:AC_CTL
15:46:01 | DEBUG   | eda.router             | [root] [AC_CTL] rss=121.4 net_wires=0 total_wires=119
15:46:01 | DEBUG   | eda.router             | [root] [AC_REQ_OUT] pins=X_PWR:AC_REQ_OUT, X_OUT:AC_REQ_OUT, X_PWR:AC_REQ_OUT, X_OUT:AC_REQ_OUT
15:46:01 | INFO    | eda.router             | [root] [AC_REQ_OUT] [X_PWR] [AC_REQ_OUT] connect X_PWR:AC_REQ_OUT → X_OUT:AC_REQ_OUT
15:46:01 | DEBUG   | eda.router             | [root] [AC_REQ_OUT] bfs Cell(col=20, row=97) → Cell(col=80, row=32)
15:46:01 | WARNING | eda.router             | [root] [AC_REQ_OUT] [X_PWR] [AC_REQ_OUT] fail X_PWR:AC_REQ_OUT → X_OUT:AC_REQ_OUT
15:46:01 | WARNING | eda.router             | [root] [AC_REQ_OUT] [X_PWR] [AC_REQ_OUT] visited=249
15:46:01 | WARNING | eda.router             | [root] [AC_REQ_OUT] frontier count=94
15:46:01 | INFO    | eda.router             | [root] [AC_REQ_OUT] [X_PWR] [AC_REQ_OUT] label net=AC_REQ_OUT reason=route failed
15:46:01 | INFO    | eda.router             | [root] [AC_REQ_OUT] [X_OUT] [AC_REQ_OUT] label net=AC_REQ_OUT reason=route failed
15:46:01 | WARNING | eda.router             | [root] [AC_REQ_OUT] fallback labels_on=X_PWR:AC_REQ_OUT,X_OUT:AC_REQ_OUT
15:46:01 | WARNING | eda.router             | [root] [AC_REQ_OUT] [X_PWR] [AC_REQ_OUT] fail X_PWR:AC_REQ_OUT → X_OUT:AC_REQ_OUT
15:46:01 | DEBUG   | eda.router             | [root] [AC_REQ_OUT] rss=121.4 net_wires=0 total_wires=119
15:46:01 | DEBUG   | eda.router             | [root] [ILLUM_IN_RAW] pins=X_PWR:ILLUM_IN_RAW, X_UI:ILLUM_IN_RAW, X_BACKLIGHT:ILLUM_IN_RAW, X_PWR:ILLUM_IN_RAW, X_UI:ILLUM_IN_RAW, X_BACKLIGHT:ILLUM_IN_RAW
15:46:01 | INFO    | eda.router             | [root] [ILLUM_IN_RAW] [X_PWR] [ILLUM_IN_RAW] connect X_PWR:ILLUM_IN_RAW → X_UI:ILLUM_IN_RAW
15:46:01 | DEBUG   | eda.router             | [root] [ILLUM_IN_RAW] bfs Cell(col=20, row=99) → Cell(col=252, row=17)
15:46:01 | WARNING | eda.router             | [root] [ILLUM_IN_RAW] [X_PWR] [ILLUM_IN_RAW] fail X_PWR:ILLUM_IN_RAW → X_UI:ILLUM_IN_RAW
15:46:01 | WARNING | eda.router             | [root] [ILLUM_IN_RAW] [X_PWR] [ILLUM_IN_RAW] visited=249
15:46:01 | WARNING | eda.router             | [root] [ILLUM_IN_RAW] frontier count=94
15:46:01 | INFO    | eda.router             | [root] [ILLUM_IN_RAW] [X_PWR] [ILLUM_IN_RAW] label net=ILLUM_IN_RAW reason=route failed
15:46:01 | INFO    | eda.router             | [root] [ILLUM_IN_RAW] [X_UI] [ILLUM_IN_RAW] label net=ILLUM_IN_RAW reason=route failed
15:46:01 | WARNING | eda.router             | [root] [ILLUM_IN_RAW] fallback labels_on=X_PWR:ILLUM_IN_RAW,X_UI:ILLUM_IN_RAW
15:46:01 | WARNING | eda.router             | [root] [ILLUM_IN_RAW] [X_PWR] [ILLUM_IN_RAW] fail X_PWR:ILLUM_IN_RAW → X_UI:ILLUM_IN_RAW
15:46:01 | DEBUG   | eda.router             | [root] [ILLUM_IN_RAW] rss=121.4 net_wires=0 total_wires=119
15:46:01 | DEBUG   | eda.router             | [root] [ILLUM_SENSE] pins=U1:8, X_UI:ILLUM_SENSE, X_UI:ILLUM_SENSE
15:46:01 | INFO    | eda.router             | [root] [ILLUM_SENSE] [U1] [8] connect U1:8 → X_UI:ILLUM_SENSE
15:46:01 | DEBUG   | eda.router             | [root] [ILLUM_SENSE] bfs Cell(col=25, row=87) → Cell(col=248, row=19)
15:46:01 | WARNING | eda.router             | [root] [ILLUM_SENSE] [U1] [8] fail U1:8 → X_UI:ILLUM_SENSE
15:46:01 | WARNING | eda.router             | [root] [ILLUM_SENSE] [U1] [8] visited=250
15:46:01 | WARNING | eda.router             | [root] [ILLUM_SENSE] frontier count=93
15:46:01 | INFO    | eda.router             | [root] [ILLUM_SENSE] [U1] [8] label net=ILLUM_SENSE reason=route failed
15:46:01 | INFO    | eda.router             | [root] [ILLUM_SENSE] [X_UI] [ILLUM_SENSE] label net=ILLUM_SENSE reason=route failed
15:46:01 | WARNING | eda.router             | [root] [ILLUM_SENSE] fallback labels_on=U1:8,X_UI:ILLUM_SENSE
15:46:01 | WARNING | eda.router             | [root] [ILLUM_SENSE] [U1] [8] fail U1:8 → X_UI:ILLUM_SENSE
15:46:01 | DEBUG   | eda.router             | [root] [ILLUM_SENSE] rss=121.4 net_wires=0 total_wires=119
15:46:01 | DEBUG   | eda.router             | [root] [CAN_TX] pins=U1:62, X_CAN:CAN_TX, X_CAN:CAN_TX
15:46:01 | INFO    | eda.router             | [root] [CAN_TX] [U1] [62] connect U1:62 → X_CAN:CAN_TX
15:46:01 | DEBUG   | eda.router             | [root] [CAN_TX] bfs Cell(col=57, row=123) → Cell(col=157, row=24)
15:46:02 | DEBUG   | eda.router             | [root] [CAN_TX] bfs done steps=36437 cells=200
15:46:02 | WARNING | eda.router             | [root] [CAN_TX] OCCUPY_OVERLAP cell=Cell(col=56, row=123) existing_net=LED_DRY_GLASS_DRV new_net=CAN_TX existing_wire=X_UI:LED_DRY_GLASS_DRV -> U1:3 new_wire=U1:62 -> X_CAN:CAN_TX
15:46:02 | WARNING | eda.router             | [root] [CAN_TX] OCCUPY_OVERLAP cell=Cell(col=58, row=123) existing_net=LED_AC_DRV new_net=CAN_TX existing_wire=X_UI:LED_AC_DRV -> U1:4 new_wire=U1:62 -> X_CAN:CAN_TX
15:46:02 | WARNING | eda.router             | [root] [CAN_TX] OCCUPY_OVERLAP cell=Cell(col=71, row=123) existing_net=GND new_net=CAN_TX existing_wire=X_PWR:GND -> T new_wire=U1:62 -> X_CAN:CAN_TX
15:46:02 | WARNING | eda.router             | [root] [CAN_TX] OCCUPY_OVERLAP cell=Cell(col=156, row=107) existing_net=GND new_net=CAN_TX existing_wire=C7:2 -> T new_wire=U1:62 -> X_CAN:CAN_TX
15:46:02 | WARNING | eda.router             | [root] [CAN_TX] OCCUPY_OVERLAP cell=Cell(col=156, row=99) existing_net=VCC_3V3 new_net=CAN_TX existing_wire=C7:1 -> T new_wire=U1:62 -> X_CAN:CAN_TX
15:46:02 | WARNING | eda.router             | [root] [CAN_TX] OCCUPY_OVERLAP cell=Cell(col=156, row=75) existing_net=NTC_CABIN new_net=CAN_TX existing_wire=U1:16 -> X_UI:NTC_CABIN new_wire=U1:62 -> X_CAN:CAN_TX
15:46:02 | WARNING | eda.router             | [root] [CAN_TX] OCCUPY_OVERLAP cell=Cell(col=156, row=73) existing_net=FAN_SEL_ADC new_net=CAN_TX existing_wire=U1:15 -> X_UI:FAN_SEL_ADC new_wire=U1:62 -> X_CAN:CAN_TX
15:46:02 | WARNING | eda.router             | [root] [CAN_TX] OCCUPY_OVERLAP cell=Cell(col=156, row=71) existing_net=TEMP_SET_ADC new_net=CAN_TX existing_wire=U1:14 -> X_UI:TEMP_SET_ADC new_wire=U1:62 -> X_CAN:CAN_TX
15:46:02 | WARNING | eda.router             | [root] [CAN_TX] OCCUPY_OVERLAP cell=Cell(col=156, row=60) existing_net=VDDA_3V3 new_net=CAN_TX existing_wire=U1:13 -> T new_wire=U1:62 -> X_CAN:CAN_TX
15:46:02 | WARNING | eda.router             | [root] [CAN_TX] OCCUPY_OVERLAP cell=Cell(col=156, row=44) existing_net=LED_AC_DRV new_net=CAN_TX existing_wire=X_UI:LED_AC_DRV -> U1:4 new_wire=U1:62 -> X_CAN:CAN_TX
15:46:02 | WARNING | eda.router             | [root] [CAN_TX] OCCUPY_OVERLAP cell=Cell(col=156, row=42) existing_net=LED_DRY_GLASS_DRV new_net=CAN_TX existing_wire=X_UI:LED_DRY_GLASS_DRV -> U1:3 new_wire=U1:62 -> X_CAN:CAN_TX
15:46:02 | WARNING | eda.router             | [root] [CAN_TX] OCCUPY_OVERLAP cell=Cell(col=156, row=40) existing_net=LED_FACE_DRV new_net=CAN_TX existing_wire=X_UI:LED_FACE_DRV -> U1:55 new_wire=U1:62 -> X_CAN:CAN_TX
15:46:02 | WARNING | eda.router             | [root] [CAN_TX] OCCUPY_OVERLAP cell=Cell(col=156, row=38) existing_net=VCC_5V new_net=CAN_TX existing_wire=X_CAN:VCC_5V -> X_PWR:VCC_5V new_wire=U1:62 -> X_CAN:CAN_TX
15:46:02 | WARNING | eda.router             | [root] [CAN_TX] OCCUPY_OVERLAP cell=Cell(col=156, row=28) existing_net=GND new_net=CAN_TX existing_wire=X_SEN_CABIN:GND -> T new_wire=U1:62 -> X_CAN:CAN_TX
15:46:02 | WARNING | eda.router             | [root] [CAN_TX] OCCUPY_OVERLAP cell=Cell(col=158, row=24) existing_net=GND new_net=CAN_TX existing_wire=X_SEN_CABIN:GND -> T new_wire=U1:62 -> X_CAN:CAN_TX
15:46:02 | INFO    | eda.router             | [root] [CAN_TX] [U1] [62] stub_in page=(69.85,156.21) dir=right steps=2 tip=Cell(col=57, row=123) tip_page=(72.39,156.21)
15:46:02 | INFO    | eda.router             | [root] [CAN_TX] [U1] [62] route right ×99, up ×99, right ×1
15:46:02 | INFO    | eda.router             | [root] [CAN_TX] [U1] [62] wire U1:62 -> X_CAN:CAN_TX segments=3 cells=204
15:46:02 | INFO    | eda.router             | [root] [CAN_TX] [X_CAN] [CAN_TX] stub_out page=(220.98,30.48) dir=left steps=2 tip=Cell(col=157, row=24) tip_page=(199.39,30.48)
15:46:02 | INFO    | eda.router             | [root] [CAN_TX] [X_CAN] [CAN_TX] route right ×99, up ×99, right ×1
15:46:02 | INFO    | eda.router             | [root] [CAN_TX] [X_CAN] [CAN_TX] wire U1:62 -> X_CAN:CAN_TX segments=3 cells=204
15:46:02 | INFO    | eda.router             | [root] [CAN_TX] [U1] [62] ok segments=3
15:46:02 | INFO    | eda.router             | [root] [CAN_TX] [X_CAN] [CAN_TX] t_connect
15:46:02 | DEBUG   | eda.router             | [root] [CAN_TX] [X_CAN] [CAN_TX] t_connect candidates=202 tries=5
15:46:02 | DEBUG   | eda.router             | [root] [CAN_TX] bfs Cell(col=155, row=24) → Cell(col=156, row=24)
15:46:02 | DEBUG   | eda.router             | [root] [CAN_TX] bfs done steps=2 cells=2
15:46:02 | INFO    | eda.router             | [root] [CAN_TX] [X_CAN] [CAN_TX] t_junction target=Cell(col=156, row=24) try=1
15:46:02 | WARNING | eda.router             | [root] [CAN_TX] OCCUPY_OVERLAP cell=Cell(col=158, row=24) existing_net=GND new_net=CAN_TX existing_wire=X_SEN_CABIN:GND -> T new_wire=X_CAN:CAN_TX -> T
15:46:02 | INFO    | eda.router             | [root] [CAN_TX] [X_CAN] [CAN_TX] stub_in page=(220.98,30.48) dir=left steps=4 tip=Cell(col=155, row=24) tip_page=(196.85,30.48)
15:46:02 | INFO    | eda.router             | [root] [CAN_TX] [X_CAN] [CAN_TX] route right ×1
15:46:02 | INFO    | eda.router             | [root] [CAN_TX] [X_CAN] [CAN_TX] wire X_CAN:CAN_TX -> T segments=1 cells=6
15:46:02 | INFO    | eda.router             | [root] [-] [X_CAN] [CAN_TX] t_junction recorded net=CAN_TX target=Cell(col=156, row=24) host=U1:62 -> X_CAN:CAN_TX
15:46:02 | INFO    | eda.router             | [root] [CAN_TX] [X_CAN] [CAN_TX] ok t_junction=?
15:46:02 | DEBUG   | eda.router             | [root] [CAN_TX] rss=121.4 net_wires=2 total_wires=121
15:46:02 | DEBUG   | eda.router             | [root] [CAN_RX] pins=U1:61, X_CAN:CAN_RX, X_CAN:CAN_RX
15:46:02 | INFO    | eda.router             | [root] [CAN_RX] [U1] [61] connect U1:61 → X_CAN:CAN_RX
15:46:02 | DEBUG   | eda.router             | [root] [CAN_RX] bfs Cell(col=57, row=121) → Cell(col=157, row=26)
15:46:03 | WARNING | eda.router             | [root] [CAN_RX] [U1] [61] fail U1:61 → X_CAN:CAN_RX
15:46:03 | WARNING | eda.router             | [root] [CAN_RX] [U1] [61] visited=83274
15:46:03 | WARNING | eda.router             | [root] [CAN_RX] frontier count=4660
15:46:03 | INFO    | eda.router             | [root] [CAN_RX] [U1] [61] label net=CAN_RX reason=route failed
15:46:03 | INFO    | eda.router             | [root] [CAN_RX] [X_CAN] [CAN_RX] label net=CAN_RX reason=route failed
15:46:03 | WARNING | eda.router             | [root] [CAN_RX] fallback labels_on=U1:61,X_CAN:CAN_RX
15:46:03 | WARNING | eda.router             | [root] [CAN_RX] [U1] [61] fail U1:61 → X_CAN:CAN_RX
15:46:03 | DEBUG   | eda.router             | [root] [CAN_RX] rss=121.4 net_wires=0 total_wires=121
15:46:03 | DEBUG   | eda.router             | [root] [CANH] pins=X_CAN:CANH, X_PWR:CANH, X_CAN:CANH, X_PWR:CANH
15:46:03 | INFO    | eda.router             | [root] [CANH] [X_CAN] [CANH] connect X_CAN:CANH → X_PWR:CANH
15:46:03 | DEBUG   | eda.router             | [root] [CANH] bfs Cell(col=174, row=28) → Cell(col=1, row=97)
15:46:04 | DEBUG   | eda.router             | [root] [CANH] bfs done steps=75958 cells=363
15:46:04 | WARNING | eda.router             | [root] [CANH] OCCUPY_OVERLAP cell=Cell(col=175, row=28) existing_net=VCC_5V new_net=CANH existing_wire=X_CAN:VCC_5V -> X_PWR:VCC_5V new_wire=X_CAN:CANH -> X_PWR:CANH
15:46:04 | WARNING | eda.router             | [root] [CANH] OCCUPY_OVERLAP cell=Cell(col=177, row=38) existing_net=LED_FACE_DRV new_net=CANH existing_wire=X_UI:LED_FACE_DRV -> U1:55 new_wire=X_CAN:CANH -> X_PWR:CANH
15:46:04 | WARNING | eda.router             | [root] [CANH] OCCUPY_OVERLAP cell=Cell(col=177, row=40) existing_net=LED_DRY_GLASS_DRV new_net=CANH existing_wire=X_UI:LED_DRY_GLASS_DRV -> U1:3 new_wire=X_CAN:CANH -> X_PWR:CANH
15:46:04 | WARNING | eda.router             | [root] [CANH] OCCUPY_OVERLAP cell=Cell(col=177, row=42) existing_net=LED_AC_DRV new_net=CANH existing_wire=X_UI:LED_AC_DRV -> U1:4 new_wire=X_CAN:CANH -> X_PWR:CANH
15:46:04 | WARNING | eda.router             | [root] [CANH] OCCUPY_OVERLAP cell=Cell(col=175, row=44) existing_net=LED_AC_DRV new_net=CANH existing_wire=X_UI:LED_AC_DRV -> U1:4 new_wire=X_CAN:CANH -> X_PWR:CANH
15:46:04 | WARNING | eda.router             | [root] [CANH] OCCUPY_OVERLAP cell=Cell(col=156, row=46) existing_net=CAN_TX new_net=CANH existing_wire=U1:62 -> X_CAN:CAN_TX new_wire=X_CAN:CANH -> X_PWR:CANH
15:46:04 | WARNING | eda.router             | [root] [CANH] OCCUPY_OVERLAP cell=Cell(col=153, row=46) existing_net=NTC_CABIN new_net=CANH existing_wire=X_SEN_CABIN:NTC_CABIN -> T new_wire=X_CAN:CANH -> X_PWR:CANH
15:46:04 | WARNING | eda.router             | [root] [CANH] OCCUPY_OVERLAP cell=Cell(col=151, row=46) existing_net=VCC_12V new_net=CANH existing_wire=X_PWR:VCC_12V -> X_SEN_CABIN:VCC_12V new_wire=X_CAN:CANH -> X_PWR:CANH
15:46:04 | WARNING | eda.router             | [root] [CANH] OCCUPY_OVERLAP cell=Cell(col=128, row=46) existing_net=SOLAR_ADC new_net=CANH existing_wire=U1:20 -> X_SEN_SOLAR:SOLAR_ADC new_wire=X_CAN:CANH -> X_PWR:CANH
15:46:04 | WARNING | eda.router             | [root] [CANH] OCCUPY_OVERLAP cell=Cell(col=105, row=46) existing_net=M2_IN2 new_net=CANH existing_wire=U1:45 -> X_ACT:M2_IN2 new_wire=X_CAN:CANH -> X_PWR:CANH
15:46:04 | WARNING | eda.router             | [root] [CANH] OCCUPY_OVERLAP cell=Cell(col=84, row=46) existing_net=M2_IN1 new_net=CANH existing_wire=U1:44 -> X_ACT:M2_IN1 new_wire=X_CAN:CANH -> X_PWR:CANH
15:46:04 | WARNING | eda.router             | [root] [CANH] OCCUPY_OVERLAP cell=Cell(col=81, row=46) existing_net=FAN_PWM_CTL new_net=CANH existing_wire=U1:41 -> X_OUT:FAN_PWM_CTL new_wire=X_CAN:CANH -> X_PWR:CANH
15:46:04 | WARNING | eda.router             | [root] [CANH] OCCUPY_OVERLAP cell=Cell(col=79, row=46) existing_net=VCC_12V new_net=CANH existing_wire=X_OUT:VCC_12V -> T new_wire=X_CAN:CANH -> X_PWR:CANH
15:46:04 | WARNING | eda.router             | [root] [CANH] OCCUPY_OVERLAP cell=Cell(col=70, row=60) existing_net=VDDA_3V3 new_net=CANH existing_wire=U1:13 -> T new_wire=X_CAN:CANH -> X_PWR:CANH
15:46:04 | WARNING | eda.router             | [root] [CANH] OCCUPY_OVERLAP cell=Cell(col=70, row=62) existing_net=VCC_3V3 new_net=CANH existing_wire=U1:48 -> T new_wire=X_CAN:CANH -> X_PWR:CANH
15:46:04 | WARNING | eda.router             | [root] [CANH] OCCUPY_OVERLAP cell=Cell(col=70, row=64) existing_net=VCC_12V new_net=CANH existing_wire=X_PWR:VCC_12V -> X_SEN_CABIN:VCC_12V new_wire=X_CAN:CANH -> X_PWR:CANH
15:46:04 | WARNING | eda.router             | [root] [CANH] OCCUPY_OVERLAP cell=Cell(col=70, row=71) existing_net=TEMP_SET_ADC new_net=CANH existing_wire=U1:14 -> X_UI:TEMP_SET_ADC new_wire=X_CAN:CANH -> X_PWR:CANH
15:46:04 | WARNING | eda.router             | [root] [CANH] OCCUPY_OVERLAP cell=Cell(col=70, row=73) existing_net=FAN_SEL_ADC new_net=CANH existing_wire=U1:15 -> X_UI:FAN_SEL_ADC new_wire=X_CAN:CANH -> X_PWR:CANH
15:46:04 | WARNING | eda.router             | [root] [CANH] OCCUPY_OVERLAP cell=Cell(col=70, row=75) existing_net=NTC_CABIN new_net=CANH existing_wire=U1:16 -> X_UI:NTC_CABIN new_wire=X_CAN:CANH -> X_PWR:CANH
15:46:04 | WARNING | eda.router             | [root] [CANH] OCCUPY_OVERLAP cell=Cell(col=70, row=79) existing_net=SOLAR_ADC new_net=CANH existing_wire=U1:20 -> X_SEN_SOLAR:SOLAR_ADC new_wire=X_CAN:CANH -> X_PWR:CANH
15:46:04 | WARNING | eda.router             | [root] [CANH] OCCUPY_OVERLAP cell=Cell(col=68, row=84) existing_net=FB_M2 new_net=CANH existing_wire=U1:23 -> X_ACT:FB_M2 new_wire=X_CAN:CANH -> X_PWR:CANH
15:46:04 | WARNING | eda.router             | [root] [CANH] OCCUPY_OVERLAP cell=Cell(col=68, row=85) existing_net=FB_M2 new_net=CANH existing_wire=U1:23 -> X_ACT:FB_M2 new_wire=X_CAN:CANH -> X_PWR:CANH
15:46:04 | WARNING | eda.router             | [root] [CANH] OCCUPY_OVERLAP cell=Cell(col=68, row=87) existing_net=FAN_PWM_CTL new_net=CANH existing_wire=U1:41 -> X_OUT:FAN_PWM_CTL new_wire=X_CAN:CANH -> X_PWR:CANH
15:46:04 | WARNING | eda.router             | [root] [CANH] OCCUPY_OVERLAP cell=Cell(col=66, row=90) existing_net=M1_IN2 new_net=CANH existing_wire=U1:43 -> X_ACT:M1_IN2 new_wire=X_CAN:CANH -> X_PWR:CANH
15:46:04 | WARNING | eda.router             | [root] [CANH] OCCUPY_OVERLAP cell=Cell(col=66, row=91) existing_net=M1_IN2 new_net=CANH existing_wire=U1:43 -> X_ACT:M1_IN2 new_wire=X_CAN:CANH -> X_PWR:CANH
15:46:04 | WARNING | eda.router             | [root] [CANH] OCCUPY_OVERLAP cell=Cell(col=66, row=93) existing_net=M2_IN1 new_net=CANH existing_wire=U1:44 -> X_ACT:M2_IN1 new_wire=X_CAN:CANH -> X_PWR:CANH
15:46:04 | WARNING | eda.router             | [root] [CANH] OCCUPY_OVERLAP cell=Cell(col=66, row=95) existing_net=M2_IN2 new_net=CANH existing_wire=U1:45 -> X_ACT:M2_IN2 new_wire=X_CAN:CANH -> X_PWR:CANH
15:46:04 | WARNING | eda.router             | [root] [CANH] OCCUPY_OVERLAP cell=Cell(col=66, row=102) existing_net=SWDIO new_net=CANH existing_wire=J2:2 -> U1:46 new_wire=X_CAN:CANH -> X_PWR:CANH
15:46:04 | WARNING | eda.router             | [root] [CANH] OCCUPY_OVERLAP cell=Cell(col=66, row=104) existing_net=SWCLK new_net=CANH existing_wire=J2:3 -> U1:49 new_wire=X_CAN:CANH -> X_PWR:CANH
15:46:04 | WARNING | eda.router             | [root] [CANH] OCCUPY_OVERLAP cell=Cell(col=64, row=106) existing_net=LED_AC_DRV new_net=CANH existing_wire=X_UI:LED_AC_DRV -> U1:4 new_wire=X_CAN:CANH -> X_PWR:CANH
15:46:04 | WARNING | eda.router             | [root] [CANH] OCCUPY_OVERLAP cell=Cell(col=62, row=108) existing_net=LED_AC_DRV new_net=CANH existing_wire=X_UI:LED_AC_DRV -> U1:4 new_wire=X_CAN:CANH -> X_PWR:CANH
15:46:04 | WARNING | eda.router             | [root] [CANH] OCCUPY_OVERLAP cell=Cell(col=60, row=110) existing_net=LED_AC_DRV new_net=CANH existing_wire=X_UI:LED_AC_DRV -> U1:4 new_wire=X_CAN:CANH -> X_PWR:CANH
15:46:04 | WARNING | eda.router             | [root] [CANH] OCCUPY_OVERLAP cell=Cell(col=60, row=123) existing_net=CAN_TX new_net=CANH existing_wire=U1:62 -> X_CAN:CAN_TX new_wire=X_CAN:CANH -> X_PWR:CANH
15:46:04 | WARNING | eda.router             | [root] [CANH] OCCUPY_OVERLAP cell=Cell(col=60, row=125) existing_net=BTN_DEFROST_GLASS new_net=CANH existing_wire=U1:29 -> X_UI:BTN_DEFROST_GLASS new_wire=X_CAN:CANH -> X_PWR:CANH
15:46:04 | WARNING | eda.router             | [root] [CANH] OCCUPY_OVERLAP cell=Cell(col=60, row=127) existing_net=BTN_FACE new_net=CANH existing_wire=U1:30 -> X_UI:BTN_FACE new_wire=X_CAN:CANH -> X_PWR:CANH
15:46:04 | WARNING | eda.router             | [root] [CANH] OCCUPY_OVERLAP cell=Cell(col=60, row=129) existing_net=BTN_FEET new_net=CANH existing_wire=U1:33 -> X_UI:BTN_FEET new_wire=X_CAN:CANH -> X_PWR:CANH
15:46:04 | WARNING | eda.router             | [root] [CANH] OCCUPY_OVERLAP cell=Cell(col=60, row=131) existing_net=BTN_DRY_GLASS new_net=CANH existing_wire=U1:34 -> X_UI:BTN_DRY_GLASS new_wire=X_CAN:CANH -> X_PWR:CANH
15:46:04 | WARNING | eda.router             | [root] [CANH] OCCUPY_OVERLAP cell=Cell(col=59, row=141) existing_net=GND new_net=CANH existing_wire=X_PWR:GND -> T new_wire=X_CAN:CANH -> X_PWR:CANH
15:46:04 | WARNING | eda.router             | [root] [CANH] OCCUPY_OVERLAP cell=Cell(col=59, row=142) existing_net=GND new_net=CANH existing_wire=U1:47 -> C5:2 new_wire=X_CAN:CANH -> X_PWR:CANH
15:46:04 | WARNING | eda.router             | [root] [CANH] OCCUPY_OVERLAP cell=Cell(col=59, row=145) existing_net=NRST new_net=CANH existing_wire=U1:7 -> R1:2 new_wire=X_CAN:CANH -> X_PWR:CANH
15:46:04 | WARNING | eda.router             | [root] [CANH] OCCUPY_OVERLAP cell=Cell(col=57, row=147) existing_net=LED_AC_DRV new_net=CANH existing_wire=X_UI:LED_AC_DRV -> U1:4 new_wire=X_CAN:CANH -> X_PWR:CANH
15:46:04 | WARNING | eda.router             | [root] [CANH] OCCUPY_OVERLAP cell=Cell(col=55, row=149) existing_net=LED_AC_DRV new_net=CANH existing_wire=X_UI:LED_AC_DRV -> U1:4 new_wire=X_CAN:CANH -> X_PWR:CANH
15:46:04 | WARNING | eda.router             | [root] [CANH] OCCUPY_OVERLAP cell=Cell(col=0, row=97) existing_net=NRST new_net=CANH existing_wire=U1:7 -> R1:2 new_wire=X_CAN:CANH -> X_PWR:CANH
15:46:04 | WARNING | eda.router             | [root] [CANH] OCCUPY_OVERLAP cell=Cell(col=2, row=97) existing_net=GND new_net=CANH existing_wire=X_PWR:GND -> T new_wire=X_CAN:CANH -> X_PWR:CANH
15:46:04 | INFO    | eda.router             | [root] [CANH] [X_CAN] [CANH] route right ×3, down ×16, left ×2, down ×2, left ×105, down ×38, left ×2, down ×6, left ×2, down ×16, left ×2, down ×2, left ×2, down ×2, left ×2, down ×26, left ×1, down ×11, left ×2, down ×2, left ×2, down ×2, left ×57, up ×54, right ×3
15:46:04 | INFO    | eda.router             | [root] [CANH] [X_CAN] [CANH] wire X_CAN:CANH -> X_PWR:CANH segments=25 cells=365
15:46:04 | INFO    | eda.router             | [root] [CANH] [X_PWR] [CANH] stub_out page=(22.86,123.19) dir=left steps=2 tip=Cell(col=1, row=97) tip_page=(1.27,123.19)
15:46:04 | INFO    | eda.router             | [root] [CANH] [X_PWR] [CANH] route right ×3, down ×16, left ×2, down ×2, left ×105, down ×38, left ×2, down ×6, left ×2, down ×16, left ×2, down ×2, left ×2, down ×2, left ×2, down ×26, left ×1, down ×11, left ×2, down ×2, left ×2, down ×2, left ×57, up ×54, right ×3
15:46:04 | INFO    | eda.router             | [root] [CANH] [X_PWR] [CANH] wire X_CAN:CANH -> X_PWR:CANH segments=25 cells=365
15:46:04 | INFO    | eda.router             | [root] [CANH] [X_CAN] [CANH] ok segments=25
15:46:04 | INFO    | eda.router             | [root] [CANH] [X_CAN] [CANH] t_connect
15:46:04 | DEBUG   | eda.router             | [root] [CANH] [X_CAN] [CANH] t_connect candidates=387 tries=5
15:46:04 | DEBUG   | eda.router             | [root] [CANH] bfs Cell(col=174, row=28) → Cell(col=174, row=28)
15:46:04 | DEBUG   | eda.router             | [root] [CANH] bfs start_eq_goal
15:46:04 | INFO    | eda.router             | [root] [CANH] [X_CAN] [CANH] t_junction target=Cell(col=174, row=28) try=1
15:46:04 | INFO    | eda.router             | [root] [CANH] [X_CAN] [CANH] wire X_CAN:CANH -> T segments=0 cells=1
15:46:04 | INFO    | eda.router             | [root] [-] [X_CAN] [CANH] t_junction recorded net=CANH target=Cell(col=174, row=28) host=X_CAN:CANH -> X_PWR:CANH
15:46:04 | INFO    | eda.router             | [root] [CANH] [X_CAN] [CANH] ok t_junction=?
15:46:04 | INFO    | eda.router             | [root] [CANH] [X_PWR] [CANH] t_connect
15:46:04 | DEBUG   | eda.router             | [root] [CANH] [X_PWR] [CANH] t_connect candidates=387 tries=5
15:46:04 | DEBUG   | eda.router             | [root] [CANH] bfs Cell(col=-3, row=97) → Cell(col=-2, row=97)
15:46:04 | DEBUG   | eda.router             | [root] [CANH] bfs done steps=2 cells=2
15:46:04 | INFO    | eda.router             | [root] [CANH] [X_PWR] [CANH] t_junction target=Cell(col=-2, row=97) try=1
15:46:04 | WARNING | eda.router             | [root] [CANH] OCCUPY_OVERLAP cell=Cell(col=2, row=97) existing_net=GND new_net=CANH existing_wire=X_PWR:GND -> T new_wire=X_PWR:CANH -> T
15:46:04 | WARNING | eda.router             | [root] [CANH] OCCUPY_OVERLAP cell=Cell(col=0, row=97) existing_net=NRST new_net=CANH existing_wire=U1:7 -> R1:2 new_wire=X_PWR:CANH -> T
15:46:04 | INFO    | eda.router             | [root] [CANH] [X_PWR] [CANH] stub_in page=(22.86,123.19) dir=left steps=6 tip=Cell(col=-3, row=97) tip_page=(-3.81,123.19)
15:46:04 | INFO    | eda.router             | [root] [CANH] [X_PWR] [CANH] route right ×1
15:46:04 | INFO    | eda.router             | [root] [CANH] [X_PWR] [CANH] wire X_PWR:CANH -> T segments=1 cells=8
15:46:04 | INFO    | eda.router             | [root] [-] [X_PWR] [CANH] t_junction recorded net=CANH target=Cell(col=-2, row=97) host=X_CAN:CANH -> X_PWR:CANH
15:46:04 | INFO    | eda.router             | [root] [CANH] [X_PWR] [CANH] ok t_junction=?
15:46:04 | DEBUG   | eda.router             | [root] [CANH] rss=121.4 net_wires=3 total_wires=124
15:46:04 | DEBUG   | eda.router             | [root] [CANL] pins=X_CAN:CANL, X_PWR:CANL, X_CAN:CANL, X_PWR:CANL
15:46:04 | INFO    | eda.router             | [root] [CANL] [X_CAN] [CANL] connect X_CAN:CANL → X_PWR:CANL
15:46:04 | DEBUG   | eda.router             | [root] [CANL] bfs Cell(col=158, row=30) → Cell(col=1, row=99)
15:46:06 | DEBUG   | eda.router             | [root] [CANL] bfs done steps=77979 cells=345
15:46:06 | WARNING | eda.router             | [root] [CANL] OCCUPY_OVERLAP cell=Cell(col=156, row=36) existing_net=CAN_TX new_net=CANL existing_wire=U1:62 -> X_CAN:CAN_TX new_wire=X_CAN:CANL -> X_PWR:CANL
15:46:06 | WARNING | eda.router             | [root] [CANL] OCCUPY_OVERLAP cell=Cell(col=153, row=36) existing_net=NTC_CABIN new_net=CANL existing_wire=X_SEN_CABIN:NTC_CABIN -> T new_wire=X_CAN:CANL -> X_PWR:CANL
15:46:06 | WARNING | eda.router             | [root] [CANL] OCCUPY_OVERLAP cell=Cell(col=151, row=36) existing_net=VCC_12V new_net=CANL existing_wire=X_PWR:VCC_12V -> X_SEN_CABIN:VCC_12V new_wire=X_CAN:CANL -> X_PWR:CANL
15:46:06 | WARNING | eda.router             | [root] [CANL] OCCUPY_OVERLAP cell=Cell(col=128, row=36) existing_net=SOLAR_ADC new_net=CANL existing_wire=U1:20 -> X_SEN_SOLAR:SOLAR_ADC new_wire=X_CAN:CANL -> X_PWR:CANL
15:46:06 | WARNING | eda.router             | [root] [CANL] OCCUPY_OVERLAP cell=Cell(col=105, row=36) existing_net=M2_IN2 new_net=CANL existing_wire=U1:45 -> X_ACT:M2_IN2 new_wire=X_CAN:CANL -> X_PWR:CANL
15:46:06 | WARNING | eda.router             | [root] [CANL] OCCUPY_OVERLAP cell=Cell(col=86, row=38) existing_net=VCC_5V new_net=CANL existing_wire=X_CAN:VCC_5V -> X_PWR:VCC_5V new_wire=X_CAN:CANL -> X_PWR:CANL
15:46:06 | WARNING | eda.router             | [root] [CANL] OCCUPY_OVERLAP cell=Cell(col=86, row=40) existing_net=LED_FACE_DRV new_net=CANL existing_wire=X_UI:LED_FACE_DRV -> U1:55 new_wire=X_CAN:CANL -> X_PWR:CANL
15:46:06 | WARNING | eda.router             | [root] [CANL] OCCUPY_OVERLAP cell=Cell(col=86, row=42) existing_net=LED_DRY_GLASS_DRV new_net=CANL existing_wire=X_UI:LED_DRY_GLASS_DRV -> U1:3 new_wire=X_CAN:CANL -> X_PWR:CANL
15:46:06 | WARNING | eda.router             | [root] [CANL] OCCUPY_OVERLAP cell=Cell(col=86, row=44) existing_net=LED_AC_DRV new_net=CANL existing_wire=X_UI:LED_AC_DRV -> U1:4 new_wire=X_CAN:CANL -> X_PWR:CANL
15:46:06 | WARNING | eda.router             | [root] [CANL] OCCUPY_OVERLAP cell=Cell(col=86, row=46) existing_net=CANH new_net=CANL existing_wire=X_CAN:CANH -> X_PWR:CANH new_wire=X_CAN:CANL -> X_PWR:CANL
15:46:06 | WARNING | eda.router             | [root] [CANL] OCCUPY_OVERLAP cell=Cell(col=84, row=48) existing_net=M2_IN1 new_net=CANL existing_wire=U1:44 -> X_ACT:M2_IN1 new_wire=X_CAN:CANL -> X_PWR:CANL
15:46:06 | WARNING | eda.router             | [root] [CANL] OCCUPY_OVERLAP cell=Cell(col=81, row=48) existing_net=FAN_PWM_CTL new_net=CANL existing_wire=U1:41 -> X_OUT:FAN_PWM_CTL new_wire=X_CAN:CANL -> X_PWR:CANL
15:46:06 | WARNING | eda.router             | [root] [CANL] OCCUPY_OVERLAP cell=Cell(col=79, row=48) existing_net=VCC_12V new_net=CANL existing_wire=X_OUT:VCC_12V -> T new_wire=X_CAN:CANL -> X_PWR:CANL
15:46:06 | WARNING | eda.router             | [root] [CANL] OCCUPY_OVERLAP cell=Cell(col=72, row=60) existing_net=VDDA_3V3 new_net=CANL existing_wire=U1:13 -> T new_wire=X_CAN:CANL -> X_PWR:CANL
15:46:06 | WARNING | eda.router             | [root] [CANL] OCCUPY_OVERLAP cell=Cell(col=72, row=62) existing_net=VCC_3V3 new_net=CANL existing_wire=U1:48 -> T new_wire=X_CAN:CANL -> X_PWR:CANL
15:46:06 | WARNING | eda.router             | [root] [CANL] OCCUPY_OVERLAP cell=Cell(col=72, row=64) existing_net=VCC_12V new_net=CANL existing_wire=X_PWR:VCC_12V -> X_SEN_CABIN:VCC_12V new_wire=X_CAN:CANL -> X_PWR:CANL
15:46:06 | WARNING | eda.router             | [root] [CANL] OCCUPY_OVERLAP cell=Cell(col=72, row=71) existing_net=TEMP_SET_ADC new_net=CANL existing_wire=U1:14 -> X_UI:TEMP_SET_ADC new_wire=X_CAN:CANL -> X_PWR:CANL
15:46:06 | WARNING | eda.router             | [root] [CANL] OCCUPY_OVERLAP cell=Cell(col=72, row=73) existing_net=FAN_SEL_ADC new_net=CANL existing_wire=U1:15 -> X_UI:FAN_SEL_ADC new_wire=X_CAN:CANL -> X_PWR:CANL
15:46:06 | WARNING | eda.router             | [root] [CANL] OCCUPY_OVERLAP cell=Cell(col=72, row=75) existing_net=NTC_CABIN new_net=CANL existing_wire=U1:16 -> X_UI:NTC_CABIN new_wire=X_CAN:CANL -> X_PWR:CANL
15:46:06 | WARNING | eda.router             | [root] [CANL] OCCUPY_OVERLAP cell=Cell(col=72, row=79) existing_net=SOLAR_ADC new_net=CANL existing_wire=U1:20 -> X_SEN_SOLAR:SOLAR_ADC new_wire=X_CAN:CANL -> X_PWR:CANL
15:46:06 | WARNING | eda.router             | [root] [CANL] OCCUPY_OVERLAP cell=Cell(col=70, row=83) existing_net=CANH new_net=CANL existing_wire=X_CAN:CANH -> X_PWR:CANH new_wire=X_CAN:CANL -> X_PWR:CANL
15:46:06 | WARNING | eda.router             | [root] [CANL] OCCUPY_OVERLAP cell=Cell(col=70, row=84) existing_net=CANH new_net=CANL existing_wire=X_CAN:CANH -> X_PWR:CANH new_wire=X_CAN:CANL -> X_PWR:CANL
15:46:06 | WARNING | eda.router             | [root] [CANL] OCCUPY_OVERLAP cell=Cell(col=70, row=87) existing_net=FAN_PWM_CTL new_net=CANL existing_wire=U1:41 -> X_OUT:FAN_PWM_CTL new_wire=X_CAN:CANL -> X_PWR:CANL
15:46:06 | WARNING | eda.router             | [root] [CANL] OCCUPY_OVERLAP cell=Cell(col=68, row=89) existing_net=CANH new_net=CANL existing_wire=X_CAN:CANH -> X_PWR:CANH new_wire=X_CAN:CANL -> X_PWR:CANL
15:46:06 | WARNING | eda.router             | [root] [CANL] OCCUPY_OVERLAP cell=Cell(col=68, row=90) existing_net=CANH new_net=CANL existing_wire=X_CAN:CANH -> X_PWR:CANH new_wire=X_CAN:CANL -> X_PWR:CANL
15:46:06 | WARNING | eda.router             | [root] [CANL] OCCUPY_OVERLAP cell=Cell(col=68, row=93) existing_net=M2_IN1 new_net=CANL existing_wire=U1:44 -> X_ACT:M2_IN1 new_wire=X_CAN:CANL -> X_PWR:CANL
15:46:06 | WARNING | eda.router             | [root] [CANL] OCCUPY_OVERLAP cell=Cell(col=68, row=95) existing_net=M2_IN2 new_net=CANL existing_wire=U1:45 -> X_ACT:M2_IN2 new_wire=X_CAN:CANL -> X_PWR:CANL
15:46:06 | WARNING | eda.router             | [root] [CANL] OCCUPY_OVERLAP cell=Cell(col=68, row=102) existing_net=SWDIO new_net=CANL existing_wire=J2:2 -> U1:46 new_wire=X_CAN:CANL -> X_PWR:CANL
15:46:06 | WARNING | eda.router             | [root] [CANL] OCCUPY_OVERLAP cell=Cell(col=68, row=104) existing_net=SWCLK new_net=CANL existing_wire=J2:3 -> U1:49 new_wire=X_CAN:CANL -> X_PWR:CANL
15:46:06 | WARNING | eda.router             | [root] [CANL] OCCUPY_OVERLAP cell=Cell(col=66, row=106) existing_net=CANH new_net=CANL existing_wire=X_CAN:CANH -> X_PWR:CANH new_wire=X_CAN:CANL -> X_PWR:CANL
15:46:06 | WARNING | eda.router             | [root] [CANL] OCCUPY_OVERLAP cell=Cell(col=64, row=108) existing_net=CANH new_net=CANL existing_wire=X_CAN:CANH -> X_PWR:CANH new_wire=X_CAN:CANL -> X_PWR:CANL
15:46:06 | WARNING | eda.router             | [root] [CANL] OCCUPY_OVERLAP cell=Cell(col=62, row=110) existing_net=CANH new_net=CANL existing_wire=X_CAN:CANH -> X_PWR:CANH new_wire=X_CAN:CANL -> X_PWR:CANL
15:46:06 | WARNING | eda.router             | [root] [CANL] OCCUPY_OVERLAP cell=Cell(col=62, row=123) existing_net=CAN_TX new_net=CANL existing_wire=U1:62 -> X_CAN:CAN_TX new_wire=X_CAN:CANL -> X_PWR:CANL
15:46:06 | WARNING | eda.router             | [root] [CANL] OCCUPY_OVERLAP cell=Cell(col=62, row=125) existing_net=BTN_DEFROST_GLASS new_net=CANL existing_wire=U1:29 -> X_UI:BTN_DEFROST_GLASS new_wire=X_CAN:CANL -> X_PWR:CANL
15:46:06 | WARNING | eda.router             | [root] [CANL] OCCUPY_OVERLAP cell=Cell(col=62, row=127) existing_net=BTN_FACE new_net=CANL existing_wire=U1:30 -> X_UI:BTN_FACE new_wire=X_CAN:CANL -> X_PWR:CANL
15:46:06 | WARNING | eda.router             | [root] [CANL] OCCUPY_OVERLAP cell=Cell(col=62, row=129) existing_net=BTN_FEET new_net=CANL existing_wire=U1:33 -> X_UI:BTN_FEET new_wire=X_CAN:CANL -> X_PWR:CANL
15:46:06 | WARNING | eda.router             | [root] [CANL] OCCUPY_OVERLAP cell=Cell(col=62, row=131) existing_net=BTN_DRY_GLASS new_net=CANL existing_wire=U1:34 -> X_UI:BTN_DRY_GLASS new_wire=X_CAN:CANL -> X_PWR:CANL
15:46:06 | WARNING | eda.router             | [root] [CANL] OCCUPY_OVERLAP cell=Cell(col=61, row=141) existing_net=GND new_net=CANL existing_wire=X_PWR:GND -> T new_wire=X_CAN:CANL -> X_PWR:CANL
15:46:06 | WARNING | eda.router             | [root] [CANL] OCCUPY_OVERLAP cell=Cell(col=61, row=142) existing_net=GND new_net=CANL existing_wire=U1:47 -> C5:2 new_wire=X_CAN:CANL -> X_PWR:CANL
15:46:06 | WARNING | eda.router             | [root] [CANL] OCCUPY_OVERLAP cell=Cell(col=61, row=145) existing_net=NRST new_net=CANL existing_wire=U1:7 -> R1:2 new_wire=X_CAN:CANL -> X_PWR:CANL
15:46:06 | WARNING | eda.router             | [root] [CANL] OCCUPY_OVERLAP cell=Cell(col=59, row=147) existing_net=CANH new_net=CANL existing_wire=X_CAN:CANH -> X_PWR:CANH new_wire=X_CAN:CANL -> X_PWR:CANL
15:46:06 | WARNING | eda.router             | [root] [CANL] OCCUPY_OVERLAP cell=Cell(col=57, row=149) existing_net=CANH new_net=CANL existing_wire=X_CAN:CANH -> X_PWR:CANH new_wire=X_CAN:CANL -> X_PWR:CANL
15:46:06 | WARNING | eda.router             | [root] [CANL] OCCUPY_OVERLAP cell=Cell(col=55, row=151) existing_net=CANH new_net=CANL existing_wire=X_CAN:CANH -> X_PWR:CANH new_wire=X_CAN:CANL -> X_PWR:CANL
15:46:06 | WARNING | eda.router             | [root] [CANL] OCCUPY_OVERLAP cell=Cell(col=-2, row=99) existing_net=CANH new_net=CANL existing_wire=X_CAN:CANH -> X_PWR:CANH new_wire=X_CAN:CANL -> X_PWR:CANL
15:46:06 | WARNING | eda.router             | [root] [CANL] OCCUPY_OVERLAP cell=Cell(col=0, row=99) existing_net=NRST new_net=CANL existing_wire=U1:7 -> R1:2 new_wire=X_CAN:CANL -> X_PWR:CANL
15:46:06 | WARNING | eda.router             | [root] [CANL] OCCUPY_OVERLAP cell=Cell(col=2, row=99) existing_net=GND new_net=CANL existing_wire=X_PWR:GND -> T new_wire=X_CAN:CANL -> X_PWR:CANL
15:46:06 | INFO    | eda.router             | [root] [CANL] [X_CAN] [CANL] stub_in page=(220.98,38.10) dir=left steps=1 tip=Cell(col=158, row=30) tip_page=(200.66,38.10)
15:46:06 | INFO    | eda.router             | [root] [CANL] [X_CAN] [CANL] route down ×6, left ×72, down ×12, left ×14, down ×35, left ×2, down ×6, left ×2, down ×17, left ×2, down ×2, left ×2, down ×2, left ×2, down ×26, left ×1, down ×11, left ×2, down ×2, left ×2, down ×2, left ×2, down ×2, left ×59, up ×54, right ×5
15:46:06 | INFO    | eda.router             | [root] [CANL] [X_CAN] [CANL] wire X_CAN:CANL -> X_PWR:CANL segments=26 cells=348
15:46:06 | INFO    | eda.router             | [root] [CANL] [X_PWR] [CANL] stub_out page=(22.86,125.73) dir=left steps=2 tip=Cell(col=1, row=99) tip_page=(1.27,125.73)
15:46:06 | INFO    | eda.router             | [root] [CANL] [X_PWR] [CANL] route down ×6, left ×72, down ×12, left ×14, down ×35, left ×2, down ×6, left ×2, down ×17, left ×2, down ×2, left ×2, down ×2, left ×2, down ×26, left ×1, down ×11, left ×2, down ×2, left ×2, down ×2, left ×2, down ×2, left ×59, up ×54, right ×5
15:46:06 | INFO    | eda.router             | [root] [CANL] [X_PWR] [CANL] wire X_CAN:CANL -> X_PWR:CANL segments=26 cells=348
15:46:06 | INFO    | eda.router             | [root] [CANL] [X_CAN] [CANL] ok segments=26
15:46:06 | INFO    | eda.router             | [root] [CANL] [X_CAN] [CANL] t_connect
15:46:06 | DEBUG   | eda.router             | [root] [CANL] [X_CAN] [CANL] t_connect candidates=370 tries=5
15:46:06 | DEBUG   | eda.router             | [root] [CANL] bfs Cell(col=157, row=30) → Cell(col=158, row=30)
15:46:06 | DEBUG   | eda.router             | [root] [CANL] bfs done steps=2 cells=2
15:46:06 | INFO    | eda.router             | [root] [CANL] [X_CAN] [CANL] t_junction target=Cell(col=158, row=30) try=1
15:46:06 | INFO    | eda.router             | [root] [CANL] [X_CAN] [CANL] stub_in page=(220.98,38.10) dir=left steps=2 tip=Cell(col=157, row=30) tip_page=(199.39,38.10)
15:46:06 | INFO    | eda.router             | [root] [CANL] [X_CAN] [CANL] route right ×1
15:46:06 | INFO    | eda.router             | [root] [CANL] [X_CAN] [CANL] wire X_CAN:CANL -> T segments=1 cells=4
15:46:06 | INFO    | eda.router             | [root] [-] [X_CAN] [CANL] t_junction recorded net=CANL target=Cell(col=158, row=30) host=X_CAN:CANL -> X_PWR:CANL
15:46:06 | INFO    | eda.router             | [root] [CANL] [X_CAN] [CANL] ok t_junction=?
15:46:06 | INFO    | eda.router             | [root] [CANL] [X_PWR] [CANL] t_connect
15:46:06 | DEBUG   | eda.router             | [root] [CANL] [X_PWR] [CANL] t_connect candidates=372 tries=5
15:46:06 | DEBUG   | eda.router             | [root] [CANL] bfs Cell(col=-5, row=99) → Cell(col=-4, row=99)
15:46:06 | DEBUG   | eda.router             | [root] [CANL] bfs done steps=2 cells=2
15:46:06 | INFO    | eda.router             | [root] [CANL] [X_PWR] [CANL] t_junction target=Cell(col=-4, row=99) try=1
15:46:06 | WARNING | eda.router             | [root] [CANL] OCCUPY_OVERLAP cell=Cell(col=2, row=99) existing_net=GND new_net=CANL existing_wire=X_PWR:GND -> T new_wire=X_PWR:CANL -> T
15:46:06 | WARNING | eda.router             | [root] [CANL] OCCUPY_OVERLAP cell=Cell(col=0, row=99) existing_net=NRST new_net=CANL existing_wire=U1:7 -> R1:2 new_wire=X_PWR:CANL -> T
15:46:06 | WARNING | eda.router             | [root] [CANL] OCCUPY_OVERLAP cell=Cell(col=-2, row=99) existing_net=CANH new_net=CANL existing_wire=X_CAN:CANH -> X_PWR:CANH new_wire=X_PWR:CANL -> T
15:46:06 | INFO    | eda.router             | [root] [CANL] [X_PWR] [CANL] stub_in page=(22.86,125.73) dir=left steps=8 tip=Cell(col=-5, row=99) tip_page=(-6.35,125.73)
15:46:06 | INFO    | eda.router             | [root] [CANL] [X_PWR] [CANL] route right ×1
15:46:06 | INFO    | eda.router             | [root] [CANL] [X_PWR] [CANL] wire X_PWR:CANL -> T segments=1 cells=10
15:46:06 | INFO    | eda.router             | [root] [-] [X_PWR] [CANL] t_junction recorded net=CANL target=Cell(col=-4, row=99) host=X_CAN:CANL -> X_PWR:CANL
15:46:06 | INFO    | eda.router             | [root] [CANL] [X_PWR] [CANL] ok t_junction=?
15:46:06 | DEBUG   | eda.router             | [root] [CANL] rss=121.4 net_wires=3 total_wires=127
15:46:06 | DEBUG   | eda.router             | [root] [VBAT_IN] net_pins_lt2 skip
15:46:06 | DEBUG   | eda.router             | [root] [VBAT_PROT] net_pins_lt2 skip
15:46:06 | DEBUG   | eda.router             | [root] [V5_SENS] net_pins_lt2 skip
15:46:06 | DEBUG   | eda.router             | [root] [FB_M1_RAW] net_pins_lt2 skip
15:46:06 | DEBUG   | eda.router             | [root] [LED_DEFROST_GLASS_A] net_pins_lt2 skip
15:46:06 | DEBUG   | eda.router             | [root] [LED_FACE_A] net_pins_lt2 skip
15:46:06 | DEBUG   | eda.router             | [root] [LED_FEET_A] net_pins_lt2 skip
15:46:06 | DEBUG   | eda.router             | [root] [LED_DRY_GLASS_A] net_pins_lt2 skip
15:46:06 | DEBUG   | eda.router             | [root] [LED_AC_A] net_pins_lt2 skip
15:46:06 | DEBUG   | eda.router             | [root] [LED_RECIRC_A] net_pins_lt2 skip
15:46:06 | DEBUG   | eda.router             | [root] [M_FAN_GATE] net_pins_lt2 skip
15:46:06 | DEBUG   | eda.router             | [root] [SENS_FAN_SW] net_pins_lt2 skip
15:46:06 | DEBUG   | eda.router             | [root] [FAN_GATE] net_pins_lt2 skip
15:46:06 | DEBUG   | eda.router             | [root] [FAN_PWM_NODE] net_pins_lt2 skip
15:46:06 | DEBUG   | eda.router             | [root] [AC_BASE] net_pins_lt2 skip
15:46:06 | DEBUG   | eda.router             | [root] [AC_PNP_BASE] net_pins_lt2 skip
15:46:06 | DEBUG   | eda.router             | [root] [AC_REQ] net_pins_lt2 skip
15:46:06 | DEBUG   | eda.router             | [root] [ILIM_1] net_pins_lt2 skip
15:46:06 | DEBUG   | eda.router             | [root] [ILIM_2] net_pins_lt2 skip
15:46:06 | DEBUG   | eda.router             | [root] [ILIM_3] net_pins_lt2 skip
15:46:06 | DEBUG   | eda.router             | [root] [ILIM_4] net_pins_lt2 skip
15:46:06 | DEBUG   | eda.router             | [root] [NET_SCALE_CH1_A] net_pins_lt2 skip
15:46:06 | DEBUG   | eda.router             | [root] [NET_SCALE_CH1_B] net_pins_lt2 skip
15:46:06 | DEBUG   | eda.router             | [root] [NET_SCALE_CH1_C] net_pins_lt2 skip
15:46:06 | DEBUG   | eda.router             | [root] [NET_SCALE_CH2_A] net_pins_lt2 skip
15:46:06 | DEBUG   | eda.router             | [root] [NET_SCALE_CH2_B] net_pins_lt2 skip
15:46:06 | DEBUG   | eda.router             | [root] [NET_SCALE_CH2_C] net_pins_lt2 skip
15:46:06 | DEBUG   | eda.router             | [root] [NET_SCALE_CH3_A] net_pins_lt2 skip
15:46:06 | DEBUG   | eda.router             | [root] [NET_SCALE_CH3_B] net_pins_lt2 skip
15:46:06 | DEBUG   | eda.router             | [root] [NET_SCALE_CH3_C] net_pins_lt2 skip
15:46:06 | DEBUG   | eda.router             | [root] [NET_SCALE_CH4_A] net_pins_lt2 skip
15:46:06 | DEBUG   | eda.router             | [root] [NET_SCALE_CH4_B] net_pins_lt2 skip
15:46:06 | DEBUG   | eda.router             | [root] [NET_SCALE_CH4_C] net_pins_lt2 skip
15:46:06 | DEBUG   | eda.router             | [root] [NET_SCALE_CH5_A] net_pins_lt2 skip
15:46:06 | DEBUG   | eda.router             | [root] [NET_SCALE_CH5_B] net_pins_lt2 skip
15:46:06 | DEBUG   | eda.router             | [root] [NET_SCALE_CH5_C] net_pins_lt2 skip
15:46:06 | DEBUG   | eda.router             | [root] [NET_SCALE_CH6_A] net_pins_lt2 skip
15:46:06 | DEBUG   | eda.router             | [root] [NET_SCALE_CH6_B] net_pins_lt2 skip
15:46:06 | DEBUG   | eda.router             | [root] [NET_SCALE_CH6_C] net_pins_lt2 skip
15:46:06 | DEBUG   | eda.router             | [root] [NET_SCALE_CH7_A] net_pins_lt2 skip
15:46:06 | DEBUG   | eda.router             | [root] [NET_SCALE_CH7_B] net_pins_lt2 skip
15:46:06 | DEBUG   | eda.router             | [root] [NET_SCALE_CH7_C] net_pins_lt2 skip
15:46:06 | DEBUG   | eda.router             | [root] [NET_SCALE_CH8_A] net_pins_lt2 skip
15:46:06 | DEBUG   | eda.router             | [root] [NET_SCALE_CH8_B] net_pins_lt2 skip
15:46:06 | DEBUG   | eda.router             | [root] [NET_SCALE_CH8_C] net_pins_lt2 skip
15:46:06 | INFO    | eda.router             | [root] routing_done wires=127 labels=58 t_junctions=91
15:46:06 | INFO    | eda.router             | [root] router field cols=[9..44] rows=[5..32]
15:46:06 | INFO    | eda.router             | [root] router field cols=[-32..145] rows=[-30..135]
15:46:08 | INFO    | eda.router             | [root] router field cols=[-36..160] rows=[-25..117]
15:46:09 | INFO    | eda.router             | [root] router field cols=[-10..57] rows=[-4..32]
15:46:09 | INFO    | eda.router             | [root] router field cols=[7..27] rows=[5..20]
15:46:09 | INFO    | eda.router             | [root] router field cols=[7..24] rows=[7..19]
15:46:09 | INFO    | eda.router             | [root] router field cols=[6..22] rows=[7..19]
15:46:10 | INFO    | eda.router             | [root] router field cols=[-23..109] rows=[-8..48]
15:46:10 | INFO    | eda.router             | [root] router field cols=[-44..193] rows=[-30..136]
15:46:13 | INFO    | eda.router             | [root] router field cols=[-24..111] rows=[-18..88]
15:46:14 | INFO    | eda.writer             | [root] [-] [C10] write_symbol lib_id=Device:C anchor_mm=(246.38,130.81) rotation=0 mirror=None bbox_size=2x6 cells
15:46:14 | INFO    | eda.writer             | [root] [-] [C21] write_symbol lib_id=Device:C anchor_mm=(246.38,38.10) rotation=0 mirror=None bbox_size=2x6 cells
15:46:14 | INFO    | eda.writer             | [root] [-] [C5] write_symbol lib_id=Device:C anchor_mm=(233.68,130.81) rotation=0 mirror=None bbox_size=2x6 cells
15:46:14 | INFO    | eda.writer             | [root] [-] [C6] write_symbol lib_id=Device:C anchor_mm=(212.09,130.81) rotation=0 mirror=None bbox_size=2x6 cells
15:46:14 | INFO    | eda.writer             | [root] [-] [C7] write_symbol lib_id=Device:C anchor_mm=(181.61,130.81) rotation=0 mirror=None bbox_size=2x6 cells
15:46:14 | INFO    | eda.writer             | [root] [-] [C8] write_symbol lib_id=Device:C anchor_mm=(151.13,130.81) rotation=0 mirror=None bbox_size=2x6 cells
15:46:14 | INFO    | eda.writer             | [root] [-] [C9] write_symbol lib_id=Device:C anchor_mm=(120.65,130.81) rotation=0 mirror=None bbox_size=2x6 cells
15:46:14 | INFO    | eda.writer             | [root] [-] [FB1] write_symbol lib_id=Device:L anchor_mm=(300.99,130.81) rotation=0 mirror=None bbox_size=2x6 cells
15:46:14 | INFO    | eda.writer             | [root] [-] [J2] write_symbol lib_id=Connector_Generic:Conn_01x04 anchor_mm=(95.25,129.54) rotation=0 mirror=None bbox_size=2x6 cells
15:46:14 | INFO    | eda.writer             | [root] [-] [R1] write_symbol lib_id=Device:R anchor_mm=(267.97,130.81) rotation=0 mirror=None bbox_size=2x6 cells
15:46:14 | INFO    | eda.writer             | [root] [-] [R2] write_symbol lib_id=Device:R anchor_mm=(233.68,38.10) rotation=0 mirror=None bbox_size=2x6 cells
15:46:14 | INFO    | eda.writer             | [root] [-] [U1] write_symbol lib_id=MCU_ST_STM32F1:STM32F103R_C-D-E_Tx anchor_mm=(52.07,130.81) rotation=0 mirror=None bbox_size=28x76 cells
15:46:14 | INFO    | eda.writer             | [root] [-] [X_CAN] write_sheet name=X_CAN file=sheets/can_bus.kicad_sch anchor_mm=(201.93,27.94) size_mm=(20.32,20.32) bbox_size=16x16 cells
15:46:14 | INFO    | eda.writer             | [root] [-] [X_CAN] [X_CAN:VCC_5V] write_sheet_pin pin=X_CAN:VCC_5V net=VCC_5V side=left offset_mm=17.78 shape=passive pin_mm=(201.93,30.48)
15:46:14 | INFO    | eda.writer             | [root] [-] [X_CAN] [X_CAN:GND] write_sheet_pin pin=X_CAN:GND net=GND side=left offset_mm=15.24 shape=passive pin_mm=(201.93,33.02)
15:46:14 | INFO    | eda.writer             | [root] [-] [X_CAN] [X_CAN:CAN_TX] write_sheet_pin pin=X_CAN:CAN_TX net=CAN_TX side=right offset_mm=2.54 shape=output pin_mm=(220.98,30.48)
15:46:14 | INFO    | eda.writer             | [root] [-] [X_CAN] [X_CAN:CAN_RX] write_sheet_pin pin=X_CAN:CAN_RX net=CAN_RX side=right offset_mm=5.08 shape=output pin_mm=(220.98,33.02)
15:46:14 | INFO    | eda.writer             | [root] [-] [X_CAN] [X_CAN:CANH] write_sheet_pin pin=X_CAN:CANH net=CANH side=right offset_mm=7.62 shape=output pin_mm=(220.98,35.56)
15:46:14 | INFO    | eda.writer             | [root] [-] [X_CAN] [X_CAN:CANL] write_sheet_pin pin=X_CAN:CANL net=CANL side=right offset_mm=10.16 shape=output pin_mm=(220.98,38.10)
15:46:14 | INFO    | eda.writer             | [root] [-] [X_PWR] write_sheet name=X_PWR file=sheets/power_supply.kicad_sch anchor_mm=(3.81,97.79) size_mm=(20.32,66.04) bbox_size=16x52 cells
15:46:14 | INFO    | eda.writer             | [root] [-] [X_PWR] [X_PWR:VCC_12V] write_sheet_pin pin=X_PWR:VCC_12V net=VCC_12V side=left offset_mm=63.50 shape=passive pin_mm=(3.81,100.33)
15:46:14 | INFO    | eda.writer             | [root] [-] [X_PWR] [X_PWR:VCC_5V] write_sheet_pin pin=X_PWR:VCC_5V net=VCC_5V side=left offset_mm=60.96 shape=passive pin_mm=(3.81,102.87)
15:46:14 | INFO    | eda.writer             | [root] [-] [X_PWR] [X_PWR:VCC_3V3] write_sheet_pin pin=X_PWR:VCC_3V3 net=VCC_3V3 side=left offset_mm=58.42 shape=passive pin_mm=(3.81,105.41)
15:46:14 | INFO    | eda.writer             | [root] [-] [X_PWR] [X_PWR:GND] write_sheet_pin pin=X_PWR:GND net=GND side=left offset_mm=55.88 shape=passive pin_mm=(3.81,107.95)
15:46:14 | INFO    | eda.writer             | [root] [-] [X_PWR] [X_PWR:SOLAR_RAW] write_sheet_pin pin=X_PWR:SOLAR_RAW net=SOLAR_RAW side=left offset_mm=53.34 shape=input pin_mm=(3.81,110.49)
15:46:14 | INFO    | eda.writer             | [root] [-] [X_PWR] [X_PWR:COND_RAW] write_sheet_pin pin=X_PWR:COND_RAW net=COND_RAW side=left offset_mm=50.80 shape=input pin_mm=(3.81,113.03)
15:46:14 | INFO    | eda.writer             | [root] [-] [X_PWR] [X_PWR:FB_M2_RAW] write_sheet_pin pin=X_PWR:FB_M2_RAW net=FB_M2_RAW side=left offset_mm=48.26 shape=input pin_mm=(3.81,115.57)
15:46:14 | INFO    | eda.writer             | [root] [-] [X_PWR] [X_PWR:FB_M3_RAW] write_sheet_pin pin=X_PWR:FB_M3_RAW net=FB_M3_RAW side=left offset_mm=45.72 shape=input pin_mm=(3.81,118.11)
15:46:14 | INFO    | eda.writer             | [root] [-] [X_PWR] [X_PWR:FB_M4_RAW] write_sheet_pin pin=X_PWR:FB_M4_RAW net=FB_M4_RAW side=left offset_mm=43.18 shape=input pin_mm=(3.81,120.65)
15:46:14 | INFO    | eda.writer             | [root] [-] [X_PWR] [X_PWR:AC_REQ_OUT] write_sheet_pin pin=X_PWR:AC_REQ_OUT net=AC_REQ_OUT side=left offset_mm=40.64 shape=input pin_mm=(3.81,123.19)
15:46:14 | INFO    | eda.writer             | [root] [-] [X_PWR] [X_PWR:ILLUM_IN_RAW] write_sheet_pin pin=X_PWR:ILLUM_IN_RAW net=ILLUM_IN_RAW side=left offset_mm=38.10 shape=input pin_mm=(3.81,125.73)
15:46:14 | INFO    | eda.writer             | [root] [-] [X_PWR] [X_PWR:FB_M1_RAW] write_sheet_pin pin=X_PWR:FB_M1_RAW net=FB_M1_RAW side=left offset_mm=35.56 shape=input pin_mm=(3.81,128.27)
15:46:14 | INFO    | eda.writer             | [root] [-] [X_PWR] [X_PWR:NTC_HEAT_W] write_sheet_pin pin=X_PWR:NTC_HEAT_W net=NTC_HEAT_W side=right offset_mm=2.54 shape=output pin_mm=(22.86,100.33)
15:46:14 | INFO    | eda.writer             | [root] [-] [X_PWR] [X_PWR:MOTOR_1_A] write_sheet_pin pin=X_PWR:MOTOR_1_A net=MOTOR_1_A side=right offset_mm=5.08 shape=output pin_mm=(22.86,102.87)
15:46:14 | INFO    | eda.writer             | [root] [-] [X_PWR] [X_PWR:MOTOR_1_B] write_sheet_pin pin=X_PWR:MOTOR_1_B net=MOTOR_1_B side=right offset_mm=7.62 shape=output pin_mm=(22.86,105.41)
15:46:14 | INFO    | eda.writer             | [root] [-] [X_PWR] [X_PWR:MOTOR_2_A] write_sheet_pin pin=X_PWR:MOTOR_2_A net=MOTOR_2_A side=right offset_mm=10.16 shape=output pin_mm=(22.86,107.95)
15:46:14 | INFO    | eda.writer             | [root] [-] [X_PWR] [X_PWR:MOTOR_2_B] write_sheet_pin pin=X_PWR:MOTOR_2_B net=MOTOR_2_B side=right offset_mm=12.70 shape=output pin_mm=(22.86,110.49)
15:46:14 | INFO    | eda.writer             | [root] [-] [X_PWR] [X_PWR:MOTOR_3_A] write_sheet_pin pin=X_PWR:MOTOR_3_A net=MOTOR_3_A side=right offset_mm=15.24 shape=output pin_mm=(22.86,113.03)
15:46:14 | INFO    | eda.writer             | [root] [-] [X_PWR] [X_PWR:MOTOR_3_B] write_sheet_pin pin=X_PWR:MOTOR_3_B net=MOTOR_3_B side=right offset_mm=17.78 shape=output pin_mm=(22.86,115.57)
15:46:14 | INFO    | eda.writer             | [root] [-] [X_PWR] [X_PWR:MOTOR_4_A] write_sheet_pin pin=X_PWR:MOTOR_4_A net=MOTOR_4_A side=right offset_mm=20.32 shape=output pin_mm=(22.86,118.11)
15:46:14 | INFO    | eda.writer             | [root] [-] [X_PWR] [X_PWR:MOTOR_4_B] write_sheet_pin pin=X_PWR:MOTOR_4_B net=MOTOR_4_B side=right offset_mm=22.86 shape=output pin_mm=(22.86,120.65)
15:46:14 | INFO    | eda.writer             | [root] [-] [X_PWR] [X_PWR:CANH] write_sheet_pin pin=X_PWR:CANH net=CANH side=right offset_mm=25.40 shape=output pin_mm=(22.86,123.19)
15:46:14 | INFO    | eda.writer             | [root] [-] [X_PWR] [X_PWR:CANL] write_sheet_pin pin=X_PWR:CANL net=CANL side=right offset_mm=27.94 shape=output pin_mm=(22.86,125.73)
15:46:14 | INFO    | eda.writer             | [root] [-] [X_PWR] [X_PWR:HEAT_FAN_PWM_CTL] write_sheet_pin pin=X_PWR:HEAT_FAN_PWM_CTL net=HEAT_FAN_PWM_CTL side=right offset_mm=30.48 shape=output pin_mm=(22.86,128.27)
15:46:14 | INFO    | eda.writer             | [root] [-] [X_UI] write_sheet name=X_UI file=sheets/user_interface.kicad_sch anchor_mm=(288.29,11.43) size_mm=(25.40,53.34) bbox_size=20x42 cells
15:46:14 | INFO    | eda.writer             | [root] [-] [X_UI] [X_UI:VCC_3V3] write_sheet_pin pin=X_UI:VCC_3V3 net=VCC_3V3 side=left offset_mm=50.80 shape=passive pin_mm=(288.29,13.97)
15:46:14 | INFO    | eda.writer             | [root] [-] [X_UI] [X_UI:GND] write_sheet_pin pin=X_UI:GND net=GND side=left offset_mm=48.26 shape=passive pin_mm=(288.29,16.51)
15:46:14 | INFO    | eda.writer             | [root] [-] [X_UI] [X_UI:NTC_CABIN] write_sheet_pin pin=X_UI:NTC_CABIN net=NTC_CABIN side=left offset_mm=45.72 shape=input pin_mm=(288.29,19.05)
15:46:14 | INFO    | eda.writer             | [root] [-] [X_UI] [X_UI:ILLUM_IN_RAW] write_sheet_pin pin=X_UI:ILLUM_IN_RAW net=ILLUM_IN_RAW side=left offset_mm=43.18 shape=input pin_mm=(288.29,21.59)
15:46:14 | INFO    | eda.writer             | [root] [-] [X_UI] [X_UI:ILLUM_SENSE] write_sheet_pin pin=X_UI:ILLUM_SENSE net=ILLUM_SENSE side=left offset_mm=40.64 shape=passive pin_mm=(288.29,24.13)
15:46:14 | INFO    | eda.writer             | [root] [-] [X_UI] [X_UI:BTN_DEFROST_GLASS] write_sheet_pin pin=X_UI:BTN_DEFROST_GLASS net=BTN_DEFROST_GLASS side=right offset_mm=2.54 shape=output pin_mm=(312.42,13.97)
15:46:14 | INFO    | eda.writer             | [root] [-] [X_UI] [X_UI:BTN_FACE] write_sheet_pin pin=X_UI:BTN_FACE net=BTN_FACE side=right offset_mm=5.08 shape=output pin_mm=(312.42,16.51)
15:46:14 | INFO    | eda.writer             | [root] [-] [X_UI] [X_UI:BTN_FEET] write_sheet_pin pin=X_UI:BTN_FEET net=BTN_FEET side=right offset_mm=7.62 shape=output pin_mm=(312.42,19.05)
15:46:14 | INFO    | eda.writer             | [root] [-] [X_UI] [X_UI:BTN_DRY_GLASS] write_sheet_pin pin=X_UI:BTN_DRY_GLASS net=BTN_DRY_GLASS side=right offset_mm=10.16 shape=output pin_mm=(312.42,21.59)
15:46:14 | INFO    | eda.writer             | [root] [-] [X_UI] [X_UI:BTN_AC] write_sheet_pin pin=X_UI:BTN_AC net=BTN_AC side=right offset_mm=12.70 shape=output pin_mm=(312.42,24.13)
15:46:14 | INFO    | eda.writer             | [root] [-] [X_UI] [X_UI:BTN_RECIRC] write_sheet_pin pin=X_UI:BTN_RECIRC net=BTN_RECIRC side=right offset_mm=15.24 shape=output pin_mm=(312.42,26.67)
15:46:14 | INFO    | eda.writer             | [root] [-] [X_UI] [X_UI:LED_DEFROST_GLASS_DRV] write_sheet_pin pin=X_UI:LED_DEFROST_GLASS_DRV net=LED_DEFROST_GLASS_DRV side=right offset_mm=17.78 shape=output pin_mm=(312.42,29.21)
15:46:14 | INFO    | eda.writer             | [root] [-] [X_UI] [X_UI:LED_FACE_DRV] write_sheet_pin pin=X_UI:LED_FACE_DRV net=LED_FACE_DRV side=right offset_mm=20.32 shape=output pin_mm=(312.42,31.75)
15:46:14 | INFO    | eda.writer             | [root] [-] [X_UI] [X_UI:LED_FEET_DRV] write_sheet_pin pin=X_UI:LED_FEET_DRV net=LED_FEET_DRV side=right offset_mm=22.86 shape=output pin_mm=(312.42,34.29)
15:46:14 | INFO    | eda.writer             | [root] [-] [X_UI] [X_UI:LED_DRY_GLASS_DRV] write_sheet_pin pin=X_UI:LED_DRY_GLASS_DRV net=LED_DRY_GLASS_DRV side=right offset_mm=25.40 shape=output pin_mm=(312.42,36.83)
15:46:14 | INFO    | eda.writer             | [root] [-] [X_UI] [X_UI:LED_AC_DRV] write_sheet_pin pin=X_UI:LED_AC_DRV net=LED_AC_DRV side=right offset_mm=27.94 shape=output pin_mm=(312.42,39.37)
15:46:14 | INFO    | eda.writer             | [root] [-] [X_UI] [X_UI:LED_RECIRC_DRV] write_sheet_pin pin=X_UI:LED_RECIRC_DRV net=LED_RECIRC_DRV side=right offset_mm=30.48 shape=output pin_mm=(312.42,41.91)
15:46:14 | INFO    | eda.writer             | [root] [-] [X_UI] [X_UI:TEMP_SET_ADC] write_sheet_pin pin=X_UI:TEMP_SET_ADC net=TEMP_SET_ADC side=right offset_mm=33.02 shape=output pin_mm=(312.42,44.45)
15:46:14 | INFO    | eda.writer             | [root] [-] [X_UI] [X_UI:FAN_SEL_ADC] write_sheet_pin pin=X_UI:FAN_SEL_ADC net=FAN_SEL_ADC side=right offset_mm=35.56 shape=output pin_mm=(312.42,46.99)
15:46:14 | INFO    | eda.writer             | [root] [-] [X_SEN_CABIN] write_sheet name=X_SEN_CABIN file=sheets/cabin_sensor.kicad_sch anchor_mm=(171.45,30.48) size_mm=(20.32,15.24) bbox_size=16x12 cells
15:46:14 | INFO    | eda.writer             | [root] [-] [X_SEN_CABIN] [X_SEN_CABIN:VCC_12V] write_sheet_pin pin=X_SEN_CABIN:VCC_12V net=VCC_12V side=left offset_mm=12.70 shape=passive pin_mm=(171.45,33.02)
15:46:14 | INFO    | eda.writer             | [root] [-] [X_SEN_CABIN] [X_SEN_CABIN:GND] write_sheet_pin pin=X_SEN_CABIN:GND net=GND side=left offset_mm=10.16 shape=passive pin_mm=(171.45,35.56)
15:46:14 | INFO    | eda.writer             | [root] [-] [X_SEN_CABIN] [X_SEN_CABIN:NTC_CABIN] write_sheet_pin pin=X_SEN_CABIN:NTC_CABIN net=NTC_CABIN side=left offset_mm=7.62 shape=input pin_mm=(171.45,38.10)
15:46:14 | INFO    | eda.writer             | [root] [-] [X_SEN_CABIN] [X_SEN_CABIN:M_FAN_CTL] write_sheet_pin pin=X_SEN_CABIN:M_FAN_CTL net=M_FAN_CTL side=left offset_mm=5.08 shape=input pin_mm=(171.45,40.64)
15:46:14 | INFO    | eda.writer             | [root] [-] [X_SEN_HEAT] write_sheet name=X_SEN_HEAT file=sheets/heating_sensor.kicad_sch anchor_mm=(257.81,30.48) size_mm=(20.32,15.24) bbox_size=16x12 cells
15:46:14 | INFO    | eda.writer             | [root] [-] [X_SEN_HEAT] [X_SEN_HEAT:VCC_3V3] write_sheet_pin pin=X_SEN_HEAT:VCC_3V3 net=VCC_3V3 side=left offset_mm=12.70 shape=passive pin_mm=(257.81,33.02)
15:46:14 | INFO    | eda.writer             | [root] [-] [X_SEN_HEAT] [X_SEN_HEAT:GND] write_sheet_pin pin=X_SEN_HEAT:GND net=GND side=left offset_mm=10.16 shape=passive pin_mm=(257.81,35.56)
15:46:14 | INFO    | eda.writer             | [root] [-] [X_SEN_HEAT] [X_SEN_HEAT:NTC_HEAT_W] write_sheet_pin pin=X_SEN_HEAT:NTC_HEAT_W net=NTC_HEAT_W side=right offset_mm=2.54 shape=output pin_mm=(276.86,33.02)
15:46:14 | INFO    | eda.writer             | [root] [-] [X_SEN_HEAT] [X_SEN_HEAT:NTC_HEAT] write_sheet_pin pin=X_SEN_HEAT:NTC_HEAT net=NTC_HEAT side=right offset_mm=5.08 shape=output pin_mm=(276.86,35.56)
15:46:14 | INFO    | eda.writer             | [root] [-] [X_SEN_SOLAR] write_sheet name=X_SEN_SOLAR file=sheets/solar_sensor.kicad_sch anchor_mm=(140.97,31.75) size_mm=(20.32,12.70) bbox_size=16x10 cells
15:46:14 | INFO    | eda.writer             | [root] [-] [X_SEN_SOLAR] [X_SEN_SOLAR:GND] write_sheet_pin pin=X_SEN_SOLAR:GND net=GND side=left offset_mm=10.16 shape=passive pin_mm=(140.97,34.29)
15:46:14 | INFO    | eda.writer             | [root] [-] [X_SEN_SOLAR] [X_SEN_SOLAR:SOLAR_RAW] write_sheet_pin pin=X_SEN_SOLAR:SOLAR_RAW net=SOLAR_RAW side=left offset_mm=7.62 shape=input pin_mm=(140.97,36.83)
15:46:14 | INFO    | eda.writer             | [root] [-] [X_SEN_SOLAR] [X_SEN_SOLAR:SOLAR_ADC] write_sheet_pin pin=X_SEN_SOLAR:SOLAR_ADC net=SOLAR_ADC side=right offset_mm=2.54 shape=output pin_mm=(160.02,34.29)
15:46:14 | INFO    | eda.writer             | [root] [-] [X_SEN_COND] write_sheet name=X_SEN_COND file=sheets/condensate_sensor.kicad_sch anchor_mm=(110.49,31.75) size_mm=(20.32,12.70) bbox_size=16x10 cells
15:46:14 | INFO    | eda.writer             | [root] [-] [X_SEN_COND] [X_SEN_COND:GND] write_sheet_pin pin=X_SEN_COND:GND net=GND side=left offset_mm=10.16 shape=passive pin_mm=(110.49,34.29)
15:46:14 | INFO    | eda.writer             | [root] [-] [X_SEN_COND] [X_SEN_COND:COND_RAW] write_sheet_pin pin=X_SEN_COND:COND_RAW net=COND_RAW side=left offset_mm=7.62 shape=input pin_mm=(110.49,36.83)
15:46:14 | INFO    | eda.writer             | [root] [-] [X_SEN_COND] [X_SEN_COND:COND_ADC] write_sheet_pin pin=X_SEN_COND:COND_ADC net=COND_ADC side=right offset_mm=2.54 shape=output pin_mm=(129.54,34.29)
15:46:14 | INFO    | eda.writer             | [root] [-] [X_OUT] write_sheet name=X_OUT file=sheets/power_outputs.kicad_sch anchor_mm=(80.01,27.94) size_mm=(20.32,20.32) bbox_size=16x16 cells
15:46:14 | INFO    | eda.writer             | [root] [-] [X_OUT] [X_OUT:VCC_12V] write_sheet_pin pin=X_OUT:VCC_12V net=VCC_12V side=left offset_mm=17.78 shape=passive pin_mm=(80.01,30.48)
15:46:14 | INFO    | eda.writer             | [root] [-] [X_OUT] [X_OUT:GND] write_sheet_pin pin=X_OUT:GND net=GND side=left offset_mm=15.24 shape=passive pin_mm=(80.01,33.02)
15:46:14 | INFO    | eda.writer             | [root] [-] [X_OUT] [X_OUT:FAN_PWM_CTL] write_sheet_pin pin=X_OUT:FAN_PWM_CTL net=FAN_PWM_CTL side=left offset_mm=12.70 shape=input pin_mm=(80.01,35.56)
15:46:14 | INFO    | eda.writer             | [root] [-] [X_OUT] [X_OUT:AC_CTL] write_sheet_pin pin=X_OUT:AC_CTL net=AC_CTL side=left offset_mm=10.16 shape=input pin_mm=(80.01,38.10)
15:46:14 | INFO    | eda.writer             | [root] [-] [X_OUT] [X_OUT:AC_REQ_OUT] write_sheet_pin pin=X_OUT:AC_REQ_OUT net=AC_REQ_OUT side=left offset_mm=7.62 shape=input pin_mm=(80.01,40.64)
15:46:14 | INFO    | eda.writer             | [root] [-] [X_OUT] [X_OUT:HEAT_FAN_PWM_CTL] write_sheet_pin pin=X_OUT:HEAT_FAN_PWM_CTL net=HEAT_FAN_PWM_CTL side=right offset_mm=2.54 shape=output pin_mm=(99.06,30.48)
15:46:14 | INFO    | eda.writer             | [root] [-] [X_ACT] write_sheet name=X_ACT file=sheets/actuators.kicad_sch anchor_mm=(41.91,3.81) size_mm=(20.32,68.58) bbox_size=16x54 cells
15:46:14 | INFO    | eda.writer             | [root] [-] [X_ACT] [X_ACT:VCC_12V] write_sheet_pin pin=X_ACT:VCC_12V net=VCC_12V side=left offset_mm=66.04 shape=passive pin_mm=(41.91,6.35)
15:46:14 | INFO    | eda.writer             | [root] [-] [X_ACT] [X_ACT:GND] write_sheet_pin pin=X_ACT:GND net=GND side=left offset_mm=63.50 shape=passive pin_mm=(41.91,8.89)
15:46:14 | INFO    | eda.writer             | [root] [-] [X_ACT] [X_ACT:M1_IN1] write_sheet_pin pin=X_ACT:M1_IN1 net=M1_IN1 side=left offset_mm=60.96 shape=input pin_mm=(41.91,11.43)
15:46:14 | INFO    | eda.writer             | [root] [-] [X_ACT] [X_ACT:M1_IN2] write_sheet_pin pin=X_ACT:M1_IN2 net=M1_IN2 side=left offset_mm=58.42 shape=input pin_mm=(41.91,13.97)
15:46:14 | INFO    | eda.writer             | [root] [-] [X_ACT] [X_ACT:FB_M2_RAW] write_sheet_pin pin=X_ACT:FB_M2_RAW net=FB_M2_RAW side=left offset_mm=55.88 shape=input pin_mm=(41.91,16.51)
15:46:14 | INFO    | eda.writer             | [root] [-] [X_ACT] [X_ACT:M2_IN1] write_sheet_pin pin=X_ACT:M2_IN1 net=M2_IN1 side=left offset_mm=53.34 shape=input pin_mm=(41.91,19.05)
15:46:14 | INFO    | eda.writer             | [root] [-] [X_ACT] [X_ACT:M2_IN2] write_sheet_pin pin=X_ACT:M2_IN2 net=M2_IN2 side=left offset_mm=50.80 shape=input pin_mm=(41.91,21.59)
15:46:14 | INFO    | eda.writer             | [root] [-] [X_ACT] [X_ACT:FB_M3_RAW] write_sheet_pin pin=X_ACT:FB_M3_RAW net=FB_M3_RAW side=left offset_mm=48.26 shape=input pin_mm=(41.91,24.13)
15:46:14 | INFO    | eda.writer             | [root] [-] [X_ACT] [X_ACT:M3_IN1] write_sheet_pin pin=X_ACT:M3_IN1 net=M3_IN1 side=left offset_mm=45.72 shape=input pin_mm=(41.91,26.67)
15:46:14 | INFO    | eda.writer             | [root] [-] [X_ACT] [X_ACT:M3_IN2] write_sheet_pin pin=X_ACT:M3_IN2 net=M3_IN2 side=left offset_mm=43.18 shape=input pin_mm=(41.91,29.21)
15:46:14 | INFO    | eda.writer             | [root] [-] [X_ACT] [X_ACT:FB_M4_RAW] write_sheet_pin pin=X_ACT:FB_M4_RAW net=FB_M4_RAW side=left offset_mm=40.64 shape=input pin_mm=(41.91,31.75)
15:46:14 | INFO    | eda.writer             | [root] [-] [X_ACT] [X_ACT:M4_IN1] write_sheet_pin pin=X_ACT:M4_IN1 net=M4_IN1 side=left offset_mm=38.10 shape=input pin_mm=(41.91,34.29)
15:46:14 | INFO    | eda.writer             | [root] [-] [X_ACT] [X_ACT:M4_IN2] write_sheet_pin pin=X_ACT:M4_IN2 net=M4_IN2 side=left offset_mm=35.56 shape=input pin_mm=(41.91,36.83)
15:46:14 | INFO    | eda.writer             | [root] [-] [X_ACT] [X_ACT:MOTOR_1_A] write_sheet_pin pin=X_ACT:MOTOR_1_A net=MOTOR_1_A side=right offset_mm=2.54 shape=output pin_mm=(60.96,6.35)
15:46:14 | INFO    | eda.writer             | [root] [-] [X_ACT] [X_ACT:MOTOR_1_B] write_sheet_pin pin=X_ACT:MOTOR_1_B net=MOTOR_1_B side=right offset_mm=5.08 shape=output pin_mm=(60.96,8.89)
15:46:14 | INFO    | eda.writer             | [root] [-] [X_ACT] [X_ACT:FB_M1] write_sheet_pin pin=X_ACT:FB_M1 net=FB_M1 side=right offset_mm=7.62 shape=output pin_mm=(60.96,11.43)
15:46:14 | INFO    | eda.writer             | [root] [-] [X_ACT] [X_ACT:MOTOR_2_A] write_sheet_pin pin=X_ACT:MOTOR_2_A net=MOTOR_2_A side=right offset_mm=10.16 shape=output pin_mm=(60.96,13.97)
15:46:14 | INFO    | eda.writer             | [root] [-] [X_ACT] [X_ACT:MOTOR_2_B] write_sheet_pin pin=X_ACT:MOTOR_2_B net=MOTOR_2_B side=right offset_mm=12.70 shape=output pin_mm=(60.96,16.51)
15:46:14 | INFO    | eda.writer             | [root] [-] [X_ACT] [X_ACT:FB_M2] write_sheet_pin pin=X_ACT:FB_M2 net=FB_M2 side=right offset_mm=15.24 shape=output pin_mm=(60.96,19.05)
15:46:14 | INFO    | eda.writer             | [root] [-] [X_ACT] [X_ACT:MOTOR_3_A] write_sheet_pin pin=X_ACT:MOTOR_3_A net=MOTOR_3_A side=right offset_mm=17.78 shape=output pin_mm=(60.96,21.59)
15:46:14 | INFO    | eda.writer             | [root] [-] [X_ACT] [X_ACT:MOTOR_3_B] write_sheet_pin pin=X_ACT:MOTOR_3_B net=MOTOR_3_B side=right offset_mm=20.32 shape=output pin_mm=(60.96,24.13)
15:46:14 | INFO    | eda.writer             | [root] [-] [X_ACT] [X_ACT:FB_M3] write_sheet_pin pin=X_ACT:FB_M3 net=FB_M3 side=right offset_mm=22.86 shape=output pin_mm=(60.96,26.67)
15:46:14 | INFO    | eda.writer             | [root] [-] [X_ACT] [X_ACT:MOTOR_4_A] write_sheet_pin pin=X_ACT:MOTOR_4_A net=MOTOR_4_A side=right offset_mm=25.40 shape=output pin_mm=(60.96,29.21)
15:46:14 | INFO    | eda.writer             | [root] [-] [X_ACT] [X_ACT:MOTOR_4_B] write_sheet_pin pin=X_ACT:MOTOR_4_B net=MOTOR_4_B side=right offset_mm=27.94 shape=output pin_mm=(60.96,31.75)
15:46:14 | INFO    | eda.writer             | [root] [-] [X_ACT] [X_ACT:FB_M4] write_sheet_pin pin=X_ACT:FB_M4 net=FB_M4 side=right offset_mm=30.48 shape=output pin_mm=(60.96,34.29)
15:46:14 | INFO    | eda.writer             | [root] [-] [X_BACKLIGHT] write_sheet name=X_BACKLIGHT file=sheets/backlight.kicad_sch anchor_mm=(3.81,33.02) size_mm=(20.32,10.16) bbox_size=16x8 cells
15:46:14 | INFO    | eda.writer             | [root] [-] [X_BACKLIGHT] [X_BACKLIGHT:ILLUM_IN_RAW] write_sheet_pin pin=X_BACKLIGHT:ILLUM_IN_RAW net=ILLUM_IN_RAW side=left offset_mm=7.62 shape=passive pin_mm=(3.81,35.56)
15:46:14 | INFO    | eda.writer             | [root] [-] [X_BACKLIGHT] [X_BACKLIGHT:GND] write_sheet_pin pin=X_BACKLIGHT:GND net=GND side=left offset_mm=5.08 shape=passive pin_mm=(3.81,38.10)
15:46:22 | INFO    | eda.writer             | [root] [VCC_12V] write_junction net=VCC_12V target_cell=(79,64) target_mm=(100.33,81.28)
15:46:22 | INFO    | eda.writer             | [root] [VCC_12V] write_junction net=VCC_12V target_cell=(79,24) target_mm=(100.33,30.48)
15:46:22 | INFO    | eda.writer             | [root] [VCC_12V] write_junction net=VCC_12V target_cell=(19,79) target_mm=(24.13,100.33)
15:46:22 | INFO    | eda.writer             | [root] [VCC_12V] write_junction net=VCC_12V target_cell=(151,26) target_mm=(191.77,33.02)
15:46:22 | INFO    | eda.writer             | [root] [VCC_12V] write_junction net=VCC_12V target_cell=(79,24) target_mm=(100.33,30.48)
15:46:22 | INFO    | eda.writer             | [root] [VCC_12V] write_junction net=VCC_12V target_cell=(49,5) target_mm=(62.23,6.35)
15:46:22 | INFO    | eda.writer             | [root] [VCC_5V] write_junction net=VCC_5V target_cell=(175,24) target_mm=(222.25,30.48)
15:46:22 | INFO    | eda.writer             | [root] [VCC_5V] write_junction net=VCC_5V target_cell=(21,81) target_mm=(26.67,102.87)
15:46:22 | INFO    | eda.writer             | [root] [VCC_3V3] write_junction net=VCC_3V3 target_cell=(167,99) target_mm=(212.09,125.73)
15:46:22 | INFO    | eda.writer             | [root] [VCC_3V3] write_junction net=VCC_3V3 target_cell=(143,99) target_mm=(181.61,125.73)
15:46:22 | INFO    | eda.writer             | [root] [VCC_3V3] write_junction net=VCC_3V3 target_cell=(119,99) target_mm=(151.13,125.73)
15:46:22 | INFO    | eda.writer             | [root] [VCC_3V3] write_junction net=VCC_3V3 target_cell=(95,99) target_mm=(120.65,125.73)
15:46:22 | INFO    | eda.writer             | [root] [VCC_3V3] write_junction net=VCC_3V3 target_cell=(45,62) target_mm=(57.15,78.74)
15:46:22 | INFO    | eda.writer             | [root] [VCC_3V3] write_junction net=VCC_3V3 target_cell=(43,63) target_mm=(54.61,80.01)
15:46:22 | INFO    | eda.writer             | [root] [VCC_3V3] write_junction net=VCC_3V3 target_cell=(184,99) target_mm=(233.68,125.73)
15:46:22 | INFO    | eda.writer             | [root] [VCC_3V3] write_junction net=VCC_3V3 target_cell=(211,99) target_mm=(267.97,125.73)
15:46:22 | INFO    | eda.writer             | [root] [VCC_3V3] write_junction net=VCC_3V3 target_cell=(95,99) target_mm=(120.65,125.73)
15:46:22 | INFO    | eda.writer             | [root] [VCC_3V3] write_junction net=VCC_3V3 target_cell=(37,63) target_mm=(46.99,80.01)
15:46:22 | INFO    | eda.writer             | [root] [VCC_3V3] write_junction net=VCC_3V3 target_cell=(237,99) target_mm=(300.99,125.73)
15:46:22 | INFO    | eda.writer             | [root] [VCC_3V3] write_junction net=VCC_3V3 target_cell=(247,26) target_mm=(313.69,33.02)
15:46:22 | INFO    | eda.writer             | [root] [VCC_3V3] write_junction net=VCC_3V3 target_cell=(39,62) target_mm=(49.53,78.74)
15:46:22 | INFO    | eda.writer             | [root] [VCC_3V3] write_junction net=VCC_3V3 target_cell=(41,62) target_mm=(52.07,78.74)
15:46:22 | INFO    | eda.writer             | [root] [VCC_3V3] write_junction net=VCC_3V3 target_cell=(24,83) target_mm=(30.48,105.41)
15:46:22 | INFO    | eda.writer             | [root] [VCC_3V3] write_junction net=VCC_3V3 target_cell=(247,11) target_mm=(313.69,13.97)
15:46:22 | INFO    | eda.writer             | [root] [VCC_3V3] write_junction net=VCC_3V3 target_cell=(219,26) target_mm=(278.13,33.02)
15:46:22 | INFO    | eda.writer             | [root] [VDDA_3V3] write_junction net=VDDA_3V3 target_cell=(194,98) target_mm=(246.38,124.46)
15:46:22 | INFO    | eda.writer             | [root] [GND] write_junction net=GND target_cell=(184,107) target_mm=(233.68,135.89)
15:46:22 | INFO    | eda.writer             | [root] [GND] write_junction net=GND target_cell=(167,107) target_mm=(212.09,135.89)
15:46:22 | INFO    | eda.writer             | [root] [GND] write_junction net=GND target_cell=(143,107) target_mm=(181.61,135.89)
15:46:22 | INFO    | eda.writer             | [root] [GND] write_junction net=GND target_cell=(119,107) target_mm=(151.13,135.89)
15:46:22 | INFO    | eda.writer             | [root] [GND] write_junction net=GND target_cell=(184,107) target_mm=(233.68,135.89)
15:46:22 | INFO    | eda.writer             | [root] [GND] write_junction net=GND target_cell=(194,107) target_mm=(246.38,135.89)
15:46:22 | INFO    | eda.writer             | [root] [GND] write_junction net=GND target_cell=(192,34) target_mm=(243.84,43.18)
15:46:22 | INFO    | eda.writer             | [root] [GND] write_junction net=GND target_cell=(95,107) target_mm=(120.65,135.89)
15:46:22 | INFO    | eda.writer             | [root] [GND] write_junction net=GND target_cell=(43,142) target_mm=(54.61,180.34)
15:46:22 | INFO    | eda.writer             | [root] [GND] write_junction net=GND target_cell=(184,34) target_mm=(233.68,43.18)
15:46:22 | INFO    | eda.writer             | [root] [GND] write_junction net=GND target_cell=(71,107) target_mm=(90.17,135.89)
15:46:22 | INFO    | eda.writer             | [root] [GND] write_junction net=GND target_cell=(194,34) target_mm=(246.38,43.18)
15:46:22 | INFO    | eda.writer             | [root] [GND] write_junction net=GND target_cell=(176,26) target_mm=(223.52,33.02)
15:46:22 | INFO    | eda.writer             | [root] [GND] write_junction net=GND target_cell=(219,6) target_mm=(278.13,7.62)
15:46:22 | INFO    | eda.writer             | [root] [GND] write_junction net=GND target_cell=(152,28) target_mm=(193.04,35.56)
15:46:22 | INFO    | eda.writer             | [root] [GND] write_junction net=GND target_cell=(127,27) target_mm=(161.29,34.29)
15:46:22 | INFO    | eda.writer             | [root] [GND] write_junction net=GND target_cell=(103,27) target_mm=(130.81,34.29)
15:46:22 | INFO    | eda.writer             | [root] [GND] write_junction net=GND target_cell=(80,26) target_mm=(101.60,33.02)
15:46:22 | INFO    | eda.writer             | [root] [GND] write_junction net=GND target_cell=(49,7) target_mm=(62.23,8.89)
15:46:22 | INFO    | eda.writer             | [root] [GND] write_junction net=GND target_cell=(182,26) target_mm=(231.14,33.02)
15:46:22 | INFO    | eda.writer             | [root] [GND] write_junction net=GND target_cell=(19,85) target_mm=(24.13,107.95)
15:46:22 | INFO    | eda.writer             | [root] [GND] write_junction net=GND target_cell=(250,13) target_mm=(317.50,16.51)
15:46:22 | INFO    | eda.writer             | [root] [GND] write_junction net=GND target_cell=(134,27) target_mm=(170.18,34.29)
15:46:22 | INFO    | eda.writer             | [root] [GND] write_junction net=GND target_cell=(221,28) target_mm=(280.67,35.56)
15:46:22 | INFO    | eda.writer             | [root] [GND] write_junction net=GND target_cell=(110,27) target_mm=(139.70,34.29)
15:46:22 | INFO    | eda.writer             | [root] [GND] write_junction net=GND target_cell=(86,26) target_mm=(109.22,33.02)
15:46:22 | INFO    | eda.writer             | [root] [GND] write_junction net=GND target_cell=(80,26) target_mm=(101.60,33.02)
15:46:22 | INFO    | eda.writer             | [root] [GND] write_junction net=GND target_cell=(30,7) target_mm=(38.10,8.89)
15:46:22 | INFO    | eda.writer             | [root] [GND] write_junction net=GND target_cell=(30,30) target_mm=(38.10,38.10)
15:46:22 | INFO    | eda.writer             | [root] [NRST] write_junction net=NRST target_cell=(211,108) target_mm=(267.97,137.16)
15:46:22 | INFO    | eda.writer             | [root] [BTN_DEFROST_GLASS] write_junction net=BTN_DEFROST_GLASS target_cell=(224,11) target_mm=(284.48,13.97)
15:46:22 | INFO    | eda.writer             | [root] [BTN_FACE] write_junction net=BTN_FACE target_cell=(222,13) target_mm=(281.94,16.51)
15:46:22 | INFO    | eda.writer             | [root] [BTN_FEET] write_junction net=BTN_FEET target_cell=(217,15) target_mm=(275.59,19.05)
15:46:22 | INFO    | eda.writer             | [root] [BTN_DRY_GLASS] write_junction net=BTN_DRY_GLASS target_cell=(225,17) target_mm=(285.75,21.59)
15:46:22 | INFO    | eda.writer             | [root] [LED_FACE_DRV] write_junction net=LED_FACE_DRV target_cell=(225,25) target_mm=(285.75,31.75)
15:46:22 | INFO    | eda.writer             | [root] [LED_DRY_GLASS_DRV] write_junction net=LED_DRY_GLASS_DRV target_cell=(225,29) target_mm=(285.75,36.83)
15:46:22 | INFO    | eda.writer             | [root] [LED_AC_DRV] write_junction net=LED_AC_DRV target_cell=(225,31) target_mm=(285.75,39.37)
15:46:22 | INFO    | eda.writer             | [root] [TEMP_SET_ADC] write_junction net=TEMP_SET_ADC target_cell=(226,35) target_mm=(287.02,44.45)
15:46:22 | INFO    | eda.writer             | [root] [NTC_CABIN] write_junction net=NTC_CABIN target_cell=(152,75) target_mm=(193.04,95.25)
15:46:22 | INFO    | eda.writer             | [root] [NTC_CABIN] write_junction net=NTC_CABIN target_cell=(249,15) target_mm=(316.23,19.05)
15:46:22 | INFO    | eda.writer             | [root] [NTC_CABIN] write_junction net=NTC_CABIN target_cell=(153,30) target_mm=(194.31,38.10)
15:46:22 | INFO    | eda.writer             | [root] [NTC_HEAT_W] write_junction net=NTC_HEAT_W target_cell=(-2,79) target_mm=(-2.54,100.33)
15:46:22 | INFO    | eda.writer             | [root] [NTC_HEAT_W] write_junction net=NTC_HEAT_W target_cell=(190,26) target_mm=(241.30,33.02)
15:46:22 | INFO    | eda.writer             | [root] [SOLAR_ADC] write_junction net=SOLAR_ADC target_cell=(126,27) target_mm=(160.02,34.29)
15:46:22 | INFO    | eda.writer             | [root] [MOTOR_1_A] write_junction net=MOTOR_1_A target_cell=(-3,81) target_mm=(-3.81,102.87)
15:46:22 | INFO    | eda.writer             | [root] [MOTOR_1_A] write_junction net=MOTOR_1_A target_cell=(31,5) target_mm=(39.37,6.35)
15:46:22 | INFO    | eda.writer             | [root] [MOTOR_1_B] write_junction net=MOTOR_1_B target_cell=(-6,83) target_mm=(-7.62,105.41)
15:46:22 | INFO    | eda.writer             | [root] [MOTOR_1_B] write_junction net=MOTOR_1_B target_cell=(26,7) target_mm=(33.02,8.89)
15:46:22 | INFO    | eda.writer             | [root] [FB_M1] write_junction net=FB_M1 target_cell=(24,9) target_mm=(30.48,11.43)
15:46:22 | INFO    | eda.writer             | [root] [M1_IN1] write_junction net=M1_IN1 target_cell=(49,9) target_mm=(62.23,11.43)
15:46:22 | INFO    | eda.writer             | [root] [M1_IN2] write_junction net=M1_IN2 target_cell=(51,11) target_mm=(64.77,13.97)
15:46:22 | INFO    | eda.writer             | [root] [MOTOR_2_A] write_junction net=MOTOR_2_A target_cell=(-7,85) target_mm=(-8.89,107.95)
15:46:22 | INFO    | eda.writer             | [root] [MOTOR_2_A] write_junction net=MOTOR_2_A target_cell=(24,11) target_mm=(30.48,13.97)
15:46:22 | INFO    | eda.writer             | [root] [MOTOR_2_B] write_junction net=MOTOR_2_B target_cell=(-10,87) target_mm=(-12.70,110.49)
15:46:22 | INFO    | eda.writer             | [root] [MOTOR_2_B] write_junction net=MOTOR_2_B target_cell=(22,13) target_mm=(27.94,16.51)
15:46:22 | INFO    | eda.writer             | [root] [FB_M2] write_junction net=FB_M2 target_cell=(20,15) target_mm=(25.40,19.05)
15:46:22 | INFO    | eda.writer             | [root] [M2_IN1] write_junction net=M2_IN1 target_cell=(59,15) target_mm=(74.93,19.05)
15:46:22 | INFO    | eda.writer             | [root] [M2_IN2] write_junction net=M2_IN2 target_cell=(50,17) target_mm=(63.50,21.59)
15:46:22 | INFO    | eda.writer             | [root] [MOTOR_3_A] write_junction net=MOTOR_3_A target_cell=(-11,89) target_mm=(-13.97,113.03)
15:46:22 | INFO    | eda.writer             | [root] [FAN_PWM_CTL] write_junction net=FAN_PWM_CTL target_cell=(81,28) target_mm=(102.87,35.56)
15:46:22 | INFO    | eda.writer             | [root] [CAN_TX] write_junction net=CAN_TX target_cell=(156,24) target_mm=(198.12,30.48)
15:46:22 | INFO    | eda.writer             | [root] [CANH] write_junction net=CANH target_cell=(174,28) target_mm=(220.98,35.56)
15:46:22 | INFO    | eda.writer             | [root] [CANH] write_junction net=CANH target_cell=(-2,97) target_mm=(-2.54,123.19)
15:46:22 | INFO    | eda.writer             | [root] [CANL] write_junction net=CANL target_cell=(158,30) target_mm=(200.66,38.10)
15:46:22 | INFO    | eda.writer             | [root] [CANL] write_junction net=CANL target_cell=(-4,99) target_mm=(-5.08,125.73)
15:46:22 | INFO    | eda.writer             | [root] [BTN_AC] [-] [U1:35] write_label net=BTN_AC pin=U1:35 cell=(55,133) mm=(69.85,168.91)
15:46:22 | INFO    | eda.writer             | [root] [BTN_AC] [-] [X_UI:BTN_AC] write_label net=BTN_AC pin=X_UI:BTN_AC cell=(246,19) mm=(312.42,24.13)
15:46:22 | INFO    | eda.writer             | [root] [BTN_RECIRC] [-] [U1:36] write_label net=BTN_RECIRC pin=U1:36 cell=(55,135) mm=(69.85,171.45)
15:46:22 | INFO    | eda.writer             | [root] [BTN_RECIRC] [-] [X_UI:BTN_RECIRC] write_label net=BTN_RECIRC pin=X_UI:BTN_RECIRC cell=(246,21) mm=(312.42,26.67)
15:46:22 | INFO    | eda.writer             | [root] [LED_DEFROST_GLASS_DRV] [-] [X_UI:LED_DEFROST_GLASS_DRV] write_label net=LED_DEFROST_GLASS_DRV pin=X_UI:LED_DEFROST_GLASS_DRV cell=(246,23) mm=(312.42,29.21)
15:46:22 | INFO    | eda.writer             | [root] [LED_DEFROST_GLASS_DRV] [-] [U1:50] write_label net=LED_DEFROST_GLASS_DRV pin=U1:50 cell=(55,101) mm=(69.85,128.27)
15:46:22 | INFO    | eda.writer             | [root] [LED_FEET_DRV] [-] [X_UI:LED_FEET_DRV] write_label net=LED_FEET_DRV pin=X_UI:LED_FEET_DRV cell=(246,27) mm=(312.42,34.29)
15:46:22 | INFO    | eda.writer             | [root] [LED_FEET_DRV] [-] [U1:56] write_label net=LED_FEET_DRV pin=U1:56 cell=(55,113) mm=(69.85,143.51)
15:46:22 | INFO    | eda.writer             | [root] [LED_RECIRC_DRV] [-] [X_UI:LED_RECIRC_DRV] write_label net=LED_RECIRC_DRV pin=X_UI:LED_RECIRC_DRV cell=(246,33) mm=(312.42,41.91)
15:46:22 | INFO    | eda.writer             | [root] [LED_RECIRC_DRV] [-] [U1:10] write_label net=LED_RECIRC_DRV pin=U1:10 cell=(27,91) mm=(34.29,115.57)
15:46:22 | INFO    | eda.writer             | [root] [FAN_SEL_ADC] [-] [X_UI:FAN_SEL_ADC] write_label net=FAN_SEL_ADC pin=X_UI:FAN_SEL_ADC cell=(246,37) mm=(312.42,46.99)
15:46:22 | INFO    | eda.writer             | [root] [NTC_HEAT] [-] [X_SEN_HEAT:NTC_HEAT] write_label net=NTC_HEAT pin=X_SEN_HEAT:NTC_HEAT cell=(218,28) mm=(276.86,35.56)
15:46:22 | INFO    | eda.writer             | [root] [NTC_HEAT] [-] [U1:17] write_label net=NTC_HEAT pin=U1:17 cell=(55,77) mm=(69.85,97.79)
15:46:22 | INFO    | eda.writer             | [root] [SOLAR_RAW] [-] [X_PWR:SOLAR_RAW] write_label net=SOLAR_RAW pin=X_PWR:SOLAR_RAW cell=(3,87) mm=(3.81,110.49)
15:46:22 | INFO    | eda.writer             | [root] [SOLAR_RAW] [-] [X_SEN_SOLAR:SOLAR_RAW] write_label net=SOLAR_RAW pin=X_SEN_SOLAR:SOLAR_RAW cell=(111,29) mm=(140.97,36.83)
15:46:22 | INFO    | eda.writer             | [root] [COND_RAW] [-] [X_PWR:COND_RAW] write_label net=COND_RAW pin=X_PWR:COND_RAW cell=(3,89) mm=(3.81,113.03)
15:46:22 | INFO    | eda.writer             | [root] [COND_RAW] [-] [X_SEN_COND:COND_RAW] write_label net=COND_RAW pin=X_SEN_COND:COND_RAW cell=(87,29) mm=(110.49,36.83)
15:46:22 | INFO    | eda.writer             | [root] [COND_ADC] [-] [U1:21] write_label net=COND_ADC pin=U1:21 cell=(55,81) mm=(69.85,102.87)
15:46:22 | INFO    | eda.writer             | [root] [COND_ADC] [-] [X_SEN_COND:COND_ADC] write_label net=COND_ADC pin=X_SEN_COND:COND_ADC cell=(102,27) mm=(129.54,34.29)
15:46:22 | INFO    | eda.writer             | [root] [FB_M2_RAW] [-] [X_PWR:FB_M2_RAW] write_label net=FB_M2_RAW pin=X_PWR:FB_M2_RAW cell=(3,91) mm=(3.81,115.57)
15:46:22 | INFO    | eda.writer             | [root] [FB_M2_RAW] [-] [X_ACT:FB_M2_RAW] write_label net=FB_M2_RAW pin=X_ACT:FB_M2_RAW cell=(33,13) mm=(41.91,16.51)
15:46:22 | INFO    | eda.writer             | [root] [MOTOR_3_A] [-] [X_ACT:MOTOR_3_A] write_label net=MOTOR_3_A pin=X_ACT:MOTOR_3_A cell=(48,17) mm=(60.96,21.59)
15:46:22 | INFO    | eda.writer             | [root] [MOTOR_3_B] [-] [X_PWR:MOTOR_3_B] write_label net=MOTOR_3_B pin=X_PWR:MOTOR_3_B cell=(18,91) mm=(22.86,115.57)
15:46:22 | INFO    | eda.writer             | [root] [MOTOR_3_B] [-] [X_ACT:MOTOR_3_B] write_label net=MOTOR_3_B pin=X_ACT:MOTOR_3_B cell=(48,19) mm=(60.96,24.13)
15:46:22 | INFO    | eda.writer             | [root] [FB_M3_RAW] [-] [X_PWR:FB_M3_RAW] write_label net=FB_M3_RAW pin=X_PWR:FB_M3_RAW cell=(3,93) mm=(3.81,118.11)
15:46:22 | INFO    | eda.writer             | [root] [FB_M3_RAW] [-] [X_ACT:FB_M3_RAW] write_label net=FB_M3_RAW pin=X_ACT:FB_M3_RAW cell=(33,19) mm=(41.91,24.13)
15:46:22 | INFO    | eda.writer             | [root] [FB_M3] [-] [U1:26] write_label net=FB_M3 pin=U1:26 cell=(55,105) mm=(69.85,133.35)
15:46:22 | INFO    | eda.writer             | [root] [FB_M3] [-] [X_ACT:FB_M3] write_label net=FB_M3 pin=X_ACT:FB_M3 cell=(48,21) mm=(60.96,26.67)
15:46:22 | INFO    | eda.writer             | [root] [M3_IN1] [-] [U1:57] write_label net=M3_IN1 pin=U1:57 cell=(55,115) mm=(69.85,146.05)
15:46:22 | INFO    | eda.writer             | [root] [M3_IN1] [-] [X_ACT:M3_IN1] write_label net=M3_IN1 pin=X_ACT:M3_IN1 cell=(33,21) mm=(41.91,26.67)
15:46:22 | INFO    | eda.writer             | [root] [M3_IN2] [-] [U1:58] write_label net=M3_IN2 pin=U1:58 cell=(55,117) mm=(69.85,148.59)
15:46:22 | INFO    | eda.writer             | [root] [M3_IN2] [-] [X_ACT:M3_IN2] write_label net=M3_IN2 pin=X_ACT:M3_IN2 cell=(33,23) mm=(41.91,29.21)
15:46:22 | INFO    | eda.writer             | [root] [MOTOR_4_A] [-] [X_PWR:MOTOR_4_A] write_label net=MOTOR_4_A pin=X_PWR:MOTOR_4_A cell=(18,93) mm=(22.86,118.11)
15:46:22 | INFO    | eda.writer             | [root] [MOTOR_4_A] [-] [X_ACT:MOTOR_4_A] write_label net=MOTOR_4_A pin=X_ACT:MOTOR_4_A cell=(48,23) mm=(60.96,29.21)
15:46:22 | INFO    | eda.writer             | [root] [MOTOR_4_B] [-] [X_PWR:MOTOR_4_B] write_label net=MOTOR_4_B pin=X_PWR:MOTOR_4_B cell=(18,95) mm=(22.86,120.65)
15:46:22 | INFO    | eda.writer             | [root] [MOTOR_4_B] [-] [X_ACT:MOTOR_4_B] write_label net=MOTOR_4_B pin=X_ACT:MOTOR_4_B cell=(48,25) mm=(60.96,31.75)
15:46:22 | INFO    | eda.writer             | [root] [FB_M4_RAW] [-] [X_PWR:FB_M4_RAW] write_label net=FB_M4_RAW pin=X_PWR:FB_M4_RAW cell=(3,95) mm=(3.81,120.65)
15:46:22 | INFO    | eda.writer             | [root] [FB_M4_RAW] [-] [X_ACT:FB_M4_RAW] write_label net=FB_M4_RAW pin=X_ACT:FB_M4_RAW cell=(33,25) mm=(41.91,31.75)
15:46:22 | INFO    | eda.writer             | [root] [FB_M4] [-] [U1:27] write_label net=FB_M4 pin=U1:27 cell=(55,107) mm=(69.85,135.89)
15:46:22 | INFO    | eda.writer             | [root] [FB_M4] [-] [X_ACT:FB_M4] write_label net=FB_M4 pin=X_ACT:FB_M4 cell=(48,27) mm=(60.96,34.29)
15:46:22 | INFO    | eda.writer             | [root] [M4_IN1] [-] [U1:59] write_label net=M4_IN1 pin=U1:59 cell=(55,119) mm=(69.85,151.13)
15:46:22 | INFO    | eda.writer             | [root] [M4_IN1] [-] [X_ACT:M4_IN1] write_label net=M4_IN1 pin=X_ACT:M4_IN1 cell=(33,27) mm=(41.91,34.29)
15:46:22 | INFO    | eda.writer             | [root] [M4_IN2] [-] [U1:2] write_label net=M4_IN2 pin=U1:2 cell=(27,113) mm=(34.29,143.51)
15:46:22 | INFO    | eda.writer             | [root] [M4_IN2] [-] [X_ACT:M4_IN2] write_label net=M4_IN2 pin=X_ACT:M4_IN2 cell=(33,29) mm=(41.91,36.83)
15:46:22 | INFO    | eda.writer             | [root] [HEAT_FAN_PWM_CTL] [-] [X_PWR:HEAT_FAN_PWM_CTL] write_label net=HEAT_FAN_PWM_CTL pin=X_PWR:HEAT_FAN_PWM_CTL cell=(18,101) mm=(22.86,128.27)
15:46:22 | INFO    | eda.writer             | [root] [HEAT_FAN_PWM_CTL] [-] [X_OUT:HEAT_FAN_PWM_CTL] write_label net=HEAT_FAN_PWM_CTL pin=X_OUT:HEAT_FAN_PWM_CTL cell=(78,24) mm=(99.06,30.48)
15:46:22 | INFO    | eda.writer             | [root] [M_FAN_CTL] [-] [U1:11] write_label net=M_FAN_CTL pin=U1:11 cell=(27,93) mm=(34.29,118.11)
15:46:22 | INFO    | eda.writer             | [root] [M_FAN_CTL] [-] [X_SEN_CABIN:M_FAN_CTL] write_label net=M_FAN_CTL pin=X_SEN_CABIN:M_FAN_CTL cell=(135,32) mm=(171.45,40.64)
15:46:22 | INFO    | eda.writer             | [root] [AC_CTL] [-] [U1:28] write_label net=AC_CTL pin=U1:28 cell=(55,109) mm=(69.85,138.43)
15:46:22 | INFO    | eda.writer             | [root] [AC_CTL] [-] [X_OUT:AC_CTL] write_label net=AC_CTL pin=X_OUT:AC_CTL cell=(63,30) mm=(80.01,38.10)
15:46:22 | INFO    | eda.writer             | [root] [AC_REQ_OUT] [-] [X_PWR:AC_REQ_OUT] write_label net=AC_REQ_OUT pin=X_PWR:AC_REQ_OUT cell=(3,97) mm=(3.81,123.19)
15:46:22 | INFO    | eda.writer             | [root] [AC_REQ_OUT] [-] [X_OUT:AC_REQ_OUT] write_label net=AC_REQ_OUT pin=X_OUT:AC_REQ_OUT cell=(63,32) mm=(80.01,40.64)
15:46:22 | INFO    | eda.writer             | [root] [ILLUM_IN_RAW] [-] [X_PWR:ILLUM_IN_RAW] write_label net=ILLUM_IN_RAW pin=X_PWR:ILLUM_IN_RAW cell=(3,99) mm=(3.81,125.73)
15:46:22 | INFO    | eda.writer             | [root] [ILLUM_IN_RAW] [-] [X_UI:ILLUM_IN_RAW] write_label net=ILLUM_IN_RAW pin=X_UI:ILLUM_IN_RAW cell=(227,17) mm=(288.29,21.59)
15:46:22 | INFO    | eda.writer             | [root] [ILLUM_SENSE] [-] [U1:8] write_label net=ILLUM_SENSE pin=U1:8 cell=(27,87) mm=(34.29,110.49)
15:46:22 | INFO    | eda.writer             | [root] [ILLUM_SENSE] [-] [X_UI:ILLUM_SENSE] write_label net=ILLUM_SENSE pin=X_UI:ILLUM_SENSE cell=(227,19) mm=(288.29,24.13)
15:46:22 | INFO    | eda.writer             | [root] [CAN_RX] [-] [U1:61] write_label net=CAN_RX pin=U1:61 cell=(55,121) mm=(69.85,153.67)
15:46:22 | INFO    | eda.writer             | [root] [CAN_RX] [-] [X_CAN:CAN_RX] write_label net=CAN_RX pin=X_CAN:CAN_RX cell=(174,26) mm=(220.98,33.02)
15:46:22 | INFO    | eda.writer             | [root] saved file=climate_control_niva_travel.kicad_sch components=12 sheets=10 sheet_pins=96 wires=9571 junctions=91 labels=58
